 2/1/2016 11:31:38 AM,0,521.7477,1,1,1,169.7962,8.70437,291.7457,0,1,1,1,1,1,1,1,1.818298,0,1010.518,1,1,1,1,1,1,148.8032,143.9375,1.710057,856.8188,1,2,1,1,2,7.753653,138.5029,260.7985,14.61164,1.719815,1.277443,0.7323241,0.3081062,2,1,247.9813,0.961138,186.1702,0,1,1,1,Attack
 2/1/2016 11:31:39 AM,0,522.1402,1,1,1,169.7962,8.70437,291.7457,0,1,1,1,1,1,1,1,1.818298,0,1010.678,1,1,1,1,1,1,148.8032,143.9375,1.710057,856.2805,1,2,1,1,2,7.754294,138.2979,260.7985,14.61164,1.719815,1.277443,0.7323241,0.3081062,2,1,247.9813,0.961138,186.1702,0,1,1,1,Attack
 2/1/2016 11:31:40 AM,0,522.572,1,1,1,169.8603,8.70437,291.7457,0,1,1,1,1,1,1,1,1.818298,0,1010.678,1,1,1,1,1,1,148.8032,143.9375,1.710057,856.2036,1,2,1,1,2,7.754294,138.2979,260.7985,14.61164,1.719815,1.275778,0.7323241,0.3086186,2,1,247.9813,0.961138,186.01,0,1,1,1,Attack
 2/1/2016 11:31:41 AM,0,522.6505,1,1,1,169.8923,8.70437,291.7457,0,1,1,1,1,1,1,1,1.818298,0,1010.758,1,1,1,1,1,1,148.8032,143.9375,1.706853,855.4345,1,2,1,1,2,7.754294,138.2979,260.7985,14.61164,1.719815,1.28167,0.7323241,0.3086186,2,1,247.9813,0.961138,186.01,0,1,1,1,Attack
 2/1/2016 11:31:42 AM,0,523.1215,1,1,1,169.8923,8.702448,291.7457,0,1,1,1,1,1,1,1,1.818298,0,1010.638,1,1,1,1,1,1,148.8032,143.9375,1.706597,855.3192,1,2,1,1,2,7.754294,138.2979,260.7985,14.61164,1.719559,1.279109,0.7323241,0.3086186,2,1,247.6288,0.961138,186.01,0,1,1,1,Attack
 2/1/2016 11:31:43 AM,0,523.043,1,1,1,169.8923,8.700846,291.7457,0,1,1,1,1,1,1,1,1.818298,0,1010.518,1,1,1,1,1,1,148.8032,143.9375,1.706597,854.7424,1,2,1,1,2,7.754294,138.2979,260.7985,14.61164,1.717124,1.272576,0.7323241,0.3086186,2,1,247.5167,0.961138,185.6415,0,1,1,1,Attack
 2/1/2016 11:31:44 AM,0,522.9252,1,1,1,169.8923,8.700846,291.6175,0,1,1,1,1,1,1,1,1.818298,0,1010.278,1,1,1,1,1,1,148.8032,143.9375,1.706597,854.627,1,2,1,1,2,7.754294,138.2979,260.7985,14.61164,1.717124,1.272192,0.7347566,0.3086186,2,1,247.5167,0.961138,185.6415,0,1,1,1,Attack
 2/1/2016 11:31:45 AM,0,523.043,1,1,1,169.8923,8.700846,291.6175,0,1,1,1,1,1,1,1,1.818298,0,1010.238,1,1,1,1,1,1,148.8032,143.9375,1.705571,854.4732,1,2,1,1,2,7.754294,138.2979,260.7985,14.61164,1.715329,1.272064,0.7353967,0.3081703,2,1,247.5167,0.961138,185.6415,0,1,1,1,Attack
 2/1/2016 11:31:46 AM,0,522.9252,1,1,1,169.8923,8.700846,291.5406,0,1,1,1,1,1,1,1,1.818298,0,1010.518,1,1,1,1,1,1,148.8032,143.9375,1.705187,854.3194,1,2,1,1,2,7.754294,138.2979,260.7985,14.61164,1.71456,1.272064,0.7353967,0.3081703,2,1,247.5167,0.961138,185.6415,0,1,1,1,Attack
 2/1/2016 11:31:47 AM,0,522.8467,1,1,1,169.8923,8.700846,291.515,0,1,1,1,1,1,1,1,1.818298,0,1010.438,1,1,1,1,1,1,148.8032,143.9375,1.703905,854.0502,1,2,1,1,2,7.754294,138.2979,260.7985,14.61164,1.713791,1.272064,0.7353967,0.3081703,2,1,247.5167,0.961138,185.6735,0,1,1,1,Attack
 2/1/2016 11:31:48 AM,0,523.2785,1,1,1,169.8923,8.700846,291.2586,0,1,1,1,1,1,1,1,1.818298,0,1010.158,1,1,1,1,1,1,148.8032,143.9375,1.703905,853.1658,1,2,1,1,2,7.754294,138.2979,260.7985,14.61164,1.713407,1.276547,0.7353967,0.3081703,2,1,247.5167,0.961138,185.8338,0,1,1,1,Attack
 2/1/2016 11:31:49 AM,0,522.9645,1,1,1,169.8923,8.700846,291.2586,0,1,1,1,1,1,1,1,1.818298,0,1010.358,1,1,1,1,1,1,148.8032,143.9375,1.706468,852.8967,1,2,1,1,2,7.754294,138.2979,260.7985,14.61164,1.713279,1.291277,0.7336044,0.3081703,2,1,247.6609,0.961138,185.9139,0,1,1,1,Attack
 2/1/2016 11:31:50 AM,0,523.2785,1,1,1,169.8923,8.700846,291.2586,0,1,1,1,1,1,1,1,1.818298,0,1010.158,1,1,1,1,1,1,148.8032,143.9375,1.706468,852.5506,1,2,1,1,2,7.754294,138.2979,260.7985,14.61164,1.713279,1.289228,0.7328362,0.3084265,2,1,247.741,0.961138,185.9139,0,1,1,1,Attack
 2/1/2016 11:31:51 AM,0,523.4748,1,1,1,169.8923,8.700846,291.2586,0,1,1,1,1,1,1,1,1.818298,0,1010.478,1,1,1,1,1,1,148.8032,143.9375,1.706468,852.243,1,2,1,1,2,7.754294,138.2979,260.7985,14.61164,1.716996,1.286153,0.7328362,0.3084265,2,1,247.741,0.961138,185.9139,0,1,1,1,Attack
 2/1/2016 11:31:52 AM,0,523.2785,1,1,1,169.8923,8.700846,291.2586,0,1,1,1,1,1,1,1,1.818298,0,1010.118,1,1,1,1,1,1,148.8032,143.9375,1.706468,851.9739,1,2,1,1,2,7.754294,138.2979,260.7985,14.61164,1.716996,1.292174,0.7328362,0.3084265,2,1,247.741,0.961138,185.9139,0,1,1,1,Attack
 2/1/2016 11:31:53 AM,0,523.1215,1,1,1,169.8923,8.700846,291.2586,0,1,1,1,1,1,1,1,1.818298,0,1010.358,1,1,1,1,1,1,148.8032,143.9375,1.706597,851.474,1,2,1,1,2,7.754294,138.2979,260.7985,14.61164,1.716996,1.288587,0.7328362,0.3084265,2,1,247.8371,0.961138,186.042,0,1,1,1,Attack
 2/1/2016 11:31:54 AM,0,522.6897,1,1,1,169.8923,8.700846,291.2586,0,1,1,1,1,1,1,1,1.818298,0,1010.718,1,1,1,1,1,1,148.8032,143.9375,1.708519,851.5894,1,2,1,1,2,7.754294,138.2979,260.7985,14.61164,1.716996,1.28641,0.7323241,0.3084265,2,1,247.9172,0.961138,186.0741,0,1,1,1,Attack
 2/1/2016 11:31:55 AM,0,522.7682,1,1,1,169.8923,8.700846,291.1049,0,1,1,1,1,1,1,1,1.818298,0,1011.039,1,1,1,1,1,1,148.8032,143.9375,1.709672,851.0895,1,2,1,1,2,7.753653,138.2979,260.7985,14.61164,1.716996,1.292174,0.7323241,0.3084265,2,1,247.9332,0.8169672,186.1221,0,1,1,1,Attack
 2/1/2016 11:31:56 AM,0,522.4935,1,1,1,169.8923,8.700846,291.1049,0,1,1,1,1,1,1,1,1.818298,0,1010.758,1,1,1,1,1,1,148.8032,143.9375,1.7098,850.7819,1,2,1,1,2,7.750769,138.2979,260.7985,14.61164,1.716996,1.284745,0.7323241,0.3084265,2,1,247.9332,0.8169672,186.2183,0,1,1,1,Attack
 2/1/2016 11:31:57 AM,0,521.9439,1,1,1,169.8923,8.700846,291.1049,0,1,1,1,1,1,1,1,1.818298,0,1010.518,1,1,1,1,1,1,148.8032,143.9375,1.7098,850.8972,1,2,1,1,2,7.750769,138.2979,260.7985,14.61164,1.716996,1.272832,0.7323241,0.3084265,2,1,247.9332,0.9771569,186.2183,0,1,1,1,Attack
 2/1/2016 11:31:58 AM,0,521.8654,1,1,1,169.8923,8.700846,291.1049,0,1,1,1,1,1,1,1,1.818298,0,1010.318,1,1,1,1,1,1,148.8032,143.9375,1.7098,850.6665,1,2,1,1,2,7.750769,138.2979,260.7985,14.61164,1.716996,1.271423,0.7323241,0.3084265,2,1,247.9332,0.9771569,186.2183,0,1,1,1,Attack
 2/1/2016 11:31:59 AM,0,521.7477,1,1,1,169.8923,8.700846,291.1049,0,1,1,1,1,1,1,1,1.818298,0,1010.558,1,1,1,1,1,1,148.8032,143.9375,1.7098,850.0128,1,2,1,1,2,7.750769,138.2979,260.7985,14.61164,1.716996,1.271423,0.7323241,0.3084265,2,1,247.9332,0.9771569,186.2183,0,1,1,1,Attack
 2/1/2016 11:32:00 AM,0,521.5906,1,1,1,169.8923,8.700846,291.1049,0,1,1,1,1,1,1,1,1.818298,0,1010.879,1,1,1,1,1,1,148.8032,143.9375,1.711595,849.4745,1,2,1,1,2,7.752692,138.2979,260.7985,14.61164,1.716996,1.284104,0.7323241,0.3084265,2,1,247.9332,0.9771569,186.2183,0,1,1,1,Attack
 2/1/2016 11:32:01 AM,0,521.8654,1,1,1,169.8923,8.698603,291.1049,0,1,1,1,1,1,1,1,1.818298,0,1011.119,1,1,1,1,1,1,148.8032,143.9375,1.711595,848.8977,1,2,1,1,2,7.752692,138.2979,260.7985,14.61164,1.716996,1.29243,0.7323241,0.3084265,2,1,247.9332,0.9771569,186.1221,0,1,1,1,Attack
 2/1/2016 11:32:02 AM,0,521.9047,1,1,1,169.8923,8.697641,291.1049,0,1,1,1,1,1,1,1,1.818298,0,1011.039,1,1,1,1,1,1,148.8032,143.9375,1.708263,848.7439,1,2,1,1,2,7.756217,138.2979,260.7985,14.61164,1.716996,1.302421,0.7323241,0.3084265,2,1,247.9332,0.9771569,186.1221,0,1,1,1,Attack
 2/1/2016 11:32:03 AM,0,522.1402,1,1,1,169.8923,8.697641,291.1049,0,1,1,1,1,1,1,1,1.818298,0,1011.039,1,1,1,1,1,1,148.8032,143.9375,1.705956,847.9364,1,2,1,1,2,7.756217,138.2979,260.7985,14.61164,1.716996,1.302677,0.7323241,0.3084265,2,1,247.9332,0.8970621,186.1221,0,1,1,1,Attack
 2/1/2016 11:32:04 AM,0,522.6897,1,1,1,169.8923,8.697641,291.1049,0,1,1,1,1,1,1,1,1.818298,0,1011.479,1,1,1,1,1,1,148.8032,143.9375,1.705956,847.7441,1,2,1,1,2,7.754294,138.2979,260.7985,14.61164,1.716996,1.293198,0.7323241,0.3084265,2,1,247.7089,0.8970621,185.9299,0,1,1,1,Attack
 2/1/2016 11:32:05 AM,0,522.5327,1,1,1,169.8923,8.697641,291.028,0,1,1,1,1,1,1,1,1.818298,0,1011.68,1,1,1,1,1,1,148.8032,143.9375,1.705956,847.4366,1,2,1,1,2,7.752371,138.2979,260.7985,14.61164,1.716996,1.289996,0.7323241,0.3084265,2,1,247.6769,0.8970621,185.9299,0,1,1,1,Attack
 2/1/2016 11:32:06 AM,0,522.729,1,1,1,169.8923,8.697641,290.8998,0,1,1,1,1,1,1,1,1.818298,0,1011.72,1,1,1,1,1,1,148.8032,143.9375,1.705956,847.3212,1,2,1,1,2,7.752371,138.2979,260.7985,14.61164,1.716996,1.282183,0.7323241,0.3084265,2,1,247.6769,0.8970621,185.9299,0,1,1,1,Attack
 2/1/2016 11:32:07 AM,0,522.3757,1,1,1,169.8923,8.697641,290.8998,0,1,1,1,1,1,1,1,1.818298,0,1011.72,1,1,1,1,1,1,148.8032,143.9375,1.705956,846.7829,1,2,1,1,2,7.752371,138.2979,260.7985,14.61164,1.716996,1.281927,0.7323241,0.31022,2,1,247.6769,0.8970621,185.9299,0,1,1,1,Attack
 2/1/2016 11:32:08 AM,0,522.3757,1,1,1,169.8923,8.700525,290.8998,0,1,1,1,1,1,1,1,1.818298,0,1011.72,1,1,1,1,1,1,148.8032,143.9375,1.704546,846.5906,1,2,1,1,2,7.752371,138.2979,260.7985,14.61164,1.716996,1.281927,0.7323241,0.3102841,2,1,247.7089,1.009195,185.9299,0,1,1,1,Attack
 2/1/2016 11:32:09 AM,0,522.2972,1,1,1,170.0205,8.701807,290.8998,0,1,1,1,1,1,1,1,1.818298,0,1011.52,1,1,1,1,1,1,148.8032,143.8093,1.703777,846.1677,1,2,1,1,2,7.752371,138.0928,260.7985,14.72699,1.716996,1.272832,0.7323241,0.309003,2,1,247.741,1.009195,185.9299,0,1,1,1,Attack
 2/1/2016 11:32:10 AM,0,522.4542,1,1,1,170.0205,8.701807,290.8998,0,1,1,1,1,1,1,1,1.818298,0,1011.68,1,1,1,1,1,1,148.8032,143.8093,1.703777,845.7831,1,2,1,1,2,7.752371,138.0928,260.7985,14.72699,1.716996,1.278468,0.7323241,0.3083624,2,1,247.741,0.8810431,185.9299,0,1,1,1,Attack
 2/1/2016 11:32:11 AM,0,522.2972,1,1,1,170.0205,8.701807,291.028,0,1,1,1,1,1,1,1,1.818298,0,1011.76,1,1,1,1,1,1,148.8032,143.7836,1.70634,845.5909,1,2,1,1,2,7.752371,138.0928,260.7985,14.72699,1.716996,1.282567,0.7323241,0.3083624,2,1,247.741,0.8810431,185.9299,0,1,1,1,Attack
 2/1/2016 11:32:12 AM,0,522.1402,1,1,1,170.0205,8.701807,291.028,0,1,1,1,1,1,1,1,1.818298,0,1011.88,1,1,1,1,1,1,148.8032,143.7836,1.70634,845.3217,1,2,1,1,2,7.752371,138.0928,260.7985,14.72699,1.716996,1.294095,0.7323241,0.3083624,2,1,247.741,0.8810431,185.9299,0,1,1,1,Attack
 2/1/2016 11:32:13 AM,0,522.1794,1,1,1,170.0205,8.701807,291.028,0,1,1,1,1,1,1,1,1.818298,0,1011.72,1,1,1,1,1,1,148.8032,143.7836,1.70634,844.9372,1,2,1,1,2,7.752371,138.0928,260.7985,14.72699,1.716996,1.302293,0.7323241,0.3083624,2,1,247.6609,0.8810431,185.8978,0,1,1,1,Attack
 2/1/2016 11:32:14 AM,0,521.9047,1,1,1,169.9244,8.701807,291.028,0,1,1,1,1,1,1,1,1.818298,0,1011.92,1,1,1,1,1,1,148.8032,143.7324,1.70429,844.8218,1,2,1,1,2,7.752371,138.0928,260.7985,14.72699,1.715714,1.296529,0.7323241,0.3083624,2,1,247.5487,0.8810431,185.8177,0,1,1,1,Attack
 2/1/2016 11:32:15 AM,0,521.9439,1,1,1,169.9244,8.700525,291.028,0,1,1,1,1,1,1,1,1.818298,0,1012.16,1,1,1,1,1,1,148.8032,143.6298,1.70429,844.2835,1,2,1,1,2,7.752371,138.0928,260.7985,14.72699,1.715201,1.292686,0.7323241,0.3083624,2,1,247.5487,0.8810431,185.8177,0,1,1,1,Attack
 2/1/2016 11:32:16 AM,0,521.7869,1,1,1,169.9244,8.700525,291.028,0,1,1,1,1,1,1,1,1.818298,0,1012.08,1,1,1,1,1,1,148.8032,260,1.70429,844.0912,1,2,1,1,2,7.752371,260,260.7985,14.99615,1.715201,1.281927,0.7323241,0.3083624,2,1,247.5487,0.8810431,185.8177,0,1,1,1,Attack
 2/1/2016 11:32:17 AM,0,521.9832,1,1,1,169.9244,8.697641,291.028,0,1,1,1,1,1,1,1,1.818298,0,1011.88,1,1,1,1,1,1,148.8032,260,1.702624,843.5914,1,2,1,1,2,7.752371,260,260.7985,14.99615,1.715842,1.281927,0.7323241,0.3083624,2,1,247.5487,0.961138,185.8177,0,1,1,1,Attack
 2/1/2016 11:32:18 AM,0,521.6691,1,1,1,169.9244,8.697641,291.028,0,1,1,1,1,1,1,1,1.818298,0,1012.441,1,1,1,1,1,1,148.8032,260,1.702624,843.1299,1,2,1,1,2,7.752371,260,260.7985,14.99615,1.717637,1.281927,0.7323241,0.3083624,2,1,247.5487,0.961138,185.8338,0,1,1,1,Attack
 2/1/2016 11:32:19 AM,0,521.7477,1,1,1,169.9244,8.697641,291.028,0,1,1,1,1,1,1,1,1.818298,0,1012.24,1,1,1,1,1,1,148.8032,260,1.702624,842.9377,1,2,1,1,2,7.752371,260,260.7985,14.8039,1.717637,1.27296,0.7323241,0.3083624,2,1,247.789,0.961138,186.0581,0,1,1,1,Attack
 2/1/2016 11:32:20 AM,0,521.7869,1,1,1,169.9244,8.697641,291.028,0,1,1,1,1,1,1,1,1.818298,0,1012.561,1,1,1,1,1,1,148.8032,260,1.705187,842.4379,1,2,1,1,2,7.752371,260,260.7985,14.8039,1.717637,1.277315,0.7323241,0.3083624,2,1,247.8691,0.961138,186.0581,0,1,1,1,Attack
 2/1/2016 11:32:21 AM,0,521.9832,1,1,1,169.9244,8.694757,291.028,0,1,1,1,1,1,1,1,1.818298,0,1012.521,1,1,1,1,1,1,148.8032,260,1.706212,842.1302,1,2,1,1,2,7.752371,260,260.7985,14.8039,1.717637,1.26963,0.7323241,0.3083624,2,1,247.9332,0.961138,186.0581,0,1,1,1,Attack
 2/1/2016 11:32:22 AM,0,521.7477,1,1,1,169.9244,8.693155,291.028,0,1,1,1,1,1,1,1,1.818298,0,1012.641,1,1,1,1,1,1,148.8032,260,1.707109,841.6304,1,2,1,1,2,7.752371,260,260.7985,14.8039,1.716996,1.261688,0.7323241,0.3083624,2,1,247.9332,0.961138,186.2183,0,1,1,1,Attack
 2/1/2016 11:32:23 AM,0,521.9439,1,1,1,169.9244,8.693155,291.028,0,1,1,1,1,1,1,1,1.818298,0,1012.481,1,1,1,1,1,1,148.8032,260,1.707109,841.092,1,2,1,1,2,7.752371,260,260.7985,14.8039,1.716996,1.271039,0.7323241,0.3083624,2,1,247.9492,0.961138,186.2183,0,1,1,1,Attack
 2/1/2016 11:32:24 AM,0,521.9047,1,1,1,169.9244,8.692194,291.028,0,1,1,1,1,1,1,1,1.818298,0,1012.321,1,1,1,1,1,1,148.8032,260,1.707109,840.9767,1,2,1,1,2,7.752371,260,260.7985,14.8039,1.716996,1.279237,0.7323241,0.3083624,2,1,247.9813,0.961138,186.2183,0,1,1,1,Attack
 2/1/2016 11:32:25 AM,0,522.0617,1,1,1,169.9244,8.692194,291.028,0,1,1,1,1,1,1,1,1.818298,0,1012.481,1,1,1,1,1,1,148.8032,260,1.708903,840.4768,1,2,1,1,2,7.752371,260,260.7985,14.8039,1.716996,1.291918,0.7323241,0.3083624,2,1,248.0614,0.961138,186.2183,0,1,1,1,Attack
 2/1/2016 11:32:26 AM,0,522.0617,1,1,1,169.9244,8.691553,291.028,0,1,1,1,1,1,1,1,1.818298,0,1012.04,1,1,1,1,1,1,148.8032,260,1.708903,840.2076,1,2,1,1,2,7.752371,260,260.7985,14.8039,1.716996,1.292558,0.7323241,0.3083624,2,1,248.0614,0.961138,186.2183,0,1,1,1,Attack
 2/1/2016 11:32:27 AM,0,521.7869,1,1,1,169.9244,8.691553,291.028,0,1,1,1,1,1,1,1,1.818298,0,1012.16,1,1,1,1,1,1,148.8032,260,1.708903,840.0538,1,2,1,1,2,7.752371,260,260.7985,14.8039,1.716996,1.292558,0.7323241,0.3081062,2,1,248.0614,0.961138,186.2183,0,1,1,1,Attack
 2/1/2016 11:32:28 AM,0,521.9439,1,1,1,169.9244,8.691553,291.028,0,1,1,1,1,1,1,1,1.818298,0,1011.88,1,1,1,1,1,1,148.8032,260,1.708903,839.2463,1,2,1,1,2,7.752371,260,260.7985,14.8039,1.716996,1.276162,0.7323241,0.3065689,2,1,248.0614,0.961138,186.2183,0,1,1,1,Attack
 2/1/2016 11:32:29 AM,0,521.9832,1,1,1,169.9244,8.691553,291.028,0,1,1,1,1,1,1,1,1.818298,0,1011.76,1,1,1,1,1,1,148.8032,260,1.707622,839.131,1,2,1,1,2,7.752371,260,260.7985,14.8039,1.716996,1.272576,0.7323241,0.3081062,2,1,248.0614,0.961138,186.2183,0,1,1,1,Attack
 2/1/2016 11:32:30 AM,0,522.3364,1,1,1,169.9244,8.689951,291.028,0,1,1,1,1,1,1,1,1.818298,0,1011.279,1,1,1,1,1,1,148.8032,260,1.70916,838.8234,1,2,1,1,2,7.752371,260,260.7985,14.8039,1.716996,1.272576,0.7323241,0.3082983,2,1,247.9332,0.961138,186.2183,0,1,1,1,Attack
 2/1/2016 11:32:31 AM,0,522.3757,1,1,1,169.9244,8.68899,291.028,0,1,1,1,1,1,1,1,1.818298,0,1011.68,1,1,1,1,1,1,148.8032,260,1.70916,838.285,1,2,1,1,2,7.752371,260,260.7985,14.8039,1.716996,1.287562,0.7323241,0.3084265,2,1,247.9332,0.961138,186.2183,0,1,1,1,Attack
 2/1/2016 11:32:32 AM,0,522.4542,1,1,1,169.9244,8.68899,291.028,0,1,1,1,1,1,1,1,1.818298,0,1011.479,1,1,1,1,1,1,148.8032,260,1.70916,837.7852,1,2,1,1,2,7.752371,260,260.7985,14.8039,1.716996,1.29243,0.7323241,0.3084265,2,1,247.9332,0.961138,186.042,0,1,1,1,Attack
 2/1/2016 11:32:33 AM,0,522.572,1,1,1,169.9244,8.68899,291.028,0,1,1,1,1,1,1,1,1.818298,0,1011.359,1,1,1,1,1,1,148.8032,260,1.70916,837.5544,1,2,1,1,2,7.752371,260,260.7985,14.8039,1.716996,1.29243,0.7323241,0.3084265,2,1,247.9332,0.961138,186.042,0,1,1,1,Attack
 2/1/2016 11:32:34 AM,0,522.729,1,1,1,169.9244,8.68899,291.028,0,1,1,1,1,1,1,1,1.818298,0,1011.279,1,1,1,1,1,1,148.8032,260,1.70916,837.939,1,2,1,1,2,7.753653,260,260.7985,14.8039,1.714817,1.29243,0.7323241,0.3084265,2,1,247.9332,0.961138,186.042,0,1,1,1,Attack
 2/1/2016 11:32:35 AM,0,522.729,1,1,1,169.9244,8.68899,291.028,0,1,1,1,1,1,1,1,1.818298,0,1011.239,1,1,1,1,1,1,148.8032,260,1.708134,837.3238,1,2,1,1,2,7.753653,260,260.7985,14.8039,1.714817,1.280389,0.7323241,0.3084265,2,1,247.9332,0.961138,186.042,0,1,1,1,Attack
 2/1/2016 11:32:36 AM,0,522.729,1,1,1,169.9244,8.68899,291.028,0,1,1,1,1,1,1,1,1.818298,0,1011.239,1,1,1,1,1,1,148.8032,260,1.708134,837.3238,1,2,1,1,2,7.753653,260,260.7985,14.8039,1.714817,1.280389,0.7323241,0.3084265,2,1,247.9332,0.961138,186.042,0,1,1,1,Attack
 2/1/2016 11:32:37 AM,0,522.3364,1,1,1,169.9244,8.690592,291.028,0,1,1,1,1,1,1,1,1.818298,0,1011.359,1,1,1,1,1,1,148.8032,260,1.706212,836.9393,1,2,1,1,2,7.753653,260,260.7985,14.8039,1.714817,1.277828,0.7323241,0.3084265,2,1,247.9332,0.961138,186.042,0,1,1,1,Attack
 2/1/2016 11:32:38 AM,0,522.3364,1,1,1,169.9244,8.692194,291.028,0,1,1,1,1,1,1,1,1.818298,0,1011.479,1,1,1,1,1,1,148.8032,260,1.706212,836.9777,1,2,1,1,2,7.753653,260,260.7985,14.8039,1.714817,1.273473,0.7323241,0.3084265,2,1,247.9332,0.961138,186.1382,0,1,1,1,Attack
 2/1/2016 11:32:39 AM,0,522.0617,1,1,1,169.9244,8.692194,291.028,0,1,1,1,1,1,1,1,1.818298,0,1011.72,1,1,1,1,1,1,148.8032,260,1.706212,836.5932,1,2,1,1,2,7.753653,260,260.7985,14.8039,1.714817,1.28705,0.7323241,0.3084265,2,1,247.9332,0.961138,186.1382,0,1,1,1,Attack
 2/1/2016 11:32:40 AM,0,521.6691,1,1,1,169.9244,8.692194,291.028,0,1,1,1,1,1,1,1,1.818298,0,1011.64,1,1,1,1,1,1,148.8032,260,1.704546,836.4009,1,2,1,1,2,7.753653,260,260.7985,14.8039,1.715842,1.292686,0.7323241,0.3084265,2,1,247.9332,0.961138,186.1382,0,1,1,1,Attack
 2/1/2016 11:32:41 AM,0,521.5121,1,1,1,169.9244,8.695719,291.028,0,1,1,1,1,1,1,1,1.818298,0,1011.76,1,1,1,1,1,1,148.8032,260,1.704546,835.978,1,2,1,1,2,7.753653,260,260.7985,14.8039,1.717637,1.292686,0.7323241,0.3084265,2,1,247.9332,0.961138,186.1382,0,1,1,1,Attack
 2/1/2016 11:32:42 AM,0,521.1981,1,1,1,169.9244,8.695719,291.028,0,1,1,1,1,1,1,1,1.818298,0,1011.52,1,1,1,1,1,1,148.8032,260,1.704546,836.0549,1,2,1,1,2,7.753653,260,260.7985,14.8039,1.717637,1.290893,0.7323241,0.3084265,2,1,247.9332,0.8650241,186.1382,0,1,1,1,Attack
 2/1/2016 11:32:43 AM,0,521.0018,1,1,1,169.9244,8.695719,291.028,0,1,1,1,1,1,1,1,1.818298,0,1011.68,1,1,1,1,1,1,148.8032,260,1.704546,835.3627,1,2,1,1,2,7.753653,260,260.7985,14.8039,1.717637,1.282951,0.7323241,0.3084265,2,1,247.9332,0.8650241,186.1382,0,1,1,1,Attack
 2/1/2016 11:32:44 AM,0,521.1981,1,1,1,169.9244,8.697641,291.028,0,1,1,1,1,1,1,1,1.818298,0,1011.319,1,1,1,1,1,1,148.8032,260,1.7057,835.2089,1,2,1,1,2,7.753653,260,260.7985,14.8039,1.717252,1.282311,0.7323241,0.3084265,2,1,247.9332,0.8650241,186.1382,0,1,1,1,Attack
 2/1/2016 11:32:45 AM,0,521.2766,1,1,1,169.9244,8.700205,291.028,0,1,1,1,1,1,1,1,1.818298,0,1011.439,1,1,1,1,1,1,148.8032,260,1.707622,834.6706,1,2,1,1,2,7.753653,260,260.7985,14.8039,1.717252,1.282311,0.7323241,0.3084265,2,1,247.9332,0.8650241,186.1382,0,1,1,1,Attack
 2/1/2016 11:32:46 AM,0,520.8841,1,1,1,169.9244,8.700205,291.028,0,1,1,1,1,1,1,1,1.818298,0,1011.52,1,1,1,1,1,1,148.8032,260,1.708134,834.4399,1,2,1,1,2,7.753653,260,260.7985,14.8039,1.717252,1.288843,0.7323241,0.3084265,2,1,247.9332,0.8650241,186.1382,0,1,1,1,Attack
 2/1/2016 11:32:47 AM,0,520.9626,1,1,1,169.9244,8.700205,291.028,0,1,1,1,1,1,1,1,1.818298,0,1011.359,1,1,1,1,1,1,148.8032,260,1.708775,834.2861,1,2,1,1,2,7.753653,260,260.7985,14.99615,1.717252,1.28372,0.7323241,0.3084265,2,1,247.9332,0.8970621,186.1382,0,1,1,1,Attack
 2/1/2016 11:32:48 AM,0,521.0018,1,1,1,169.9244,8.697641,291.028,0,1,1,1,1,1,1,1,1.818298,0,1011.68,1,1,1,1,1,1,148.8032,260,1.708775,833.7093,1,2,1,1,2,7.752051,260,260.7985,14.99615,1.717252,1.273216,0.7323241,0.3084265,2,1,247.9332,0.9771569,186.1382,0,1,1,1,Attack
 2/1/2016 11:32:49 AM,0,520.7664,1,1,1,169.9244,8.697641,291.028,0,1,1,1,1,1,1,1,1.818298,0,1011.039,1,1,1,1,1,1,148.8032,260,1.708775,833.3632,1,2,1,1,2,7.752051,260,260.7985,14.99615,1.717252,1.271679,0.7323241,0.3084265,2,1,247.9332,0.9771569,186.1382,0,1,1,1,Attack
 2/1/2016 11:32:50 AM,0,521.0018,1,1,1,169.9244,8.697641,291.028,0,1,1,1,1,1,1,1,1.818298,0,1011.319,1,1,1,1,1,1,148.8032,260,1.708775,832.7095,1,2,1,1,2,7.752051,260,260.7985,14.99615,1.717252,1.271679,0.7323241,0.3084265,2,1,247.9332,0.9771569,186.1382,0,1,1,1,Attack
 2/1/2016 11:32:51 AM,0,521.1196,1,1,1,169.9244,8.697641,291.028,0,1,1,1,1,1,1,1,1.818298,0,1011.119,1,1,1,1,1,1,148.8032,260,1.708775,832.402,1,2,1,1,2,7.752051,260,260.7985,14.99615,1.717252,1.275522,0.7328362,0.3084265,2,1,247.9332,0.9771569,186.1382,0,1,1,1,Attack
 2/1/2016 11:32:52 AM,0,521.4729,1,1,1,169.9244,8.697641,291.028,0,1,1,1,1,1,1,1,1.818298,0,1011.279,1,1,1,1,1,1,148.8032,260,1.710057,831.979,1,2,1,1,2,7.752051,260,260.7985,14.8039,1.717252,1.281798,0.7328362,0.3084265,2,1,247.9332,0.8970621,186.1382,0,1,1,1,Attack
 2/1/2016 11:32:53 AM,0,521.4729,1,1,1,169.9244,8.697641,290.9254,0,1,1,1,1,1,1,1,1.818298,0,1011.359,1,1,1,1,1,1,148.8032,260,1.710826,831.5945,1,2,1,1,2,7.752051,260,260.7985,14.8039,1.717252,1.282183,0.7328362,0.3084265,2,1,247.9332,0.8970621,186.1382,0,1,1,1,Attack
 2/1/2016 11:32:54 AM,0,521.8654,1,1,1,169.9244,8.697641,290.9254,0,1,1,1,1,1,1,1,1.818298,0,1011.079,1,1,1,1,1,1,148.8032,260,1.710826,830.9792,1,2,1,1,2,7.752051,260,260.7985,14.8039,1.717252,1.271295,0.7328362,0.3084265,2,1,247.9332,0.8970621,186.1382,0,1,1,1,Attack
 2/1/2016 11:32:55 AM,0,522.101,1,1,1,169.9244,8.697641,290.9254,0,1,1,1,1,1,1,1,1.818298,0,1011.279,1,1,1,1,1,1,148.8032,260,1.710826,830.787,1,2,1,1,2,7.752371,260,260.7985,14.8039,1.717252,1.271295,0.7328362,0.3084265,2,1,247.9332,0.8970621,186.1382,0,1,1,1,Attack
 2/1/2016 11:32:56 AM,0,522.6897,1,1,1,169.9244,8.697641,290.9254,0,1,1,1,1,1,1,1,1.818298,0,1011.039,1,1,1,1,1,1,148.8032,260,1.709416,829.8641,1,2,1,1,2,7.753973,260,260.7985,14.8039,1.717252,1.264891,0.7328362,0.3084265,2,1,247.9332,0.8970621,186.1382,0,1,1,1,Attack
 2/1/2016 11:32:57 AM,0,522.6897,1,1,1,169.9244,8.697641,290.9254,0,1,1,1,1,1,1,1,1.818298,0,1011.119,1,1,1,1,1,1,148.8032,260,1.709416,830.2102,1,2,1,1,2,7.753973,260,260.7985,14.8039,1.71597,1.26361,0.7328362,0.3084265,2,1,247.9332,0.8970621,186.1382,0,1,1,1,Attack
 2/1/2016 11:32:58 AM,0,522.7682,1,1,1,169.9244,8.697641,290.9254,0,1,1,1,1,1,1,1,1.818298,0,1010.879,1,1,1,1,1,1,148.8032,260,1.709416,829.7103,1,2,1,1,2,7.753973,260,260.7985,14.8039,1.715329,1.272064,0.7328362,0.3084265,2,1,247.9332,0.8970621,186.1382,0,1,1,1,Attack
 2/1/2016 11:32:59 AM,0,522.572,1,1,1,169.9244,8.697962,290.9254,0,1,1,1,1,1,1,1,1.818298,0,1010.879,1,1,1,1,1,1,148.8032,260,1.709416,829.7872,1,2,1,1,2,7.753973,260,260.7985,14.8039,1.715329,1.269117,0.7328362,0.3084265,2,1,247.9332,0.9771569,186.1382,0,1,1,1,Attack
 2/1/2016 11:33:00 AM,0,522.729,1,1,1,169.9244,8.700205,290.9254,0,1,1,1,1,1,1,1,1.818298,0,1010.879,1,1,1,1,1,1,148.8032,260,1.707878,829.2489,1,2,1,1,2,7.755255,260,260.7985,14.8039,1.715329,1.262585,0.7328362,0.3084265,2,1,247.9332,0.9771569,186.0741,0,1,1,1,Attack
 2/1/2016 11:33:01 AM,0,522.9645,1,1,1,169.9244,8.700205,290.9254,0,1,1,1,1,1,1,1,1.818298,0,1010.959,1,1,1,1,1,1,148.8032,260,1.706597,829.1335,1,2,1,1,2,7.755255,260,260.7985,14.8039,1.715329,1.261432,0.7328362,0.3082983,2,1,247.9332,0.9771569,186.042,0,1,1,1,Attack
 2/1/2016 11:33:02 AM,0,522.729,1,1,1,169.9244,8.700205,290.9254,0,1,1,1,1,1,1,1,1.818298,0,1011.079,1,1,1,1,1,1,148.8032,260,1.706597,828.6337,1,2,1,1,2,7.755255,260,260.7985,14.91925,1.715329,1.261432,0.7328362,0.3082983,2,1,247.9332,0.9771569,186.042,0,1,1,1,Attack
 2/1/2016 11:33:03 AM,0,522.9645,1,1,1,169.9244,8.700205,291.028,0,1,1,1,1,1,1,1,1.818298,0,1010.919,1,1,1,1,1,1,148.8032,260,1.706597,828.3645,1,2,1,1,2,7.755255,260,260.7985,15.11151,1.716611,1.261432,0.7328362,0.3082983,2,1,247.9332,0.9771569,186.042,0,1,1,1,Attack
 2/1/2016 11:33:04 AM,0,522.9645,1,1,1,169.9244,8.700205,291.1049,0,1,1,1,1,1,1,1,1.818298,0,1011.079,1,1,1,1,1,1,148.8032,260,1.706853,827.8646,1,2,1,1,2,7.755255,260,260.7985,15.11151,1.716611,1.268861,0.7328362,0.3082983,2,1,247.9332,0.9771569,186.3304,0,1,1,1,Attack
 2/1/2016 11:33:05 AM,0,523.1215,1,1,1,169.9244,8.699564,291.1049,0,1,1,1,1,1,1,1,1.818298,0,1011.119,1,1,1,1,1,1,148.8032,260,1.708391,827.8646,1,2,1,1,2,7.757498,260,260.7985,15.11151,1.717252,1.281286,0.7328362,0.3082983,2,1,247.9332,0.9771569,186.3304,0,1,1,1,Attack
 2/1/2016 11:33:06 AM,0,523.2785,1,1,1,169.9244,8.695719,291.1049,0,1,1,1,1,1,1,1,1.818298,0,1011.239,1,1,1,1,1,1,148.8032,260,1.708519,827.2879,1,2,1,1,2,7.757498,260,260.7985,14.84235,1.717252,1.278596,0.7355248,0.3082983,2,1,247.9332,0.9771569,186.3304,0,1,1,1,Attack
 2/1/2016 11:33:07 AM,0,523.043,1,1,1,169.9244,8.695719,291.1049,0,1,1,1,1,1,1,1,1.818298,0,1010.879,1,1,1,1,1,1,148.8032,260,1.708519,827.1341,1,2,1,1,2,7.757498,260,260.7985,14.84235,1.717252,1.263097,0.7355248,0.3082983,2,1,247.9332,1.009195,186.0741,0,1,1,1,Attack
 2/1/2016 11:33:08 AM,0,523.0823,1,1,1,169.9244,8.695719,291.1049,0,1,1,1,1,1,1,1,1.818298,0,1010.638,1,1,1,1,1,1,148.8032,260,1.708519,826.3651,1,2,1,1,2,7.754614,260,260.7985,14.84235,1.717252,1.262329,0.7355248,0.3082983,2,1,247.9332,1.009195,186.0741,0,1,1,1,Attack
 2/1/2016 11:33:09 AM,0,522.9252,1,1,1,169.9244,8.695719,291.1049,0,1,1,1,1,1,1,1,1.818298,0,1010.758,1,1,1,1,1,1,148.8032,260,1.708519,826.442,1,2,1,1,2,7.754614,260,260.7985,14.84235,1.717252,1.254771,0.7345005,0.3082983,2,1,247.8531,1.009195,186.0741,0,1,1,1,Attack
 2/1/2016 11:33:10 AM,0,522.9645,1,1,1,169.9244,8.695719,291.1049,0,1,1,1,1,1,1,1,1.818298,0,1010.478,1,1,1,1,1,1,148.8032,260,1.707109,826.1343,1,2,1,1,2,7.754614,260,260.7985,14.9577,1.717252,1.255924,0.7345005,0.3082983,2,1,247.8371,0.8970621,186.0741,0,1,1,1,Attack
 2/1/2016 11:33:11 AM,0,522.9252,1,1,1,169.9244,8.697641,291.1049,0,1,1,1,1,1,1,1,1.818298,0,1010.959,1,1,1,1,1,1,148.8032,260,1.705828,826.4035,1,2,1,1,2,7.754614,260,260.7985,14.99615,1.717252,1.261432,0.7345005,0.3082983,2,1,247.8371,0.8970621,186.042,0,1,1,1,Attack
 2/1/2016 11:33:12 AM,0,523.1608,1,1,1,169.9244,8.697641,291.1049,0,1,1,1,1,1,1,1,1.818298,0,1011.079,1,1,1,1,1,1,148.8032,260,1.705059,826.2112,1,2,1,1,2,7.754614,260,260.7985,14.99615,1.717252,1.25887,0.7345005,0.3082983,2,1,247.7089,0.8970621,185.9139,0,1,1,1,Attack
 2/1/2016 11:33:13 AM,0,523.1608,1,1,1,169.9244,8.699244,291.1049,0,1,1,1,1,1,1,1,1.818298,0,1010.959,1,1,1,1,1,1,148.8032,260,1.704418,825.4807,1,2,1,1,2,7.754614,260,260.7985,14.99615,1.717252,1.257974,0.7345005,0.3082983,2,1,247.7089,0.8970621,185.9139,0,1,1,1,Attack
 2/1/2016 11:33:14 AM,0,523.0823,1,1,1,169.9244,8.699244,291.1049,0,1,1,1,1,1,1,1,1.818298,0,1010.758,1,1,1,1,1,1,148.8032,260,1.703777,825.2499,1,2,1,1,2,7.757498,260,260.7985,14.99615,1.717252,1.261816,0.7345005,0.3082983,2,1,247.7089,1.009195,185.9139,0,1,1,1,Attack
 2/1/2016 11:33:15 AM,0,523.1608,1,1,1,169.9244,8.699244,291.1049,0,1,1,1,1,1,1,1,1.818298,0,1010.758,1,1,1,1,1,1,148.8032,260,1.703777,824.2886,1,2,1,1,2,7.757498,260,260.7985,14.99615,1.716355,1.261816,0.7345005,0.3082983,2,1,247.7089,1.009195,185.9139,0,1,1,1,Attack
 2/1/2016 11:33:16 AM,0,522.9645,1,1,1,169.9244,8.699244,291.1049,0,1,1,1,1,1,1,1,1.818298,0,1010.558,1,1,1,1,1,1,148.8032,260,1.706597,823.981,1,2,1,1,2,7.757498,260,260.7985,14.99615,1.714689,1.277956,0.7332203,0.3082983,2,1,247.7089,1.009195,185.9139,0,1,1,1,Attack
 2/1/2016 11:33:17 AM,0,522.9252,1,1,1,169.9244,8.699244,291.1049,0,1,1,1,1,1,1,1,1.818298,0,1010.839,1,1,1,1,1,1,148.8032,260,1.706597,823.7119,1,2,1,1,2,7.755576,260,260.7985,14.99615,1.714689,1.276803,0.7328362,0.309003,2,1,247.7089,1.009195,185.9139,0,1,1,1,Attack
 2/1/2016 11:33:18 AM,0,523.1215,1,1,1,169.9244,8.699244,291.1049,0,1,1,1,1,1,1,1,1.818298,0,1010.919,1,1,1,1,1,1,148.8032,260,1.708263,823.3273,1,2,1,1,2,7.755576,260,260.7985,14.99615,1.714689,1.272192,0.7328362,0.3093873,2,1,247.7089,1.009195,185.9619,0,1,1,1,Attack
 2/1/2016 11:33:19 AM,0,523.7496,1,1,1,169.9244,8.699244,291.1049,0,1,1,1,1,1,1,1,1.818298,0,1011.119,1,1,1,1,1,1,148.8032,260,1.708775,823.2504,1,2,1,1,2,7.755576,260,260.7985,14.99615,1.714689,1.271935,0.7328362,0.3084265,2,1,247.8531,1.009195,186.0901,0,1,1,1,Attack
 2/1/2016 11:33:20 AM,0,523.514,1,1,1,169.9244,8.699244,291.1049,0,1,1,1,1,1,1,1,1.818298,0,1011.319,1,1,1,1,1,1,148.8032,260,1.708775,822.7505,1,2,1,1,2,7.755576,260,260.7985,14.99615,1.714689,1.271935,0.7342445,0.3084265,2,1,247.8531,1.009195,186.0901,0,1,1,1,Attack
 2/1/2016 11:33:21 AM,0,523.5533,1,1,1,169.9244,8.699244,291.1049,0,1,1,1,1,1,1,1,1.818298,0,1011.239,1,1,1,1,1,1,148.8032,260,1.708775,822.2507,1,2,1,1,2,7.755576,260,260.7985,14.99615,1.714689,1.279365,0.7342445,0.3094513,2,1,247.9012,1.009195,186.2183,0,1,1,1,Attack
 2/1/2016 11:33:22 AM,0,523.671,1,1,1,169.9244,8.699244,291.1049,0,1,1,1,1,1,1,1,1.818298,0,1011.159,1,1,1,1,1,1,148.8032,260,1.708775,821.9816,1,2,1,1,2,7.755576,260,260.7985,14.99615,1.714689,1.291789,0.7327082,0.3094513,2,1,247.9973,1.009195,186.2183,0,1,1,1,Attack
 2/1/2016 11:33:23 AM,0,523.7103,1,1,1,169.9244,8.697321,291.2586,0,1,1,1,1,1,1,1,1.818298,0,1011.68,1,1,1,1,1,1,148.8032,260,1.70916,821.2894,1,2,1,1,2,7.755576,260,260.7985,14.99615,1.714689,1.286282,0.7325801,0.3094513,2,1,247.9973,1.009195,186.2183,0,1,1,1,Attack
 2/1/2016 11:33:24 AM,0,523.671,1,1,1,169.9244,8.697321,291.2586,0,1,1,1,1,1,1,1,1.818298,0,1011.319,1,1,1,1,1,1,148.8032,260,1.710057,821.0203,1,2,1,1,2,7.755576,260,260.7985,14.99615,1.714689,1.282439,0.7325801,0.3086186,2,1,247.9973,0.8970621,186.2183,0,1,1,1,Attack
 2/1/2016 11:33:25 AM,0,523.8281,1,1,1,169.9244,8.697321,291.2586,0,1,1,1,1,1,1,1,1.818298,0,1011.52,1,1,1,1,1,1,148.8032,260,1.710057,820.3666,1,2,1,1,2,7.755576,260,260.7985,14.99615,1.714689,1.270911,0.7325801,0.3086186,2,1,247.9973,0.8970621,186.2183,0,1,1,1,Attack
 2/1/2016 11:33:26 AM,0,523.671,1,1,1,169.9244,8.697321,291.2586,0,1,1,1,1,1,1,1,1.818298,0,1011.72,1,1,1,1,1,1,148.8032,260,1.710057,820.1743,1,2,1,1,2,7.755576,260,260.7985,14.99615,1.714689,1.261944,0.7325801,0.3086186,2,1,247.9973,0.8970621,186.2183,0,1,1,1,Attack
 2/1/2016 11:33:27 AM,0,523.4355,1,1,1,169.9244,8.697321,291.2586,0,1,1,1,1,1,1,1,1.818298,0,1011.68,1,1,1,1,1,1,148.8032,260,1.710057,819.3668,1,2,1,1,2,7.755576,260,260.7985,14.99615,1.717765,1.270398,0.7338604,0.3083624,2,1,247.9973,0.8970621,186.2183,0,1,1,1,Attack
 2/1/2016 11:33:28 AM,0,523.1608,1,1,1,169.9244,8.697321,291.2586,0,1,1,1,1,1,1,1,1.818298,0,1011.479,1,1,1,1,1,1,148.8032,260,1.708263,819.2899,1,2,1,1,2,7.755576,260,260.7985,14.99615,1.717765,1.273216,0.7338604,0.3083624,2,1,248.1575,0.8970621,186.2183,0,1,1,1,Attack
 2/1/2016 11:33:29 AM,0,523.043,1,1,1,169.9244,8.697321,291.2586,0,1,1,1,1,1,1,1,1.818298,0,1011.56,1,1,1,1,1,1,148.8032,260,1.708263,818.4824,1,2,1,1,2,7.755576,260,260.7985,14.99615,1.717765,1.281927,0.7341164,0.3083624,2,1,248.1575,0.8970621,186.2183,0,1,1,1,Attack
 2/1/2016 11:33:30 AM,0,522.729,1,1,1,169.9244,8.697321,291.2586,0,1,1,1,1,1,1,1,1.818298,0,1011.88,1,1,1,1,1,1,148.8032,260,1.705828,818.5978,1,2,1,1,2,7.755576,260,260.7985,14.99615,1.717765,1.281927,0.7347566,0.3083624,2,1,248.1575,0.945119,186.2183,0,1,1,1,Attack
 2/1/2016 11:33:31 AM,0,522.572,1,1,1,169.9244,8.697321,291.2586,0,1,1,1,1,1,1,1,1.818298,0,1011.88,1,1,1,1,1,1,148.8032,260,1.704674,817.8287,1,2,1,1,2,7.755576,260,260.7985,14.99615,1.717765,1.281927,0.7347566,0.3083624,2,1,248.1575,1.025214,186.2183,0,1,1,1,Attack
 2/1/2016 11:33:32 AM,0,522.4542,1,1,1,169.9244,8.697321,291.2586,0,1,1,1,1,1,1,1,1.818298,0,1011.96,1,1,1,1,1,1,148.8032,260,1.704034,817.252,1,2,1,1,2,7.755576,260,260.7985,14.99615,1.717765,1.281927,0.7347566,0.3083624,2,1,248.1575,1.025214,186.2183,0,1,1,1,Attack
 2/1/2016 11:33:33 AM,0,522.2972,1,1,1,169.9244,8.697321,291.2586,0,1,1,1,1,1,1,1,1.818298,0,1011.76,1,1,1,1,1,1,148.8032,260,1.704034,816.7521,1,2,1,1,2,7.755576,260,260.7985,14.99615,1.717765,1.275394,0.7347566,0.3083624,2,1,248.1575,1.025214,186.2183,0,1,1,1,Attack
 2/1/2016 11:33:34 AM,0,522.0617,1,1,1,169.9244,8.697321,291.2586,0,1,1,1,1,1,1,1,1.818298,0,1011.72,1,1,1,1,1,1,148.8032,260,1.706853,816.7137,1,2,1,1,2,7.755576,260,260.7985,14.99615,1.717124,1.284745,0.7332203,0.3083624,2,1,248.1575,1.025214,186.2183,0,1,1,1,Attack
 2/1/2016 11:33:35 AM,0,522.101,1,1,1,169.9244,8.697321,291.2586,0,1,1,1,1,1,1,1,1.818298,0,1011.279,1,1,1,1,1,1,148.8032,260,1.706853,816.3676,1,2,1,1,2,7.755576,260,260.7985,14.99615,1.71597,1.291149,0.7328362,0.3083624,2,1,247.9492,1.009195,186.2183,0,1,1,1,Attack
 2/1/2016 11:33:36 AM,0,522.0617,1,1,1,169.9244,8.697321,291.2586,0,1,1,1,1,1,1,1,1.818298,0,1011.159,1,1,1,1,1,1,148.8032,260,1.704931,815.5601,1,2,1,1,2,7.754294,260,260.7985,14.99615,1.715714,1.282439,0.7328362,0.3083624,2,1,247.9492,0.9291,186.2183,0,1,1,1,Attack
 2/1/2016 11:33:37 AM,0,522.3757,1,1,1,169.9244,8.697321,291.2586,0,1,1,1,1,1,1,1,1.818298,0,1011.319,1,1,1,1,1,1,148.8032,260,1.703905,815.4063,1,2,1,1,2,7.753012,260,260.7985,14.99615,1.715714,1.276162,0.7328362,0.3083624,2,1,247.9492,0.9291,186.0581,0,1,1,1,Attack
 2/1/2016 11:33:38 AM,0,522.3364,1,1,1,169.9244,8.697321,291.2586,0,1,1,1,1,1,1,1,1.818298,0,1011.079,1,1,1,1,1,1,148.8032,260,1.703905,815.3679,1,2,1,1,2,7.753012,260,260.7985,14.99615,1.715714,1.265915,0.7328362,0.3083624,2,1,247.741,0.9291,186.0581,0,1,1,1,Attack
 2/1/2016 11:33:39 AM,0,522.4935,1,1,1,169.9244,8.697321,291.2586,0,1,1,1,1,1,1,1,1.818298,0,1011.319,1,1,1,1,1,1,148.8032,260,1.703905,814.868,1,2,1,1,2,7.753012,260,260.7985,14.99615,1.715714,1.261432,0.7328362,0.3083624,2,1,247.741,0.9291,186.0581,0,1,1,1,Attack
 2/1/2016 11:33:40 AM,0,522.3757,1,1,1,169.9244,8.697321,291.2586,0,1,1,1,1,1,1,1,1.818298,0,1011.159,1,1,1,1,1,1,148.8032,260,1.701983,814.7911,1,2,1,1,2,7.753012,260,260.7985,14.99615,1.712766,1.270142,0.7328362,0.3083624,2,1,247.741,0.9291,186.042,0,1,1,1,Attack
 2/1/2016 11:33:41 AM,0,522.6505,1,1,1,169.9244,8.697321,291.2586,0,1,1,1,1,1,1,1,1.818298,0,1011.239,1,1,1,1,1,1,148.8032,260,1.701855,814.6757,1,2,1,1,2,7.753012,260,260.7985,14.99615,1.71251,1.277956,0.7328362,0.3100919,2,1,247.741,0.9291,186.042,0,1,1,1,Attack
 2/1/2016 11:33:42 AM,0,522.6897,1,1,1,169.9244,8.697321,291.2586,0,1,1,1,1,1,1,1,1.818298,0,1011.279,1,1,1,1,1,1,148.8032,260,1.701855,814.0605,1,2,1,1,2,7.755576,260,260.7985,14.99615,1.71251,1.288331,0.7328362,0.3102841,2,1,247.741,0.9291,186.042,0,1,1,1,Attack
 2/1/2016 11:33:43 AM,0,522.5327,1,1,1,169.9244,8.697321,291.2586,0,1,1,1,1,1,1,1,1.818298,0,1011.039,1,1,1,1,1,1,148.8032,260,1.701855,813.8298,1,2,1,1,2,7.755576,260,260.7985,15.18841,1.71251,1.291789,0.7328362,0.3102841,2,1,247.741,0.9291,186.042,0,1,1,1,Attack
 2/1/2016 11:33:44 AM,0,522.6505,1,1,1,169.9244,8.697321,291.2586,0,1,1,1,1,1,1,1,1.818298,0,1011.119,1,1,1,1,1,1,148.8032,260,1.702111,813.676,1,2,1,1,2,7.755576,260,260.7985,15.18841,1.71251,1.292046,0.7328362,0.3082983,2,1,247.741,0.9291,186.042,0,1,1,1,Attack
 2/1/2016 11:33:45 AM,0,522.1794,1,1,1,169.9244,8.697321,291.2586,0,1,1,1,1,1,1,1,1.818298,0,1010.959,1,1,1,1,1,1,148.8032,260,1.703905,813.2914,1,2,1,1,2,7.755576,260,260.7985,15.18841,1.71251,1.277699,0.7328362,0.3079781,2,1,247.741,0.9291,186.042,0,1,1,1,Attack
 2/1/2016 11:33:46 AM,0,521.9832,1,1,1,169.9244,8.697321,291.2586,0,1,1,1,1,1,1,1,1.818298,0,1010.919,1,1,1,1,1,1,148.8032,260,1.703905,813.0992,1,2,1,1,2,7.755576,260,260.7985,15.18841,1.71392,1.25887,0.7328362,0.3079781,2,1,248.0133,0.9291,186.042,0,1,1,1,Attack
 2/1/2016 11:33:47 AM,0,522.101,1,1,1,169.9244,8.697321,291.2586,0,1,1,1,1,1,1,1,1.818298,0,1010.758,1,1,1,1,1,1,148.8032,260,1.706212,812.8685,1,2,1,1,2,7.755576,260,260.7985,15.18841,1.714432,1.255412,0.7328362,0.3079781,2,1,248.0133,0.9291,186.042,0,1,1,1,Attack
 2/1/2016 11:33:48 AM,0,522.101,1,1,1,169.9244,8.697321,291.2586,0,1,1,1,1,1,1,1,1.818298,0,1010.758,1,1,1,1,1,1,148.8032,260,1.706212,812.8685,1,2,1,1,2,7.755576,260,260.7985,15.18841,1.714432,1.255412,0.7328362,0.3079781,2,1,248.0133,0.9291,186.042,0,1,1,1,Attack
 2/1/2016 11:33:49 AM,0,522.0617,1,1,1,169.9244,8.697321,291.2586,0,1,1,1,1,1,1,1,1.818298,0,1011.079,1,1,1,1,1,1,148.8032,260,1.707109,812.2917,1,2,1,1,2,7.755576,260,260.7985,15.18841,1.714432,1.268221,0.7328362,0.3084905,2,1,248.0133,0.9291,186.042,0,1,1,1,Attack
 2/1/2016 11:33:50 AM,0,521.5514,1,1,1,169.9244,8.697321,291.2586,0,1,1,1,1,1,1,1,1.818298,0,1010.758,1,1,1,1,1,1,148.8032,260,1.707109,812.2917,1,2,1,1,2,7.755576,260,260.7985,15.03461,1.716611,1.273216,0.7328362,0.3084905,2,1,248.0133,0.9771569,186.2023,0,1,1,1,Attack
 2/1/2016 11:33:51 AM,0,521.7084,1,1,1,169.9244,8.695398,291.2586,0,1,1,1,1,1,1,1,1.818298,0,1010.718,1,1,1,1,1,1,148.8032,260,1.707109,811.8688,1,2,1,1,2,7.755576,260,260.7985,15.03461,1.716611,1.289996,0.7328362,0.3084905,2,1,248.0133,0.9771569,186.2023,0,1,1,1,Attack
 2/1/2016 11:33:52 AM,0,522.101,1,1,1,169.9244,8.693796,291.2586,0,1,1,1,1,1,1,1,1.818298,0,1010.558,1,1,1,1,1,1,148.8032,260,1.707109,811.4073,1,2,1,1,2,7.755576,260,260.7985,15.03461,1.716996,1.291918,0.7328362,0.3084905,2,1,248.0133,0.9771569,186.2183,0,1,1,1,Attack
 2/1/2016 11:33:53 AM,0,522.4935,1,1,1,169.9244,8.691233,291.2586,0,1,1,1,1,1,1,1,1.818298,0,1010.478,1,1,1,1,1,1,148.8032,260,1.707109,810.9075,1,2,1,1,2,7.755576,260,260.7985,15.03461,1.716996,1.28167,0.7328362,0.3084905,2,1,248.0133,0.9771569,186.2183,0,1,1,1,Attack
 2/1/2016 11:33:54 AM,0,522.7682,1,1,1,169.9244,8.691233,291.2586,0,1,1,1,1,1,1,1,1.818298,0,1010.278,1,1,1,1,1,1,148.8032,260,1.707109,810.5229,1,2,1,1,2,7.755576,260,260.7985,15.03461,1.716996,1.28167,0.7328362,0.3084905,2,1,247.9973,0.8810431,186.2183,0,1,1,1,Attack
 2/1/2016 11:33:55 AM,0,522.8467,1,1,1,169.9244,8.691233,291.5406,0,1,1,1,1,1,1,1,1.818298,0,1010.638,1,1,1,1,1,1,148.8032,260,1.707109,810.4076,1,2,1,1,2,7.755576,260,260.7985,15.03461,1.714432,1.275266,0.7328362,0.3084905,2,1,247.9332,0.8810431,185.994,0,1,1,1,Attack
 2/1/2016 11:33:56 AM,0,522.9645,1,1,1,169.9244,8.691233,291.5406,0,1,1,1,1,1,1,1,1.818298,0,1010.278,1,1,1,1,1,1,148.8032,260,1.707109,809.8308,1,2,1,1,2,7.755576,260,260.7985,15.03461,1.714176,1.273473,0.7328362,0.3084905,2,1,247.8531,0.8810431,185.994,0,1,1,1,Attack
 2/1/2016 11:33:57 AM,0,522.886,1,1,1,169.9244,8.691233,291.5406,0,1,1,1,1,1,1,1,1.818298,0,1010.758,1,1,1,1,1,1,148.8032,260,1.707109,809.6385,1,2,1,1,2,7.755576,260,260.7985,15.11151,1.714176,1.290509,0.7328362,0.3083624,2,1,247.789,0.8810431,185.994,0,1,1,1,Attack
 2/1/2016 11:33:58 AM,0,522.5327,1,1,1,169.9244,8.691233,291.515,0,1,1,1,1,1,1,1,1.818298,0,1010.839,1,1,1,1,1,1,148.8032,260,1.707109,808.9464,1,2,1,1,2,7.755576,260,260.7985,15.11151,1.714176,1.3005,0.7328362,0.3083624,2,1,247.789,0.8810431,185.994,0,1,1,1,Attack
 2/1/2016 11:33:59 AM,0,522.572,1,1,1,169.9244,8.691233,291.2843,0,1,1,1,1,1,1,1,1.818298,0,1010.919,1,1,1,1,1,1,148.8032,260,1.707109,808.3696,1,2,1,1,2,7.755576,260,260.7985,15.11151,1.714176,1.302677,0.7328362,0.3083624,2,1,247.789,0.8810431,185.994,0,1,1,1,Attack
 2/1/2016 11:34:00 AM,0,522.1794,1,1,1,169.9244,8.691233,291.2843,0,1,1,1,1,1,1,1,1.818298,0,1010.879,1,1,1,1,1,1,148.8032,260,1.707109,808.2543,1,2,1,1,2,7.755576,260,260.7985,15.11151,1.714176,1.298194,0.7328362,0.3083624,2,1,247.789,0.8810431,185.994,0,1,1,1,Attack
 2/1/2016 11:34:01 AM,0,522.0617,1,1,1,169.9244,8.691233,291.2843,0,1,1,1,1,1,1,1,1.818298,0,1011.159,1,1,1,1,1,1,148.8032,260,1.707109,807.5237,1,2,1,1,2,7.755576,260,260.7985,15.22686,1.714176,1.29243,0.7328362,0.3083624,2,1,247.789,0.8810431,185.994,0,1,1,1,Attack
 2/1/2016 11:34:02 AM,0,521.7869,1,1,1,169.9244,8.691233,291.2843,0,1,1,1,1,1,1,1,1.818298,0,1011.119,1,1,1,1,1,1,148.8032,260,1.707109,807.6775,1,2,1,1,2,7.755576,260,260.7985,15.34222,1.714176,1.279877,0.7328362,0.3083624,2,1,247.789,0.8810431,185.994,0,1,1,1,Attack
 2/1/2016 11:34:03 AM,0,521.9832,1,1,1,169.9244,8.691233,291.2843,0,1,1,1,1,1,1,1,1.818298,0,1010.718,1,1,1,1,1,1,148.8032,260,1.705059,807.4853,1,2,1,1,2,7.755576,260,260.7985,15.34222,1.714176,1.274753,0.7328362,0.3083624,2,1,247.789,0.8810431,185.994,0,1,1,1,Attack
 2/1/2016 11:34:04 AM,0,521.5906,1,1,1,169.9244,8.691233,291.2843,0,1,1,1,1,1,1,1,1.818298,0,1010.879,1,1,1,1,1,1,148.8032,260,1.704931,807.5237,1,2,1,1,2,7.755576,260,260.7985,15.34222,1.714176,1.28167,0.7328362,0.3083624,2,1,247.789,0.8810431,185.994,0,1,1,1,Attack
 2/1/2016 11:34:05 AM,0,521.7477,1,1,1,169.9244,8.689951,291.4124,0,1,1,1,1,1,1,1,1.818298,0,1011.239,1,1,1,1,1,1,148.8032,260,1.704931,807.4853,1,2,1,1,2,7.755576,260,260.7985,15.22686,1.714176,1.282311,0.7328362,0.3083624,2,1,247.789,0.961138,185.994,0,1,1,1,Attack
 2/1/2016 11:34:06 AM,0,521.9832,1,1,1,169.9244,8.68899,291.4124,0,1,1,1,1,1,1,1,1.818298,0,1011.319,1,1,1,1,1,1,148.8032,260,1.705571,806.8701,1,2,1,1,2,7.755576,260,260.7985,15.03461,1.714432,1.26425,0.7341164,0.3083624,2,1,247.789,0.961138,185.994,0,1,1,1,Attack
 2/1/2016 11:34:07 AM,0,522.4935,1,1,1,169.9244,8.68899,291.4124,0,1,1,1,1,1,1,1,1.818298,0,1011.239,1,1,1,1,1,1,148.8032,260,1.705956,806.6393,1,2,1,1,2,7.755576,260,260.9267,15.03461,1.714432,1.255284,0.7341164,0.3083624,2,1,247.789,0.961138,185.994,0,1,1,1,Attack
 2/1/2016 11:34:08 AM,0,522.4935,1,1,1,169.9244,8.68899,291.4124,0,1,1,1,1,1,1,1,1.818298,0,1011.079,1,1,1,1,1,1,148.8032,260,1.705956,806.524,1,2,1,1,2,7.755576,260,260.9267,15.03461,1.714432,1.255412,0.7341164,0.3083624,2,1,247.789,0.961138,185.994,0,1,1,1,Attack
 2/1/2016 11:34:09 AM,0,522.9645,1,1,1,169.9244,8.68899,291.4124,0,1,1,1,1,1,1,1,1.818298,0,1011.039,1,1,1,1,1,1,148.8032,260,1.704034,806.1395,1,2,1,1,2,7.752692,260,260.9267,15.03461,1.714432,1.261688,0.7332203,0.3083624,2,1,247.789,0.961138,185.994,0,1,1,1,Attack
 2/1/2016 11:34:10 AM,0,523.043,1,1,1,169.9244,8.68899,291.4124,0,1,1,1,1,1,1,1,1.818298,0,1011.119,1,1,1,1,1,1,148.8032,260,1.703649,805.7165,1,2,1,1,2,7.752692,260,260.9267,15.03461,1.714432,1.277443,0.7332203,0.3083624,2,1,247.789,0.961138,185.994,0,1,1,1,Attack
 2/1/2016 11:34:11 AM,0,523.357,1,1,1,169.9244,8.68899,291.4124,0,1,1,1,1,1,1,1,1.818298,0,1010.919,1,1,1,1,1,1,148.8032,260,1.703649,805.6011,1,2,1,1,2,7.752692,260,260.9267,15.03461,1.714432,1.282311,0.7332203,0.3083624,2,1,247.6929,0.961138,185.994,0,1,1,1,Attack
 2/1/2016 11:34:12 AM,0,523.514,1,1,1,169.9244,8.68899,291.4124,0,1,1,1,1,1,1,1,1.818298,0,1011.079,1,1,1,1,1,1,148.8032,260,1.703649,805.678,1,2,1,1,2,7.752692,260,260.9267,15.03461,1.714432,1.282311,0.7338604,0.3083624,2,1,247.6929,0.961138,185.994,0,1,1,1,Attack
 2/1/2016 11:34:13 AM,0,523.4355,1,1,1,169.9244,8.692194,291.4124,0,1,1,1,1,1,1,1,1.818298,0,1010.758,1,1,1,1,1,1,148.8032,260,1.702496,805.2935,1,2,1,1,2,7.752692,260,260.9267,15.03461,1.714432,1.282311,0.7338604,0.3083624,2,1,247.6929,0.961138,185.994,0,1,1,1,Attack
 2/1/2016 11:34:14 AM,0,523.5533,1,1,1,169.9244,8.694117,291.4124,0,1,1,1,1,1,1,1,1.818298,0,1010.678,1,1,1,1,1,1,148.8032,260,1.702496,804.7552,1,2,1,1,2,7.752692,260,260.9267,15.03461,1.714432,1.275266,0.7338604,0.3092592,2,1,247.6929,0.961138,185.994,0,1,1,1,Attack
 2/1/2016 11:34:15 AM,0,523.2393,1,1,1,169.9244,8.694117,291.4124,0,1,1,1,1,1,1,1,1.818298,0,1011.079,1,1,1,1,1,1,148.8032,260,1.702496,804.3707,1,2,1,1,2,7.752692,260,260.9267,15.03461,1.714432,1.272192,0.7323241,0.3102841,2,1,247.6929,0.961138,185.994,0,1,1,1,Attack
 2/1/2016 11:34:16 AM,0,523.2393,1,1,1,169.9244,8.694117,291.4124,0,1,1,1,1,1,1,1,1.818298,0,1011.119,1,1,1,1,1,1,148.8032,260,1.702752,804.1784,1,2,1,1,2,7.752692,260,260.9267,15.03461,1.714432,1.261944,0.7345005,0.3103481,2,1,247.773,0.961138,185.994,0,1,1,1,Attack
 2/1/2016 11:34:17 AM,0,523.4748,1,1,1,169.9244,8.694117,291.4124,0,1,1,1,1,1,1,1,1.818298,0,1011.439,1,1,1,1,1,1,148.8032,260,1.702752,803.6401,1,2,1,1,2,7.752692,260,260.9267,15.14996,1.714432,1.261688,0.7345005,0.3098997,2,1,247.8211,0.961138,185.994,0,1,1,1,Attack
 2/1/2016 11:34:18 AM,0,523.357,1,1,1,169.9244,8.694117,291.4124,0,1,1,1,1,1,1,1,1.818298,0,1011.52,1,1,1,1,1,1,148.8032,260,1.702752,803.1786,1,2,1,1,2,7.752692,260,260.9267,15.14996,1.714432,1.266812,0.7345005,0.3083624,2,1,247.8211,0.961138,186.0901,0,1,1,1,Attack
 2/1/2016 11:34:19 AM,0,523.4748,1,1,1,169.9244,8.694117,291.4124,0,1,1,1,1,1,1,1,1.818298,0,1011.56,1,1,1,1,1,1,148.8032,260,1.7057,802.871,1,2,1,1,2,7.752692,260,260.9267,15.14996,1.716611,1.268221,0.7334763,0.3087468,2,1,247.9012,0.961138,186.0901,0,1,1,1,Attack
 2/1/2016 11:34:20 AM,0,523.2785,1,1,1,169.9244,8.694117,291.515,0,1,1,1,1,1,1,1,1.818298,0,1011.319,1,1,1,1,1,1,148.8032,260,1.705956,802.2174,1,2,1,1,2,7.752692,260,260.9267,15.14996,1.717124,1.261944,0.7323241,0.309003,2,1,247.9332,0.8970621,186.1702,0,1,1,1,Attack
 2/1/2016 11:34:21 AM,0,523.1215,1,1,1,169.9244,8.694117,291.515,0,1,1,1,1,1,1,1,1.818298,0,1011.239,1,1,1,1,1,1,148.8032,260,1.705956,801.5253,1,2,1,1,2,7.752692,260,260.9267,15.14996,1.717637,1.268093,0.7323241,0.309003,2,1,247.9332,0.8970621,186.1702,0,1,1,1,Attack
 2/1/2016 11:34:22 AM,0,523.043,1,1,1,169.9244,8.694117,291.5406,0,1,1,1,1,1,1,1,1.818298,0,1010.959,1,1,1,1,1,1,148.8032,260,1.705059,801.3715,1,2,1,1,2,7.752692,260,260.9267,15.14996,1.717637,1.262713,0.7323241,0.3084265,2,1,247.9332,0.8970621,186.1702,0,1,1,1,Attack
 2/1/2016 11:34:23 AM,0,522.9252,1,1,1,169.9244,8.694117,291.5406,0,1,1,1,1,1,1,1,1.818298,0,1011.279,1,1,1,1,1,1,148.8032,260,1.70429,800.91,1,2,1,1,2,7.752692,260,260.9267,15.14996,1.717637,1.26361,0.7323241,0.3084265,2,1,247.9332,0.8970621,186.1702,0,1,1,1,Attack
 2/1/2016 11:34:24 AM,0,522.6897,1,1,1,169.9244,8.694117,291.5406,0,1,1,1,1,1,1,1,1.818298,0,1011.68,1,1,1,1,1,1,148.8032,260,1.704931,800.3333,1,2,1,1,2,7.752692,260,260.9267,15.14996,1.717637,1.272064,0.7323241,0.3099638,2,1,247.9332,0.8970621,186.1702,0,1,1,1,Attack
 2/1/2016 11:34:25 AM,0,523.1215,1,1,1,169.9244,8.694117,291.5406,0,1,1,1,1,1,1,1,1.818298,0,1011.359,1,1,1,1,1,1,148.8032,260,1.709031,799.9487,1,2,1,1,2,7.752692,260,260.9267,15.14996,1.717637,1.266171,0.7323241,0.3099638,2,1,247.9332,0.8970621,186.1702,0,1,1,1,Attack
 2/1/2016 11:34:26 AM,0,523.2393,1,1,1,169.9244,8.69636,291.5406,0,1,1,1,1,1,1,1,1.818298,0,1011.76,1,1,1,1,1,1,148.8032,260,1.709031,799.8334,1,2,1,1,2,7.752692,260,260.8947,15.14996,1.716739,1.261944,0.7323241,0.3087468,2,1,247.9332,0.8970621,186.1702,0,1,1,1,Attack
 2/1/2016 11:34:27 AM,0,523.2393,1,1,1,169.9244,8.69636,291.5406,0,1,1,1,1,1,1,1,1.818298,0,1011.64,1,1,1,0,1,1,148.8032,260,1.709031,799.3719,1,2,1,1,2,7.752692,260,260.8947,15.14996,1.716739,1.2549,0.7323241,0.3083624,2,1,247.9332,0.8970621,186.1702,0,1,1,1,Attack
 2/1/2016 11:34:28 AM,0,523.4748,1,1,1,169.9244,8.69636,291.5406,0,1,1,1,1,1,1,1,1.818298,0,1011.84,1,1,1,0,1,1,148.8032,260,1.709031,799.1412,1,2,1,1,2,7.752692,260,260.8947,15.14996,1.716739,1.244652,0.7332203,0.3083624,2,1,247.9332,0.8970621,186.1702,0,1,1,1,Attack
 2/1/2016 11:34:29 AM,0,523.514,1,1,1,169.9244,8.69636,291.5406,0,1,1,1,1,1,1,1,1.655035,0,1011.359,1,1,1,0,1,1,148.8032,260,1.709031,798.8336,1,2,1,1,2,7.752692,260,260.8947,15.14996,1.716739,1.244012,0.7359089,0.3083624,2,1,248.0774,0.8970621,186.1702,0,1,1,1,Attack
 2/1/2016 11:34:30 AM,0,523.514,1,1,1,169.9244,8.69636,291.5406,0,1,1,1,1,1,1,1,1.274089,0,1011.319,1,1,1,0,1,1,148.8032,260,1.709031,798.2953,1,2,1,1,2,7.752692,260,260.8947,15.14996,1.716739,1.244012,0.7359089,0.3083624,2,1,248.0934,0.8970621,186.2824,0,1,1,1,Attack
 2/1/2016 11:34:31 AM,0,523.1215,1,1,1,169.9244,8.69636,291.6944,0,1,1,1,1,1,1,1,0.8803381,0,1011.64,1,1,1,0,1,1,148.8032,260,1.709031,797.6031,1,2,1,1,2,7.752692,260,260.7985,15.14996,1.716739,1.244012,0.7334763,0.3083624,2,1,248.0934,0.8970621,186.2824,0,1,1,1,Attack
 2/1/2016 11:34:32 AM,0,523.2785,1,1,1,169.9244,8.69636,291.6944,0,1,1,1,1,1,1,1,0.6722581,0,1011.359,1,1,1,0,1,1,148.8032,260,1.709031,797.2956,1,2,1,1,2,7.752692,260,260.7344,15.14996,1.716739,1.260535,0.7334763,0.3083624,2,1,248.0934,0.8970621,186.2824,0,1,1,1,Attack
 2/1/2016 11:34:33 AM,0,523.1608,1,1,1,169.9244,8.69636,291.6944,0,1,1,1,1,1,1,1,0.614636,0,1011.479,1,1,1,0,1,1,148.8032,260,1.709031,797.0264,1,2,1,1,2,7.753973,260,260.7344,15.14996,1.716739,1.278596,0.7327082,0.3083624,2,1,248.0934,0.8970621,186.2824,0,1,1,1,Attack
 2/1/2016 11:34:34 AM,0,523.2393,1,1,1,169.9244,8.69636,291.6944,0,1,1,1,1,1,1,1,0.6050323,0,1011.239,1,1,1,2,1,2,148.8032,260,1.706597,796.565,1,2,1,1,2,7.755255,260,260.7344,15.14996,1.717252,1.298834,0.7327082,0.3083624,2,1,248.0934,0.8970621,186.2824,0,1,1,1,Attack
 2/1/2016 11:34:35 AM,0,523.4748,1,1,1,169.9244,8.69636,291.6944,0,1,1,1,1,1,1,1,0.7010692,0,1010.919,1,1,1,2,1,2,148.8032,260,1.706597,796.565,1,2,1,1,2,7.755255,260,260.7344,15.14996,1.717893,1.318945,0.7327082,0.3100278,2,1,247.9813,0.8970621,186.2824,0,1,1,1,Attack
 2/1/2016 11:34:36 AM,0,523.671,1,1,1,169.9244,8.69636,291.6944,0,1,1,1,1,1,1,1,1.520584,0,1011.119,1,1,1,2,1,2,148.8032,260,1.706597,796.2958,1,2,1,1,2,7.755255,260,260.7665,15.14996,1.717893,1.315614,0.7327082,0.3092592,2,1,247.9332,0.8970621,186.2503,0,1,1,1,Attack
 2/1/2016 11:34:37 AM,0,523.6318,1,1,1,169.9244,8.69636,291.6944,0,1,1,1,1,1,1,1,2.580191,0.06508023,1011.039,1,1,1,2,1,2,148.8032,260,1.706597,795.5268,1,2,1,1,2,7.755255,260,260.8947,15.14996,1.714817,1.310619,0.7327082,0.3081703,2,1,247.9332,0.8970621,186.1221,0,1,1,1,Attack
 2/1/2016 11:34:38 AM,0,523.514,1,1,1,169.9244,8.698603,291.515,0,1,1,1,1,1,1,1,3.892695,0.2478942,1011.039,1,1,1,2,1,2,148.8032,260,1.706597,795.0654,1,2,1,1,2,7.755255,260,260.8947,15.14996,1.714176,1.299603,0.7327082,0.3081703,2,1,247.9332,0.8970621,185.994,0,1,1,1,Attack
 2/1/2016 11:34:39 AM,0,523.7103,1,1,1,169.9244,8.698603,291.515,0,1,1,1,1,1,1,1,5.064345,0.5270473,1010.879,1,1,1,2,1,2,148.8032,260,1.706597,794.527,1,2,1,1,2,7.755255,260,260.8947,15.14996,1.713791,1.290637,0.7327082,0.3093873,2,1,247.741,0.8970621,185.994,0,1,1,1,Attack
 2/1/2016 11:34:40 AM,0,523.671,1,1,1,169.9244,8.698603,291.515,0,1,1,1,1,1,1,1,6.114348,0.8605195,1011.079,1,1,1,2,1,2,148.8032,260,1.706597,794.2963,1,2,1,1,2,7.755255,260,260.8947,15.14996,1.713535,1.282567,0.7327082,0.3093873,2,1,247.741,0.8970621,185.994,0,1,1,1,Attack
 2/1/2016 11:34:41 AM,0,523.514,1,1,1,169.9244,8.697321,291.515,0,1,1,1,1,1,1,1,7.154747,1.235628,1010.518,1,1,1,2,1,2,148.8032,260,1.704674,793.9118,1,2,1,1,2,7.755255,260,260.8947,15.14996,1.712766,1.292814,0.7327082,0.3105403,2,1,247.741,0.8970621,185.994,0,1,1,1,Attack
 2/1/2016 11:34:42 AM,0,523.4355,1,1,1,169.9244,8.694757,291.515,0,1,1,1,1,1,1,1,7.875024,1.608558,1010.718,1,1,1,2,1,2,148.8032,260,1.704674,793.7195,1,2,1,1,2,7.755255,260,260.8947,15.14996,1.712766,1.304983,0.7327082,0.3105403,2,1,247.741,0.8970621,185.994,0,1,1,1,Attack
 2/1/2016 11:34:43 AM,0,523.2393,1,1,1,169.9244,8.694757,291.515,0,1,1,1,1,1,1,1,8.435239,1.874003,1010.438,1,1,1,2,1,2,148.8032,260,1.704674,793.4504,1,2,1,1,2,7.755255,260,260.8947,15.14996,1.714048,1.312284,0.7327082,0.3105403,2,1,247.741,0.8970621,185.994,0,1,1,1,Attack
 2/1/2016 11:34:44 AM,0,523.4748,1,1,1,169.9244,8.694757,291.6432,0,1,1,1,1,1,1,1,8.95704,2.02338,1010.078,1,1,1,2,1,2,148.8032,260,1.704674,793.4119,1,2,1,1,2,7.755255,260,260.8947,15.14996,1.714176,1.303446,0.7327082,0.3105403,2,1,247.741,0.8970621,185.994,0,1,1,1,Attack
 2/1/2016 11:34:45 AM,0,523.2393,1,1,1,169.9244,8.694757,291.6944,0,1,1,1,1,1,1,1,9.241949,2.110752,1009.917,1,1,1,2,1,2,148.8032,260,1.704674,793.0274,1,2,1,1,2,7.755255,260,260.8947,15.14996,1.714176,1.289356,0.7327082,0.3104122,2,1,247.741,0.8970621,185.994,0,1,1,1,Attack
 2/1/2016 11:34:46 AM,0,523.1215,1,1,1,169.9244,8.696039,291.6944,0,1,1,1,1,1,1,1,9.27076,2.161227,1009.357,1,1,1,2,1,2,148.8032,260,1.704674,792.7582,1,2,1,1,2,7.755255,260,260.8947,15.14996,1.714176,1.275266,0.7342445,0.3104122,2,1,247.741,0.8970621,185.994,0,1,1,1,Attack
 2/1/2016 11:34:47 AM,0,523.1608,1,1,1,169.9244,8.697641,291.6944,0,1,1,1,1,1,1,1,9.309175,2.189668,1009.917,1,1,1,2,1,2,148.8032,260,1.703137,792.22,1,2,1,1,2,7.755255,260,260.8947,15.14996,1.714176,1.263738,0.7342445,0.3104122,2,1,247.741,0.8970621,185.994,0,1,1,1,Attack
 2/1/2016 11:34:48 AM,0,522.9645,1,1,1,169.9244,8.697641,291.6944,0,1,1,1,1,1,1,1,9.309175,2.209269,1008.916,1,1,1,2,1,2,148.8032,260,1.703137,792.0277,1,2,1,1,2,7.755255,260,260.8947,15.14996,1.714176,1.271935,0.7342445,0.3104122,2,1,247.741,0.8970621,185.994,0,1,1,1,Attack
 2/1/2016 11:34:49 AM,0,523.043,1,1,1,169.9244,8.697641,291.6944,0,1,1,1,1,1,1,1,9.341187,2.211447,1009.076,1,1,1,2,1,2,148.8032,260,1.703137,791.8739,1,2,1,1,2,7.755255,260,260.8947,15.14996,1.714176,1.272192,0.7342445,0.3104122,2,1,247.741,0.8970621,185.994,0,1,1,1,Attack
 2/1/2016 11:34:50 AM,0,523.0823,1,1,1,169.9244,8.697641,291.6944,0,1,1,1,1,1,1,1,9.341187,2.211447,1008.435,1,1,1,2,1,2,148.8032,260,1.703137,791.8739,1,2,1,1,2,7.755255,260,260.8947,15.14996,1.714176,1.258742,0.7342445,0.3099638,2,1,247.741,0.8970621,185.994,0,1,1,1,Attack
 2/1/2016 11:34:51 AM,0,523.1215,1,1,1,169.9244,8.697641,291.6944,0,1,1,1,1,1,1,1,9.379601,2.211447,1008.556,1,1,1,2,1,2,148.8032,260,1.702111,791.4125,1,2,1,1,2,7.755255,260,260.8947,15.14996,1.711356,1.253619,0.7347566,0.3087468,2,1,247.741,0.8970621,185.994,0,1,1,1,Attack
 2/1/2016 11:34:52 AM,0,523.2785,1,1,1,169.9244,8.697641,291.6944,0,1,1,1,1,1,1,1,9.395608,2.210294,1008.475,1,1,1,2,1,2,148.8032,260,1.702111,791.1433,1,2,1,1,2,7.755255,260,260.8947,15.14996,1.711356,1.253619,0.7347566,0.3092592,2,1,247.741,0.8970621,185.994,0,1,1,1,Attack
 2/1/2016 11:34:53 AM,0,522.9645,1,1,1,169.9244,8.697641,291.6944,0,1,1,1,1,1,1,1,9.42762,2.208116,1008.035,1,1,1,2,1,2,148.8032,260,1.702111,791.2587,1,2,1,1,2,7.755255,260,260.8947,15.14996,1.711356,1.267837,0.7347566,0.3092592,2,1,247.741,0.8970621,185.994,0,1,1,1,Attack
 2/1/2016 11:34:54 AM,0,522.9645,1,1,1,169.9244,8.697641,291.6944,0,1,1,1,1,1,1,1,9.450028,2.208116,1007.714,1,1,1,2,1,2,148.8032,260,1.70429,790.8741,1,2,1,1,2,7.755255,260,260.8947,15.14996,1.711356,1.28167,0.7347566,0.3092592,2,1,247.741,0.8970621,185.994,0,1,1,1,Attack
 2/1/2016 11:34:55 AM,0,522.9645,1,1,1,169.9244,8.697641,291.6944,0,1,1,1,1,1,1,1,9.501248,2.207603,1007.714,1,1,1,2,1,2,148.8032,260,1.704418,790.6434,1,2,1,1,2,7.755255,260,260.8947,15.14996,1.711356,1.282439,0.7347566,0.3080421,2,1,247.741,0.8970621,185.994,0,1,1,1,Attack
 2/1/2016 11:34:56 AM,0,522.6897,1,1,1,169.9244,8.697641,291.6944,0,1,1,1,1,1,1,1,9.501248,2.20645,1007.314,1,1,1,2,1,2,148.8032,260,1.704546,790.0667,1,2,1,1,2,7.755255,260,260.8947,15.14996,1.711356,1.266812,0.7347566,0.3080421,2,1,247.741,0.8970621,185.9619,0,1,1,1,Attack
 2/1/2016 11:34:57 AM,0,522.886,1,1,1,169.9244,8.697641,291.6944,0,1,1,1,1,1,1,1,9.501248,2.20645,1006.833,1,1,1,2,1,2,148.8032,260,1.707109,789.9513,1,2,1,1,2,7.755255,260,260.8947,15.14996,1.711356,1.261688,0.7347566,0.3080421,2,1,247.741,0.8970621,185.9619,0,1,1,1,Attack
 2/1/2016 11:34:58 AM,0,522.8467,1,1,1,169.9244,8.697641,291.6944,0,1,1,1,1,1,1,1,9.501248,2.20645,1006.433,1,1,1,2,1,2,148.8032,260,1.707109,789.8744,1,2,1,1,2,7.755255,260,260.8947,15.14996,1.711356,1.262329,0.7347566,0.3080421,2,1,247.741,0.8970621,185.9619,0,1,1,1,Attack
 2/1/2016 11:34:59 AM,0,522.8467,1,1,1,169.9244,8.697641,291.6944,0,1,1,1,1,1,1,1,9.501248,2.20645,1006.433,1,1,1,2,1,2,148.8032,260,1.707109,789.8744,1,2,1,1,2,7.755255,260,260.8947,15.14996,1.711356,1.262329,0.7347566,0.3080421,2,1,247.741,0.8970621,185.9619,0,1,1,1,Attack
 2/1/2016 11:35:00 AM,0,522.8467,1,1,1,169.9244,8.697641,291.6944,0,1,1,1,1,1,1,1,9.475638,2.20645,1006.152,1,1,1,2,1,2,148.8032,260,1.707109,788.9515,1,2,1,1,2,7.755255,260,260.8947,15.14996,1.711356,1.279621,0.7347566,0.3084265,2,1,247.741,0.8970621,185.9619,0,1,1,1,Attack
 2/1/2016 11:35:01 AM,0,522.8467,1,1,1,169.9244,8.697641,291.6944,0,1,1,1,1,1,1,1,9.45323,2.20645,1005.752,1,1,1,2,1,2,148.8032,260,1.707109,788.4517,1,2,1,1,2,7.755255,260,260.8947,15.14996,1.711356,1.289996,0.7347566,0.3084265,2,1,247.741,0.8970621,185.8978,0,1,1,1,Attack
 2/1/2016 11:35:02 AM,0,522.9645,1,1,1,169.9244,8.697641,291.6944,0,1,1,1,1,1,1,1,9.475638,2.20645,1005.351,1,1,1,2,1,2,148.8032,260,1.707109,788.567,1,2,1,1,2,7.755255,260,260.8947,15.14996,1.711356,1.292046,0.7328362,0.3104122,2,1,247.741,0.8970621,185.8978,0,1,1,1,Attack
 2/1/2016 11:35:03 AM,0,522.9252,1,1,1,169.9244,8.697641,291.6944,0,1,1,1,1,1,1,1,9.498047,2.209269,1004.75,1,1,1,2,1,2,148.8032,260,1.706981,788.2594,1,2,1,1,2,7.755255,260,260.8947,15.14996,1.711356,1.274497,0.7323241,0.3104122,2,1,247.741,0.8970621,185.8978,0,1,1,1,Attack
 2/1/2016 11:35:04 AM,0,523.043,1,1,1,169.9244,8.697641,291.6944,0,1,1,1,1,1,1,1,9.498047,2.209525,1004.43,1,1,1,2,1,2,148.8032,260,1.706981,787.8749,1,2,1,1,2,7.755255,260,260.8947,15.14996,1.712894,1.263353,0.7323241,0.3104122,2,1,247.741,0.9771569,185.8978,0,1,1,1,Attack
 2/1/2016 11:35:05 AM,0,522.9645,1,1,1,169.9244,8.697641,291.6944,0,1,1,1,1,1,1,1,9.462833,2.209525,1004.27,1,1,1,2,1,2,148.8032,260,1.705059,787.4904,1,2,1,1,2,7.755255,260,260.8947,15.14996,1.712894,1.261304,0.7323241,0.3104122,2,1,247.741,0.9771569,185.8978,0,1,1,1,Attack
 2/1/2016 11:35:06 AM,0,522.729,1,1,1,169.9244,8.697641,291.6944,0,1,1,1,1,1,1,1,9.462833,2.209525,1003.709,1,1,1,2,1,2,148.8032,260,1.704034,787.1059,1,2,1,1,2,7.755255,260,260.8947,15.14996,1.712894,1.263097,0.7323241,0.3104122,2,1,247.741,0.9771569,185.978,0,1,1,1,Attack
 2/1/2016 11:35:07 AM,0,522.5327,1,1,1,169.9244,8.697641,291.6944,0,1,1,1,1,1,1,1,9.462833,2.209525,1003.068,1,1,1,2,1,2,148.8032,260,1.704034,786.6829,1,2,1,1,2,7.755255,260,260.8947,15.14996,1.712894,1.28372,0.7323241,0.3104122,2,1,247.741,0.9771569,186.01,0,1,1,1,Attack
 2/1/2016 11:35:08 AM,0,522.6505,1,1,1,169.9244,8.697641,291.6944,0,1,1,1,1,1,1,1,9.462833,2.209525,1002.547,1,0,1,2,1,2,148.8032,260,1.704034,786.3369,1,2,1,1,2,7.755255,260,260.8947,15.14996,1.714817,1.299731,0.7323241,0.3104122,2,1,247.741,0.9771569,186.01,0,1,1,1,Attack
 2/1/2016 11:35:09 AM,0,522.9252,1,1,1,169.9244,8.697641,291.6944,0,1,1,1,1,1,1,1,9.462833,2.208884,1002.467,1,0,1,2,1,2,148.8032,260,1.704034,786.0677,1,2,1,1,2,7.755255,260,260.8947,15.14996,1.714817,1.302037,0.7329642,0.3104122,2,1,247.741,0.9771569,186.01,0,1,1,1,Attack
 2/1/2016 11:35:10 AM,0,522.6897,1,1,1,169.9244,8.695719,291.8226,0,1,1,1,1,1,1,1,9.549267,2.208884,1002.227,1,0,1,2,1,2,148.8032,260,1.704674,785.4525,1,2,1,1,2,7.755255,260,260.8947,15.22686,1.714817,1.302933,0.7329642,0.3104122,2,1,247.741,0.9291,186.01,0,1,1,1,Attack
 2/1/2016 11:35:11 AM,0,523.1608,1,1,1,169.9244,8.695719,291.8226,0,1,1,1,1,1,1,1,10.05506,2.211318,1001.426,1,0,1,2,1,2,148.8032,260,1.707622,785.0679,1,2,1,1,2,7.755255,260,260.8947,15.22686,1.714817,1.302933,0.7329642,0.3104122,2,1,247.741,0.9291,186.01,0,1,1,1,Attack
 2/1/2016 11:35:12 AM,0,523.4355,1,1,1,169.9244,8.695719,291.8226,0,1,1,1,1,1,1,1,10.58006,2.219005,1001.106,1,0,1,2,1,2,148.8032,260,1.707622,784.7219,1,2,1,1,2,7.755255,260,260.8947,15.22686,1.714817,1.296913,0.7329642,0.3104122,2,1,247.741,0.9291,185.978,0,1,1,1,Attack
 2/1/2016 11:35:13 AM,0,523.357,1,1,1,169.9244,8.695719,291.8226,0,1,1,1,1,1,1,1,11.09866,2.23156,1000.625,1,0,1,2,1,2,148.8032,260,1.708519,784.7219,1,2,1,1,2,7.755255,260,260.8947,15.22686,1.714817,1.275906,0.7329642,0.3104122,2,1,247.741,0.9291,185.8818,0,1,1,1,Attack
 2/1/2016 11:35:14 AM,0,523.4748,1,1,1,169.9244,8.695719,291.9508,0,1,1,1,1,1,1,1,11.57885,2.242193,1000.104,1,2,1,2,1,2,148.8032,260,1.706853,783.6068,1,2,1,1,2,7.755255,260,260.8947,15.22686,1.714817,1.272832,0.7329642,0.3104122,2,1,247.741,0.9291,185.8818,0,1,1,1,Attack
 2/1/2016 11:35:15 AM,0,523.1215,1,1,1,169.9244,8.695719,292.0277,0,1,1,1,1,1,1,1,12.10385,2.26141,999.4633,1,2,1,2,1,2,148.8032,260,1.7057,783.2222,1,2,1,1,2,7.755255,260,260.8947,15.22686,1.714817,1.263353,0.7329642,0.3104122,2,1,247.741,0.9291,185.8818,0,1,1,1,Attack
 2/1/2016 11:35:16 AM,0,522.7682,1,1,1,169.9244,8.695719,292.0277,0,1,1,1,1,1,1,1,12.62245,2.278705,999.1028,1,2,1,0,1,2,148.8032,260,1.703137,782.8377,1,2,1,1,2,7.755255,260,260.8947,15.22686,1.714817,1.262329,0.7329642,0.3104122,2,1,247.741,0.9291,185.8818,0,1,1,1,Attack
 2/1/2016 11:35:17 AM,0,522.886,1,1,1,169.9244,8.697321,292.0277,0,1,1,1,1,1,1,1,13.08663,2.294334,998.6622,1,2,1,0,1,2,148.8032,260,1.702496,782.0303,1,2,1,1,2,7.755255,260,260.8947,15.22686,1.714817,1.282311,0.7328362,0.3088108,2,1,247.741,0.9291,186.0741,0,1,1,1,Attack
 2/1/2016 11:35:18 AM,0,523.043,1,1,1,169.9244,8.697321,291.8995,0,1,1,1,1,1,1,1,13.29791,2.303814,998.2216,1,2,1,0,1,2,148.8032,260,1.701086,781.6073,1,2,1,1,2,7.755255,260,260.8947,15.22686,1.718021,1.287691,0.7345005,0.3086186,2,1,247.741,0.9291,186.0741,0,1,1,1,Attack
 2/1/2016 11:35:19 AM,0,522.9645,1,1,1,169.9244,8.697321,291.8995,0,1,1,1,1,1,1,1,13.41955,2.308683,997.9012,1,2,1,0,1,2,148.8032,260,1.700189,781.2612,1,2,1,1,2,7.755255,260,260.8947,15.22686,1.718021,1.267837,0.7346286,0.3084905,2,1,247.741,0.9291,186.0741,0,1,1,1,Attack
 2/1/2016 11:35:20 AM,0,523.0823,1,1,1,169.9244,8.697321,291.8995,0,1,1,1,1,1,1,1,13.59242,2.311501,997.4606,1,2,1,0,1,2,148.8032,260,1.700189,780.7614,1,2,1,1,2,7.755255,260,260.8947,15.22686,1.714817,1.261816,0.7352687,0.3077219,2,1,247.741,0.9291,186.0741,0,1,1,1,Attack
 2/1/2016 11:35:21 AM,0,523.2785,1,1,1,169.9244,8.697321,291.8226,0,1,1,1,1,1,1,1,13.8133,2.311885,997.1402,1,2,1,0,1,2,148.8032,260,1.700189,780.2999,1,2,1,1,2,7.755255,260,260.8947,15.22686,1.714817,1.261432,0.7352687,0.3077219,2,1,247.741,0.9291,186.0741,0,1,1,1,Attack
 2/1/2016 11:35:22 AM,0,523.2785,1,1,1,169.9244,8.697321,291.797,0,1,1,1,1,1,1,1,14.23907,2.311885,996.2189,1,2,1,0,1,2,148.8032,260,1.700189,779.877,1,2,1,1,2,7.755255,260,260.8947,15.22686,1.714817,1.266171,0.7352687,0.3077219,2,1,247.741,0.9291,185.8177,0,1,1,1,Attack
 2/1/2016 11:35:23 AM,0,523.1608,1,1,1,169.9244,8.697321,291.797,0,1,1,1,1,1,1,1,14.75767,2.308683,995.7383,1,2,1,1,1,2,148.8032,260,1.703137,779.5693,1,2,1,1,2,7.755255,260,260.8947,15.22686,1.714817,1.285385,0.7352687,0.3084265,2,1,247.741,0.9291,185.8177,0,1,1,1,Attack
 2/1/2016 11:35:24 AM,0,523.2393,1,1,1,169.9244,8.697321,291.797,0,1,1,1,1,1,1,1,15.27947,2.298049,995.2176,1,2,1,1,1,2,148.8032,260,1.704418,779.1464,1,2,1,1,2,7.755255,260,260.8947,15.22686,1.71392,1.291789,0.7352687,0.3084265,2,1,247.741,0.9291,185.8177,0,1,1,1,Attack
 2/1/2016 11:35:25 AM,0,522.6897,1,1,1,169.9244,8.698923,291.797,0,1,1,1,1,1,1,1,16.08298,2.285238,994.6168,1,2,1,1,1,2,148.8032,260,1.704418,779.0695,1,2,1,1,2,7.755255,260,260.8947,15.22686,1.712766,1.292046,0.7341164,0.3084265,2,1,247.741,0.9291,185.9619,0,1,1,1,Attack
 2/1/2016 11:35:26 AM,0,522.3757,1,1,1,169.9244,8.698923,291.797,0,1,1,1,1,1,1,1,16.9281,2.268456,994.1362,1,2,1,1,1,2,148.8032,260,1.702624,778.9541,1,2,1,1,2,7.755255,260,260.8947,15.22686,1.712253,1.300756,0.7336044,0.3084265,2,1,247.741,0.9291,185.978,0,1,1,1,Attack
 2/1/2016 11:35:27 AM,0,522.3757,1,1,1,169.9244,8.698923,291.797,0,1,1,1,1,1,1,1,17.63877,2.25052,994.056,1,2,1,1,1,2,148.8032,260,1.702624,778.9156,1,2,1,1,2,7.755255,260,260.8947,15.22686,1.712253,1.3005,0.7336044,0.3084265,2,1,247.741,0.8490052,185.978,0,1,1,1,Attack
 2/1/2016 11:35:28 AM,0,522.2972,1,1,1,169.9244,8.698923,291.797,0,1,1,1,1,1,1,1,18.17658,2.231176,993.7356,1,2,1,1,1,2,148.8032,260,1.702624,778.8772,1,2,1,1,2,7.755255,260,260.8947,15.22686,1.712253,1.292046,0.7325801,0.3097076,2,1,247.741,0.8490052,185.978,0,1,1,1,Attack
 2/1/2016 11:35:29 AM,0,522.3364,1,1,1,169.9244,8.698923,291.797,0,1,1,1,1,1,1,1,18.69838,2.216827,993.4552,1,2,1,1,1,2,148.8032,260,1.702624,778.4158,1,2,1,1,2,7.755255,260,260.8947,15.22686,1.712253,1.292046,0.7325801,0.3105403,2,1,247.6128,0.8490052,185.978,0,1,1,1,Attack
 2/1/2016 11:35:30 AM,0,521.8654,1,1,1,169.9244,8.698923,291.797,0,1,1,1,1,1,1,1,19.25859,2.207603,992.8945,1,2,1,1,1,2,148.8032,260,1.702624,778.3004,1,2,1,1,2,7.755255,260,260.8947,15.22686,1.712253,1.283207,0.7325801,0.3105403,2,1,247.6128,0.8490052,185.978,0,1,1,1,Attack
 2/1/2016 11:35:31 AM,0,521.7477,1,1,1,169.9244,8.697962,291.797,0,1,1,1,1,1,1,1,19.86363,2.204272,992.2936,1,2,1,1,1,2,148.8032,260,1.702624,777.8005,1,2,1,1,2,7.755255,260,260.8947,15.22686,1.712253,1.288331,0.7325801,0.3105403,2,1,247.6128,0.9771569,185.978,0,1,1,1,Attack
 2/1/2016 11:35:32 AM,0,521.5514,1,1,1,169.9244,8.697962,291.8995,0,1,1,1,1,1,1,1,20.11012,2.203119,991.9332,1,2,1,1,1,2,148.8032,260,1.702624,777.4545,1,2,1,1,2,7.755255,260,260.8947,15.22686,1.712253,1.291277,0.7325801,0.3093873,2,1,247.6128,0.9771569,185.978,0,1,1,1,Attack
 2/1/2016 11:35:33 AM,0,521.7084,1,1,1,169.9244,8.695719,291.8995,0,1,1,1,1,1,1,1,20.18055,2.203119,991.8931,1,2,1,1,1,2,148.8032,260,1.702624,777.839,1,2,1,1,2,7.755255,260,260.8947,15.22686,1.712253,1.288331,0.7348846,0.3089389,2,1,247.6128,0.961138,185.978,0,1,1,1,Attack
 2/1/2016 11:35:34 AM,0,521.9439,1,1,1,169.9244,8.695719,291.8995,0,1,1,1,1,1,1,1,20.20296,2.201326,991.4125,1,2,1,1,1,2,148.8032,260,1.703905,777.7236,1,2,1,1,2,7.755255,260,260.8947,15.22686,1.712253,1.28167,0.7348846,0.3086827,2,1,247.6128,0.8810431,185.978,0,1,1,1,Attack
 2/1/2016 11:35:35 AM,0,522.1402,1,1,1,169.9244,8.695719,291.8995,0,1,1,1,1,1,1,1,20.26058,2.200557,990.7316,1,2,1,1,1,2,148.8032,260,1.703905,778.1466,1,2,1,1,2,7.755255,260,260.8947,15.22686,1.712253,1.28167,0.7348846,0.31022,2,1,247.6128,0.8810431,185.978,0,1,1,1,Attack
 2/1/2016 11:35:36 AM,0,522.1794,1,1,1,169.9244,8.695719,291.8995,0,1,1,1,1,1,1,1,20.3086,2.200557,990.1708,1,2,1,1,1,2,148.8032,260,1.703905,777.9159,1,2,1,1,2,7.755255,260,260.8947,15.22686,1.714176,1.273985,0.7332203,0.3106684,2,1,247.773,0.8810431,185.978,0,1,1,1,Attack
 2/1/2016 11:35:37 AM,0,522.4935,1,1,1,169.9244,8.695719,291.9251,0,1,1,1,1,1,1,1,20.32781,2.200557,989.9705,1,2,1,1,1,2,148.8032,260,1.703905,777.6467,1,2,1,1,2,7.755255,260,260.8947,15.22686,1.71456,1.277059,0.7328362,0.3106684,2,1,247.773,0.8810431,185.978,0,1,1,1,Attack
 2/1/2016 11:35:38 AM,0,522.9645,1,1,1,169.9244,8.695719,292.002,0,1,1,1,1,1,1,1,20.34701,2.201198,989.61,1,2,1,1,1,2,148.8032,260,1.703905,777.8005,1,2,1,1,2,7.755255,260,260.8947,15.22686,1.71456,1.282439,0.7328362,0.3106684,2,1,247.773,0.8810431,185.978,0,1,1,1,Attack
 2/1/2016 11:35:39 AM,0,522.7682,1,1,1,169.9244,8.695719,292.002,0,1,1,1,1,1,1,1,20.34701,2.203248,989.0093,1,2,1,1,1,2,148.8032,260,1.703905,777.9543,1,2,1,1,2,7.755255,260,260.8947,15.22686,1.71456,1.282439,0.7328362,0.3106043,2,1,247.773,0.8810431,185.978,0,1,1,1,Attack
 2/1/2016 11:35:40 AM,0,522.9252,1,1,1,169.9244,8.695719,292.002,0,1,1,1,1,1,1,1,20.34701,2.203248,988.4084,1,2,1,1,1,2,148.8032,260,1.706853,777.9928,1,2,1,1,2,7.755255,260,260.8947,15.22686,1.71456,1.292174,0.7328362,0.3105403,2,1,247.773,0.8810431,186.0741,0,1,1,1,Attack
 2/1/2016 11:35:41 AM,0,522.9252,1,1,1,169.9244,8.695719,292.0277,0,1,1,1,1,1,1,1,20.34701,2.203248,988.0079,1,2,1,1,1,2,148.8032,260,1.706853,777.9543,1,2,1,1,2,7.755255,260,260.8947,15.22686,1.71456,1.302037,0.7328362,0.3100278,2,1,247.773,0.8810431,186.1221,0,1,1,1,Attack
 2/1/2016 11:35:42 AM,0,523.043,1,1,1,169.9244,8.695719,292.1302,0,1,1,1,1,1,1,1,20.34701,2.204401,987.5673,1,2,1,1,1,2,148.8032,260,1.70429,777.7621,1,2,1,1,2,7.75109,260,260.8947,15.22686,1.71456,1.302677,0.7328362,0.3100278,2,1,247.773,0.8810431,186.1221,0,1,1,1,Attack
 2/1/2016 11:35:43 AM,0,522.7682,1,1,1,169.9244,8.695719,292.1302,0,1,1,1,1,1,1,1,20.34701,2.204401,987.2869,1,2,1,1,1,2,148.8032,260,1.70429,777.839,1,2,1,1,2,7.75109,260,260.7665,15.22686,1.71456,1.302677,0.7328362,0.3087468,2,1,247.8691,0.8810431,186.1221,0,1,1,1,Attack
 2/1/2016 11:35:44 AM,0,522.7682,1,1,1,169.9244,8.695719,292.1302,0,1,1,1,1,1,1,1,20.34701,2.204401,986.7662,1,2,1,1,1,2,148.8032,260,1.70429,778.1082,1,2,1,1,2,7.75109,260,260.7665,15.22686,1.71456,1.29307,0.7328362,0.3084265,2,1,247.8691,0.8810431,186.1221,0,1,1,1,Attack
 2/1/2016 11:35:45 AM,0,522.729,1,1,1,169.9244,8.695719,292.1302,0,1,1,1,1,1,1,1,20.38863,2.204401,986.0453,1,2,1,1,1,2,148.8032,260,1.70429,778.5311,1,2,1,1,2,7.75109,260,260.7665,15.22686,1.71456,1.273985,0.7328362,0.3082983,2,1,247.8691,0.8810431,186.1221,0,1,1,1,Attack
 2/1/2016 11:35:46 AM,0,522.4935,1,1,1,169.9244,8.695719,292.1302,0,1,1,1,1,1,1,1,20.44625,2.203632,985.845,1,2,1,1,1,2,148.8032,260,1.70429,778.3389,1,2,1,1,2,7.75109,260,260.7665,15.22686,1.71456,1.271423,0.7328362,0.3082983,2,1,247.8691,0.8810431,186.1221,0,1,1,1,Attack
 2/1/2016 11:35:47 AM,0,522.6505,1,1,1,169.9244,8.695719,292.1302,0,1,1,1,1,1,1,1,20.47506,2.203632,985.5646,1,2,1,1,1,2,148.8032,260,1.70429,778.5311,1,2,1,1,2,7.75109,260,260.7665,15.22686,1.714176,1.271423,0.7328362,0.3082983,2,1,247.8691,0.8810431,186.1221,0,1,1,1,Attack
 2/1/2016 11:35:48 AM,0,522.8467,1,1,1,169.9244,8.695719,292.1302,0,1,1,1,1,1,1,1,20.40784,2.203632,985.2842,1,2,1,1,1,2,148.8032,260,1.70147,778.9541,1,2,1,1,2,7.752051,260,260.7024,15.22686,1.714176,1.271423,0.7328362,0.3082983,2,1,247.8691,0.8810431,186.1221,0,1,1,1,Attack
 2/1/2016 11:35:49 AM,0,523.0823,1,1,1,169.9244,8.697962,292.1302,0,1,1,1,1,1,1,1,20.34061,2.201966,984.6834,1,2,1,1,1,2,148.8032,260,1.70147,779.0695,1,2,1,1,2,7.753653,260,260.7024,15.22686,1.714176,1.282183,0.7328362,0.3082983,2,1,247.8691,0.8810431,186.1221,0,1,1,1,Attack
 2/1/2016 11:35:50 AM,0,523.2393,1,1,1,169.9244,8.697962,292.1302,0,1,1,1,1,1,1,1,20.3086,2.201966,983.8824,1,2,1,1,1,2,148.8032,260,1.70147,779.0695,1,2,1,1,2,7.753653,260,260.7024,15.22686,1.714176,1.282439,0.7328362,0.3105403,2,1,247.8691,0.8810431,186.1221,0,1,1,1,Attack
 2/1/2016 11:35:51 AM,0,523.3177,1,1,1,169.9244,8.697962,292.1302,0,1,1,1,1,1,1,1,20.29579,2.201966,983.4017,1,2,1,1,1,2,148.8032,260,1.70147,779.1079,1,2,1,1,2,7.753653,260,260.7024,15.22686,1.714176,1.273857,0.7328362,0.3105403,2,1,247.773,0.8810431,185.994,0,1,1,1,Attack
 2/1/2016 11:35:52 AM,0,523.043,1,1,1,169.9244,8.695398,292.1302,0,1,1,1,1,1,1,1,20.29579,2.201966,982.9611,1,2,1,1,1,2,148.8032,260,1.702368,779.6462,1,2,1,1,2,7.753653,260,260.7024,15.22686,1.714176,1.272576,0.7328362,0.3105403,2,1,247.773,0.8810431,185.994,0,1,1,1,Attack
 2/1/2016 11:35:53 AM,0,522.7682,1,1,1,169.9244,8.693155,292.1302,0,1,1,1,1,1,1,1,20.29579,2.201966,982.2402,1,2,1,1,1,2,148.8032,260,1.703265,779.9154,1,2,1,1,2,7.753653,260,260.7024,15.22686,1.714176,1.272064,0.7328362,0.3105403,2,1,247.773,0.8810431,185.994,0,1,1,1,Attack
 2/1/2016 11:35:54 AM,0,522.9645,1,1,1,169.9244,8.693155,292.1302,0,1,1,1,1,1,1,1,20.29579,2.202479,982.0399,1,2,1,1,1,2,148.8032,260,1.703265,779.6462,1,2,1,1,2,7.753653,260,260.7024,15.22686,1.715458,1.272064,0.7328362,0.3105403,2,1,247.773,0.8810431,185.994,0,1,1,1,Attack
 2/1/2016 11:35:55 AM,0,523.043,1,1,1,169.9244,8.693155,292.1302,0,1,1,1,1,1,1,1,20.32781,2.203248,981.2388,1,2,1,1,1,2,148.8032,260,1.703265,780.0308,1,2,1,1,2,7.753653,260,260.7024,15.22686,1.715714,1.272064,0.7328362,0.309003,2,1,247.773,0.8810431,185.994,0,1,1,1,Attack
 2/1/2016 11:35:56 AM,0,523.2785,1,1,1,169.9244,8.693155,292.1302,0,1,1,1,1,1,1,1,20.32781,2.203248,980.7982,1,2,1,1,1,2,148.8032,260,1.703265,780.223,1,2,1,1,2,7.753653,260,260.7024,15.22686,1.715714,1.262329,0.7328362,0.309003,2,1,247.773,0.8810431,185.994,0,1,1,1,Attack
 2/1/2016 11:35:57 AM,0,523.3177,1,1,1,169.9244,8.697321,292.1302,0,1,1,1,1,1,1,1,20.32781,2.204913,980.598,1,2,1,1,1,2,148.8032,260,1.705315,780.7229,1,2,1,1,2,7.753653,260,260.7024,15.22686,1.715073,1.261944,0.7328362,0.3099638,2,1,247.773,0.8810431,186.0901,0,1,1,1,Attack
 2/1/2016 11:35:58 AM,0,523.4355,1,1,1,169.9244,8.697321,292.1302,0,1,1,1,1,1,1,1,20.32781,2.204913,980.0773,1,2,1,1,1,2,148.8032,260,1.705956,780.4153,1,2,1,1,2,7.753653,260,260.7024,15.22686,1.71456,1.261944,0.7328362,0.3100278,2,1,247.773,0.8810431,186.0901,0,1,1,1,Attack
 2/1/2016 11:35:59 AM,0,523.2393,1,1,1,169.9244,8.697321,292.1302,0,1,1,1,1,1,1,1,20.32781,2.204913,980.0372,1,2,1,1,1,2,148.8032,260,1.706853,780.223,1,2,1,1,2,7.753653,260,260.8626,15.22686,1.71456,1.263866,0.7328362,0.3087468,2,1,247.773,0.8810431,186.0901,0,1,1,1,Attack
 2/1/2016 11:36:00 AM,0,523.6318,1,1,1,169.9244,8.697321,292.1302,0,1,1,1,1,1,1,1,20.32781,2.205426,979.7568,1,2,1,1,1,2,148.8032,260,1.706853,780.3384,1,2,1,1,2,7.753653,260,260.8626,15.22686,1.713407,1.271295,0.7328362,0.3084265,2,1,247.9012,0.8810431,186.0901,0,1,1,1,Attack
 2/1/2016 11:36:01 AM,0,523.8281,1,1,1,169.9244,8.697321,292.1302,0,1,1,1,1,1,1,1,20.32781,2.206066,979.196,1,2,1,1,1,2,148.8032,260,1.706853,780.4153,1,2,1,1,2,7.753653,260,260.8626,15.22686,1.713407,1.261944,0.7328362,0.3080421,2,1,247.9332,0.8810431,186.0901,0,1,1,1,Attack
 2/1/2016 11:36:02 AM,0,523.8281,1,1,1,169.9244,8.697321,292.1302,0,1,1,1,1,1,1,1,20.32781,2.206066,978.4751,1,2,1,1,1,2,148.8032,260,1.706853,780.2999,1,2,1,1,2,7.753653,260,260.8626,15.22686,1.713407,1.261944,0.7328362,0.3080421,2,1,247.9332,0.8810431,186.0901,0,1,1,1,Attack
 2/1/2016 11:36:03 AM,0,523.8673,1,1,1,169.9244,8.697321,292.1302,0,1,1,1,1,1,1,1,20.18375,2.206066,977.7542,1,2,1,1,1,2,148.8032,260,1.707237,779.877,1,2,1,1,2,7.753653,260,260.8626,15.22686,1.712894,1.271551,0.7328362,0.3092592,2,1,247.9332,0.9771569,186.0901,0,1,1,1,Attack
 2/1/2016 11:36:04 AM,0,523.9066,1,1,1,169.9244,8.697321,292.1302,0,1,1,1,1,1,1,1,20.16774,2.206066,977.3536,1,2,1,1,1,2,148.8032,260,1.707237,780.0308,1,2,1,1,2,7.753653,260,260.8626,15.22686,1.711612,1.276547,0.7341164,0.3093233,2,1,247.8211,0.9771569,186.0901,0,1,1,1,Attack
 2/1/2016 11:36:05 AM,0,523.7496,1,1,1,169.9244,8.694117,292.1302,0,1,1,1,1,1,1,1,20.16774,2.206066,977.2735,1,2,1,1,1,2,148.8032,260,1.707237,780.0692,1,2,1,1,2,7.753653,260,260.8626,15.22686,1.710972,1.282439,0.7341164,0.3093233,2,1,247.757,0.9771569,186.0901,0,1,1,1,Attack
 2/1/2016 11:36:06 AM,0,523.8281,1,1,1,169.9244,8.694117,292.1302,0,1,1,1,1,1,1,1,20.22217,2.204913,977.0331,1,2,1,1,1,2,148.8032,260,1.707237,779.9539,1,2,1,1,2,7.752692,260,260.8626,15.22686,1.710972,1.282439,0.7341164,0.3084265,2,1,247.757,0.9771569,186.0901,0,1,1,1,Attack
 2/1/2016 11:36:07 AM,0,523.7103,1,1,1,169.9244,8.694117,292.1302,0,1,1,1,1,1,1,1,20.22217,2.203248,976.3522,1,2,1,1,1,2,148.8032,260,1.707237,780.0692,1,2,1,1,2,7.752692,260,260.8626,15.41912,1.713279,1.282183,0.7341164,0.3084265,2,1,247.757,0.9771569,186.0901,0,1,1,1,Attack
 2/1/2016 11:36:08 AM,0,523.671,1,1,1,169.9244,8.692835,292.1302,0,1,1,1,1,1,1,1,20.27659,2.203248,975.8315,1,2,1,1,1,2,148.8032,260,1.707237,780.0692,1,2,1,1,2,7.752692,260,260.8626,15.41912,1.713279,1.27232,0.7341164,0.3084265,2,1,247.757,0.9771569,186.0901,0,1,1,1,Attack
 2/1/2016 11:36:09 AM,0,523.671,1,1,1,169.9244,8.692835,292.1302,0,1,1,1,1,1,1,1,20.27659,2.203248,975.8315,1,2,1,1,1,2,148.8032,260,1.707237,780.0692,1,2,1,1,2,7.752692,260,260.8626,15.41912,1.713279,1.27232,0.7341164,0.3084265,2,1,247.757,0.9771569,186.0901,0,1,1,1,Attack
 2/1/2016 11:36:10 AM,0,523.7496,1,1,1,169.9244,8.692835,292.1302,0,1,1,1,1,1,1,1,20.27659,2.203248,974.9904,1,2,1,1,1,2,148.8032,260,1.706981,780.2999,1,2,1,1,2,7.752692,260,260.8626,15.41912,1.713279,1.27232,0.7341164,0.3084265,2,1,247.757,0.9771569,186.0901,0,1,1,1,Attack
 2/1/2016 11:36:11 AM,0,523.7103,1,1,1,169.9244,8.692835,292.1302,0,1,1,1,1,1,1,1,20.22857,2.203248,974.7501,1,2,1,1,1,2,148.8032,260,1.703777,780.2999,1,2,1,1,2,7.752692,260,260.8626,15.41912,1.713279,1.28103,0.7341164,0.3084265,2,1,247.757,0.9771569,186.0901,0,1,1,1,Attack
 2/1/2016 11:36:12 AM,0,523.8673,1,1,1,169.9244,8.692835,292.1302,0,1,1,1,1,1,1,1,20.22217,2.203248,974.5898,1,2,1,1,1,2,148.8032,260,1.703777,780.223,1,2,1,1,2,7.752692,260,260.8626,15.41912,1.713279,1.290124,0.7341164,0.3084265,2,1,247.757,0.9771569,186.0901,0,1,1,1,Attack
 2/1/2016 11:36:13 AM,0,524.0636,1,1,1,169.9244,8.692835,292.1302,0,1,1,1,1,1,1,1,20.22217,2.203248,974.2695,1,2,1,1,1,2,148.8032,260,1.703777,780.0692,1,2,1,1,2,7.752692,260,260.8626,15.34222,1.713279,1.291405,0.7333483,0.3084265,2,1,247.757,0.9771569,186.0901,0,1,1,1,Attack
 2/1/2016 11:36:14 AM,0,524.0636,1,1,1,169.9244,8.692835,292.1302,0,1,1,1,1,1,1,1,20.22217,2.203248,973.949,1,2,1,1,1,2,148.8032,260,1.706853,780.0692,1,2,1,1,2,7.752692,260,260.8626,15.34222,1.713279,1.282311,0.7323241,0.3084265,2,1,247.757,0.9771569,185.978,0,1,1,1,Attack
 2/1/2016 11:36:15 AM,0,524.0243,1,1,1,169.9244,8.695398,292.1302,0,1,1,1,1,1,1,1,20.22217,2.203248,973.2681,1,2,1,1,1,2,148.8032,260,1.706853,780.7229,1,2,1,1,2,7.752692,260,260.8626,15.34222,1.713279,1.281798,0.7323241,0.3084265,2,1,247.757,0.9771569,185.978,0,1,1,1,Attack
 2/1/2016 11:36:16 AM,0,523.9458,1,1,1,169.9244,8.695398,292.2584,0,1,1,1,1,1,1,1,20.23497,2.203248,973.5485,1,2,1,1,1,2,148.8032,260,1.703905,780.2615,1,2,1,1,2,7.752692,260,260.8626,15.14996,1.713279,1.281798,0.7323241,0.3084265,2,1,247.757,0.9771569,185.978,0,1,1,1,Attack
 2/1/2016 11:36:17 AM,0,523.8281,1,1,1,169.9244,8.695398,292.2584,0,1,1,1,1,1,1,1,20.26698,2.203888,972.6273,1,2,1,1,1,2,148.8032,260,1.703905,780.7614,1,2,1,1,2,7.752692,260,260.8626,15.14996,1.713279,1.284104,0.7323241,0.3084265,2,1,247.757,0.9771569,185.978,0,1,1,1,Attack
 2/1/2016 11:36:18 AM,0,523.7496,1,1,1,169.9244,8.695398,292.2584,0,1,1,1,1,1,1,1,20.26698,2.204913,971.6259,1,2,1,1,1,2,148.8032,260,1.702496,780.9152,1,2,1,1,2,7.752692,260,260.8626,15.14996,1.713279,1.290765,0.7323241,0.3084265,2,1,247.757,0.9771569,185.994,0,1,1,1,Attack
