 28/12/2015 2:16:20 PM,2.544278,525.83,2,2,1,263.2018,8.367277,328.6337,2.440906,2,1,1,2,1,2,1,19.47628,2.218493,961.9329,1,2,1,1,1,2,148.808,157.4468,0.7,749.4617,1,2,1,1,2,7.853628,147.1674,270.9562,13.61189,1.738529,1.331625,0.7309157,0.306761,2,1,246.267,1.746067,185.8177,0.000128152,1,1,1,Attack
 28/12/2015 2:16:21 PM,2.532748,525.83,2,2,1,263.2018,8.367277,328.6337,2.440393,2,1,1,2,1,2,1,19.47628,2.218493,961.7726,1,2,1,1,1,2,148.808,157.4468,0.7,749.4617,1,2,1,1,2,7.853628,147.1674,270.9562,13.61189,1.738529,1.326758,0.7309157,0.306761,2,1,246.3791,1.746067,185.8177,0.000128152,1,1,1,Attack
 28/12/2015 2:16:22 PM,2.518336,526.0262,2,2,1,263.2018,8.367277,328.6337,2.440393,2,1,1,2,1,2,1,19.47628,2.218493,961.7326,1,2,1,1,1,2,148.808,157.4468,0.7,749.2694,1,2,1,1,2,7.853628,147.1674,270.9562,13.61189,1.738529,1.326758,0.7309157,0.306761,2,1,246.3791,1.746067,185.8177,0.000128152,1,1,1,Attack
 28/12/2015 2:16:23 PM,2.503283,526.4188,2,2,1,263.2018,8.367277,328.6337,2.440137,2,1,1,2,1,2,1,19.47628,2.218493,961.7326,1,2,1,1,1,2,148.808,157.4468,0.7,749.6539,1,2,1,1,2,7.853628,147.1674,270.9562,13.61189,1.736991,1.319713,0.7309157,0.306761,2,1,246.3791,1.746067,185.8177,0.000128152,1,1,1,Attack
 28/12/2015 2:16:24 PM,2.489191,527.4001,2,2,1,263.2018,8.367277,328.6337,2.440137,2,1,1,2,1,2,1,19.47628,2.218493,961.5724,1,2,1,1,1,2,148.808,157.3443,0.7,750.1538,1,2,1,1,2,7.853628,147.1674,270.9562,13.61189,1.735581,1.312284,0.7309157,0.306761,2,1,246.267,1.746067,185.6095,0.000128152,1,1,1,Attack
 28/12/2015 2:16:25 PM,2.470614,527.9496,2,2,1,263.2018,8.366317,328.6337,2.440137,2,1,1,2,1,2,1,19.47628,2.216827,961.8527,1,2,1,1,1,2,148.808,157.3443,0.7,750.2307,1,2,1,1,2,7.853628,147.1674,270.9562,13.61189,1.735581,1.303702,0.732196,0.306761,2,1,246.1548,1.746067,185.5294,0.000128152,1,1,1,Attack
 28/12/2015 2:16:26 PM,2.457163,528.8524,2,2,1,263.2018,8.365035,328.6337,2.440137,2,1,1,2,1,2,1,19.42506,2.215546,961.6525,1,2,1,1,1,2,148.808,157.3443,0.7,750.7306,1,2,1,1,2,7.853628,147.1674,270.9562,13.61189,1.735068,1.291533,0.732196,0.306761,2,1,246.0267,1.746067,185.5294,0.000128152,1,1,1,Attack
 28/12/2015 2:16:27 PM,2.444031,529.3627,2,2,1,263.2018,8.365035,328.6337,2.440137,2,1,1,2,1,2,1,19.42506,2.215546,961.6124,1,2,1,1,1,2,148.808,157.3443,0.7,750.8459,1,2,1,1,2,7.853628,147.1674,270.9562,13.61189,1.735068,1.291533,0.732196,0.306761,2,1,246.0267,1.746067,185.5294,0.000128152,1,1,1,Attack
 28/12/2015 2:16:28 PM,2.432822,529.7945,2,2,1,263.2018,8.365035,328.6337,2.440137,2,1,1,2,1,2,1,19.47308,2.215546,961.3721,1,2,1,1,1,2,148.808,157.3443,0.7,750.6537,1,2,1,1,2,7.853628,147.1674,270.9562,13.61189,1.735068,1.301396,0.7325801,0.3077859,2,1,246.0267,1.746067,185.5294,0.000128152,1,1,1,Attack
 28/12/2015 2:16:29 PM,2.431541,529.9907,2,2,1,263.2018,8.365035,328.6337,2.438599,2,1,1,2,1,2,1,19.47308,2.217083,960.9315,1,2,1,1,1,2,148.808,157.3443,0.7,750.8075,1,2,1,1,2,7.853628,147.1674,270.9562,13.61189,1.735068,1.302293,0.7329642,0.3083624,2,1,246.0267,1.746067,185.4492,0.000128152,1,1,1,Attack
 28/12/2015 2:16:30 PM,2.431541,529.9122,2,2,1,263.2018,8.365035,328.6337,2.438599,2,1,1,2,1,2,1,19.47308,2.218621,960.9716,1,2,1,1,1,2,148.808,157.3443,0.7,750.769,1,2,1,1,2,7.853628,147.1674,270.9562,13.61189,1.735068,1.302293,0.7329642,0.3083624,2,1,246.0267,1.746067,185.3211,0.000128152,1,1,1,Attack
 28/12/2015 2:16:31 PM,2.466451,530.03,2,2,1,263.2018,8.365035,328.6337,2.438599,2,1,1,2,1,2,1,19.47308,2.218621,960.8514,1,2,1,1,1,2,148.808,157.3443,0.7,750.9998,1,2,1,1,2,7.853628,147.1674,270.9562,13.61189,1.735068,1.302293,0.7329642,0.3083624,2,1,245.8504,1.746067,185.3211,0.000128152,1,1,1,Attack
 28/12/2015 2:16:32 PM,2.522499,530.03,2,2,1,263.2018,8.365035,328.6337,2.441034,2,1,1,2,1,2,1,19.5275,2.218621,960.7713,1,2,1,1,1,2,148.808,157.3443,0.7,751.0767,1,2,1,1,2,7.853628,147.1674,270.9562,13.61189,1.735068,1.302293,0.7329642,0.3083624,2,1,245.8504,1.746067,185.3211,0.000128152,1,1,1,Attack
 28/12/2015 2:16:33 PM,2.548121,530.3047,2,2,1,263.2018,8.366636,328.6337,2.441034,2,1,1,2,1,2,1,19.5275,2.218621,960.7313,1,2,1,1,1,2,148.808,157.3443,0.7,751.0382,1,2,1,1,2,7.853628,147.1674,270.9562,13.61189,1.735068,1.302293,0.7329642,0.3083624,2,1,245.8504,1.746067,185.3211,0.000128152,1,1,1,Attack
 28/12/2015 2:16:34 PM,2.589757,530.8936,2,2,1,263.2018,8.367598,328.6337,2.441034,2,1,1,2,1,2,1,19.5275,2.218621,960.7713,1,2,1,1,1,2,148.808,157.3443,0.7,751.192,1,2,1,1,2,7.853628,147.1418,270.86,13.61189,1.735068,1.324452,0.7329642,0.3083624,2,1,245.8504,1.746067,185.5133,0.000128152,1,1,1,Attack
 28/12/2015 2:16:35 PM,2.631714,531.3646,2,2,1,263.2018,8.367598,328.6337,2.441034,2,1,1,2,1,2,1,19.5275,2.218364,960.1705,1,2,1,1,1,2,148.808,157.3443,0.7,750.9229,1,2,1,1,2,7.853628,146.9623,270.7319,13.61189,1.735068,1.329832,0.7329642,0.3083624,2,1,246.1709,1.746067,185.6415,0.000128152,1,1,1,Attack
 28/12/2015 2:16:36 PM,2.664382,531.5609,2,2,1,263.2018,8.367598,328.6337,2.441034,2,1,1,2,1,2,1,19.5275,2.21593,960.2506,1,2,1,1,1,2,148.808,157.3443,0.7,751.2689,1,2,1,1,2,7.853628,146.9623,270.7319,13.61189,1.735068,1.314333,0.7329642,0.3083624,2,1,246.1709,1.746067,185.6415,0.000128152,1,1,1,Attack
 28/12/2015 2:16:37 PM,2.67367,531.2076,2,2,1,263.2018,8.367598,328.6337,2.441419,2,1,1,2,1,2,1,19.5275,2.215162,960.2506,1,2,1,1,1,2,148.808,157.3443,0.7,751.4612,1,2,1,1,2,7.853628,146.9623,270.7319,13.6888,1.735324,1.299091,0.7329642,0.3083624,2,1,246.251,1.746067,185.6415,0.000128152,1,1,1,Attack
 28/12/2015 2:16:38 PM,2.646126,530.501,2,2,1,263.2018,8.367598,328.6337,2.44206,2,1,1,2,1,2,1,19.5275,2.213881,960.2106,1,2,1,1,1,2,148.808,157.3443,0.7,751.2689,1,2,1,1,2,7.853628,146.9623,270.7319,13.6888,1.736606,1.282183,0.7329642,0.3083624,2,1,246.251,1.746067,185.7216,0.000128152,1,1,1,Attack
 28/12/2015 2:16:39 PM,2.617301,530.03,2,2,1,263.2018,8.367277,328.6337,2.440778,2,1,1,2,1,2,1,19.5275,2.212856,960.3708,1,2,1,1,1,2,148.808,157.3443,0.7,751.2689,1,2,1,1,2,7.853628,146.9623,270.7319,13.6888,1.737247,1.282183,0.7329642,0.3083624,2,1,246.251,1.746067,185.8017,0.000128152,1,1,1,Attack
 28/12/2015 2:16:40 PM,2.6157,529.7159,2,2,1,263.2018,8.366636,328.6337,2.439496,2,1,1,2,1,2,1,19.5275,2.211959,960.9716,1,2,1,1,1,2,148.808,157.3443,0.7,751.1536,1,2,1,1,2,7.853628,147.0648,270.7319,13.6888,1.738272,1.301396,0.7329642,0.3083624,2,1,246.251,1.746067,185.8017,0.000128152,1,1,1,Attack
 28/12/2015 2:16:41 PM,2.612818,529.1272,2,2,1,263.2018,8.366317,328.6337,2.438215,2,1,1,2,1,2,1,19.5275,2.211959,960.7713,1,2,1,1,1,2,148.808,157.3443,0.7,751.0382,1,2,1,1,2,7.853628,147.0648,270.7319,13.6888,1.738272,1.311003,0.7329642,0.3083624,2,1,246.251,1.746067,185.8017,0.000128152,1,1,1,Attack
 28/12/2015 2:16:42 PM,2.612818,528.4599,2,2,1,263.2018,8.366317,328.6337,2.43719,2,1,1,2,1,2,1,19.5275,2.211959,961.1718,1,2,1,1,1,2,148.808,157.3443,0.7,751.2305,1,2,1,1,2,7.853628,147.0648,270.7319,13.6888,1.738272,1.309722,0.7328362,0.3083624,2,1,246.251,1.746067,185.8017,0.000128152,1,1,1,Attack
 28/12/2015 2:16:43 PM,2.595202,528.1459,2,2,1,263.2018,8.366317,328.6337,2.43719,2,1,1,2,1,2,1,19.51149,2.211959,961.4122,1,2,1,1,1,2,148.808,157.3443,0.7,750.8459,1,2,1,1,2,7.853628,147.0648,270.7319,13.6888,1.738272,1.289228,0.732196,0.3083624,2,1,246.251,1.746067,185.8017,0.000128152,1,1,1,Attack
 28/12/2015 2:16:44 PM,2.570541,528.2636,2,2,1,263.2018,8.366317,328.6337,2.43719,2,1,1,2,1,2,1,19.51149,2.212728,961.5724,1,2,1,1,1,2,148.808,157.3443,0.7,750.9613,1,2,1,1,2,7.853628,147.0648,270.7319,13.6888,1.738144,1.285001,0.732196,0.3083624,2,1,246.251,1.746067,185.8017,0.000128152,1,1,1,Attack
 28/12/2015 2:16:45 PM,2.550364,528.4207,2,2,1,263.2018,8.366317,328.4799,2.43719,2,1,1,2,1,2,1,19.51149,2.212728,961.6525,1,2,1,1,1,2,148.808,157.3443,0.7,751.2689,1,2,1,1,2,7.853628,147.0648,270.7319,13.6888,1.735837,1.292174,0.732196,0.3083624,2,1,246.251,1.746067,185.5294,0.000128152,1,1,1,Attack
 28/12/2015 2:16:46 PM,2.538513,528.5384,2,2,1,263.2018,8.366317,328.4799,2.439753,2,1,1,2,1,2,1,19.55311,2.212728,962.1732,1,2,1,1,1,2,148.808,157.3443,0.7,751.6534,1,2,1,1,2,7.853628,147.0648,270.7319,13.6888,1.735837,1.307801,0.732196,0.3083624,2,1,246.251,1.746067,185.5294,0.000128152,1,1,1,Attack
 28/12/2015 2:16:47 PM,2.524741,528.6561,2,2,1,263.2018,8.366317,328.4799,2.439753,2,1,1,2,1,2,1,19.59152,2.212728,962.0129,1,2,1,1,1,2,148.808,157.3443,0.7,751.8073,1,2,1,1,2,7.853628,147.0648,270.7319,13.6888,1.735196,1.3119,0.732196,0.3083624,2,1,246.251,1.746067,185.5294,0.000128152,1,1,1,Attack
 28/12/2015 2:16:48 PM,2.506806,528.8132,2,2,1,263.2018,8.366317,328.4799,2.439753,2,1,1,2,1,2,1,19.59152,2.212728,962.4135,1,2,1,1,1,2,148.808,157.3443,0.7,751.8457,1,2,1,1,2,7.853628,147.0648,270.7319,13.6888,1.735196,1.308697,0.732196,0.3083624,2,1,246.1709,1.746067,185.5294,0.000128152,1,1,1,Attack
 28/12/2015 2:16:49 PM,2.495596,528.8132,2,2,1,263.2018,8.366317,328.4799,2.439753,2,1,1,2,1,2,1,19.57232,2.214137,962.4536,1,2,1,1,1,2,148.808,157.3443,0.7,752.1149,1,2,1,1,2,7.853628,147.0648,270.7319,13.41964,1.735196,1.293711,0.7301476,0.3071454,2,1,246.1709,1.746067,185.8017,0.000128152,1,1,1,Attack
 28/12/2015 2:16:50 PM,2.477661,528.9702,2,2,1,263.2018,8.366317,328.5568,2.439753,2,1,1,2,1,2,1,19.50829,2.214137,962.8541,1,2,1,1,1,2,148.808,157.3699,0.7,752.5378,1,2,1,1,2,7.853628,147.0648,270.7319,13.41964,1.735196,1.273601,0.7301476,0.3065048,2,1,246.4592,1.746067,185.8017,0.000128152,1,1,1,Attack
 28/12/2015 2:16:51 PM,2.469654,528.8132,2,2,1,263.2018,8.366317,328.5568,2.439753,2,1,1,2,1,2,1,19.43466,2.214137,962.814,1,2,1,1,1,2,148.808,157.3699,0.7,752.4225,1,2,1,1,2,7.853628,147.0648,270.7319,13.6888,1.737119,1.276547,0.7301476,0.3065048,2,1,246.4592,1.746067,185.8017,0.000128152,1,1,1,Attack
 28/12/2015 2:16:52 PM,2.458444,529.0094,2,2,1,263.2018,8.366317,328.5568,2.439753,2,1,1,2,1,2,1,19.43466,2.210934,962.5737,1,2,1,1,1,2,148.808,157.4981,0.7,752.5762,1,2,1,1,2,7.853628,147.0648,270.7319,13.6888,1.73776,1.291533,0.7301476,0.3065048,2,1,246.4592,1.746067,185.8017,0.000128152,1,1,1,Attack
 28/12/2015 2:16:53 PM,2.44275,529.402,2,2,1,263.2018,8.366317,328.5568,2.439753,2,1,1,2,1,2,1,19.47948,2.209909,962.3735,1,2,1,1,1,2,148.808,157.4981,0.7,752.4993,1,2,1,1,2,7.853628,147.0648,270.7319,13.6888,1.737888,1.291533,0.7310438,0.3065048,2,1,246.4592,1.746067,185.8338,0.000128152,1,1,1,Attack
 28/12/2015 2:16:54 PM,2.44275,529.402,2,2,1,263.2018,8.366317,328.5568,2.439753,2,1,1,2,1,2,1,19.47948,2.209909,962.3735,1,2,1,1,1,2,148.808,157.4981,0.7,752.4993,1,2,1,1,2,7.853628,147.0648,270.7319,13.6888,1.737888,1.291533,0.7310438,0.3065048,2,1,246.4592,1.746067,185.8338,0.000128152,1,1,1,Attack
 28/12/2015 2:16:55 PM,2.428658,530.1085,2,2,1,263.2018,8.366317,328.5568,2.439753,2,1,1,2,1,2,1,19.49869,2.209909,962.0129,1,2,1,1,1,2,148.808,157.4981,0.7,752.8839,1,2,1,1,2,7.853628,147.0648,270.7319,13.6888,1.738785,1.302165,0.7316839,0.3065048,2,1,246.4592,1.746067,185.8338,0.000128152,1,1,1,Attack
 28/12/2015 2:16:56 PM,2.427377,530.03,2,2,1,263.2018,8.366317,328.5568,2.439753,2,1,1,2,1,2,1,19.51149,2.213496,961.7326,1,2,1,1,1,2,148.808,157.4981,0.7,753.3837,1,2,1,1,2,7.853628,147.0648,270.7319,13.41964,1.738785,1.296016,0.7316839,0.3065048,2,1,246.4592,1.746067,185.8338,0.000128152,1,1,1,Attack
 28/12/2015 2:16:57 PM,2.427377,530.187,2,2,1,263.2018,8.366317,328.5568,2.439753,2,1,1,2,1,2,1,19.5211,2.213496,961.6124,1,2,1,1,1,2,148.808,157.4981,0.7,753.4606,1,2,1,1,2,7.853628,147.0648,270.7319,13.41964,1.738785,1.282567,0.7316839,0.3065048,2,1,246.4592,1.746067,185.8338,0.000128152,1,1,1,Attack
 28/12/2015 2:16:58 PM,2.485027,529.4412,2,2,1,263.2018,8.366317,328.5568,2.437574,2,1,1,2,1,2,1,19.5211,2.213496,961.6124,1,2,1,1,1,2,148.808,157.4981,0.7,753.9221,1,2,1,1,2,7.853628,147.0648,270.7319,13.41964,1.738785,1.294992,0.7310438,0.3065048,2,1,246.2349,1.746067,185.8338,0.000128152,1,1,1,Attack
 28/12/2015 2:16:59 PM,2.518336,529.0094,2,2,1,263.2018,8.366317,328.5568,2.437574,2,1,1,2,1,2,1,19.55311,2.212728,961.5323,1,2,1,1,1,2,148.808,157.4981,0.7,753.9221,1,2,1,1,2,7.853628,147.0648,270.7319,13.49654,1.738144,1.308697,0.7302756,0.3065048,2,1,246.2349,1.746067,185.8338,0.000128152,1,1,1,Attack
 28/12/2015 2:17:00 PM,2.564456,528.3421,2,2,1,263.2018,8.366317,328.5568,2.439112,2,1,1,2,1,2,1,19.55311,2.212728,961.8527,1,2,1,1,1,2,148.808,157.4981,0.7,753.8836,1,2,1,1,2,7.853628,147.0648,270.7319,13.88106,1.73776,1.314974,0.7302756,0.3065048,2,1,246.2349,1.746067,185.8338,0.000128152,1,1,1,Attack
 28/12/2015 2:17:01 PM,2.60481,527.7926,2,2,1,263.2018,8.366317,328.5568,2.439625,2,1,1,2,1,2,1,19.55311,2.213881,961.9329,1,2,1,1,1,2,148.808,157.4981,0.7,753.8836,1,2,1,1,2,7.853628,147.0648,270.7319,13.88106,1.73776,1.321891,0.7304036,0.3065048,2,1,246.2349,1.746067,185.7216,0.000128152,1,1,1,Attack
 28/12/2015 2:17:02 PM,2.634917,526.6542,2,2,1,263.2018,8.366317,328.5568,2.439625,2,1,1,2,1,2,1,19.55311,2.214521,961.9329,1,2,1,1,1,2,148.808,157.4981,0.7,754.5373,1,2,1,1,2,7.853628,147.0648,270.7319,13.88106,1.73776,1.321891,0.7312998,0.3065048,2,1,246.2349,1.746067,185.7216,0.000128152,1,1,1,Attack
 28/12/2015 2:17:03 PM,2.665023,525.83,2,2,1,263.2018,8.366317,328.5568,2.438343,2,1,1,2,1,2,1,19.5211,2.214521,961.5323,1,2,1,1,1,2,148.808,157.4981,0.7,755.0372,1,2,1,1,2,7.853628,147.0648,270.7319,13.65035,1.73776,1.3119,0.7312998,0.3065048,2,1,246.2349,1.746067,185.7216,0.000128152,1,1,1,Attack
 28/12/2015 2:17:04 PM,2.670788,525.5159,2,2,1,263.2018,8.366317,328.5568,2.438343,2,1,1,2,1,2,1,19.5211,2.214521,961.4522,1,2,1,1,1,2,148.808,157.4981,0.7,754.9987,1,2,1,1,2,7.853628,147.0648,270.7319,13.65035,1.73776,1.301652,0.7312998,0.3065048,2,1,246.2349,1.746067,185.7216,0.000128152,1,1,1,Attack
 28/12/2015 2:17:05 PM,2.652852,525.5944,2,2,1,263.2018,8.366317,328.5568,2.438343,2,1,1,2,1,2,1,19.5435,2.214521,961.0517,1,2,1,1,1,2,148.808,157.4981,0.7,755.191,1,2,1,1,2,7.853628,147.0648,270.7319,13.65035,1.737888,1.294992,0.7312998,0.3065048,2,1,246.315,1.746067,185.7216,0.000128152,1,1,1,Attack
 28/12/2015 2:17:06 PM,2.633315,525.4374,2,2,1,263.2018,8.364715,328.5568,2.438343,2,1,1,2,1,2,1,19.5435,2.214521,961.0116,1,2,1,1,1,2,148.808,157.4981,0.7,755.4986,1,2,1,1,2,7.853628,147.0648,270.7319,13.65035,1.740323,1.292174,0.7325801,0.3065048,2,1,246.3311,1.746067,185.7216,0.000128152,1,1,1,Attack
 28/12/2015 2:17:07 PM,2.625308,525.3196,2,2,1,263.2018,8.364715,328.5568,2.438343,2,1,1,2,1,2,1,19.5435,2.214521,961.5323,1,2,1,1,1,2,148.808,157.4981,0.7,755.8831,1,2,1,1,2,7.853628,147.0648,270.7319,13.65035,1.740323,1.292174,0.7327082,0.3065048,2,1,246.3471,1.746067,185.8338,0.000128152,1,1,1,Attack
 28/12/2015 2:17:08 PM,2.625308,525.7907,2,2,1,263.2018,8.364074,328.5568,2.436293,2,1,1,2,1,2,1,19.5435,2.214521,961.8527,1,2,1,1,1,2,148.808,157.4981,0.7,756.0369,1,2,1,1,2,7.853628,147.2956,270.7319,13.65035,1.740323,1.310363,0.7327082,0.3081062,2,1,246.5554,1.746067,185.8338,0.000128152,1,1,1,Attack
 28/12/2015 2:17:09 PM,2.612177,525.7122,2,2,1,263.2018,8.364074,328.5568,2.436036,2,1,1,2,1,2,1,19.48908,2.214521,962.1732,1,2,1,1,1,2,148.808,157.4981,0.7,756.0754,1,2,1,1,2,7.853628,147.2956,270.7319,13.65035,1.739426,1.328551,0.7327082,0.3081062,2,1,246.5554,1.746067,185.994,0.000128152,1,1,1,Attack
 28/12/2015 2:17:10 PM,2.593281,526.2225,2,2,1,263.2018,8.364074,328.5568,2.43578,2,1,1,2,1,2,1,19.48908,2.213881,962.2533,1,2,1,1,1,2,148.808,157.4981,0.7,756.383,1,2,1,1,2,7.853628,147.2956,270.7319,13.65035,1.7384,1.331754,0.7327082,0.3068251,2,1,246.5554,1.746067,185.994,0.000128152,1,1,1,Attack
 28/12/2015 2:17:11 PM,2.5699,526.2617,2,2,1,263.2018,8.364074,328.5568,2.43578,2,1,1,2,1,2,1,19.48908,2.213368,962.3735,1,2,1,1,1,2,148.808,157.4981,0.7,756.1907,1,2,1,1,2,7.853628,147.2956,270.7319,13.65035,1.738272,1.331754,0.7327082,0.3068251,2,1,246.5554,1.746067,185.994,0.000128152,1,1,1,Attack
 28/12/2015 2:17:12 PM,2.552285,526.4188,2,2,1,263.2018,8.364074,328.5568,2.43578,2,1,1,2,1,2,1,19.48908,2.213368,962.6538,1,2,1,1,1,2,148.808,157.4981,0.7,756.2676,1,2,1,1,2,7.853628,147.2956,270.7319,13.65035,1.738272,1.314333,0.7327082,0.3068251,2,1,246.5554,1.746067,185.994,0.000128152,1,1,1,Attack
 28/12/2015 2:17:13 PM,2.524741,526.6935,2,2,1,263.2018,8.364074,328.5568,2.43578,2,1,1,2,1,2,1,19.48908,2.213368,962.7339,1,2,1,1,1,2,148.808,157.4981,0.7,756.3445,1,2,1,1,2,7.853628,147.2956,270.7319,13.65035,1.738272,1.302933,0.7327082,0.3068251,2,1,246.4592,1.746067,185.8978,0.000128152,1,1,1,Attack
 28/12/2015 2:17:14 PM,2.509688,526.615,2,2,1,263.2018,8.364074,328.5568,2.43578,2,1,1,2,1,2,1,19.48908,2.213368,962.7339,1,2,1,1,1,2,148.808,157.4981,0.7,756.4599,1,2,1,1,2,7.853628,147.2956,270.7319,13.65035,1.738272,1.293198,0.7327082,0.3065689,2,1,246.315,1.746067,185.8177,0.000128152,1,1,1,Attack
 28/12/2015 2:17:15 PM,2.494635,526.6935,2,2,1,263.2018,8.364074,328.5568,2.438215,2,1,1,2,1,2,1,19.48908,2.213368,962.6538,1,2,1,1,1,2,148.808,157.4981,0.7,756.5753,1,2,1,1,2,7.853628,147.2956,270.7319,13.65035,1.738272,1.291405,0.7327082,0.3065048,2,1,246.315,1.746067,185.8177,0.000128152,1,1,1,Attack
 28/12/2015 2:17:16 PM,2.483426,526.8505,2,2,1,263.2018,8.364074,328.5568,2.438215,2,1,1,2,1,2,1,19.48908,2.213368,962.3735,1,2,1,1,1,2,148.808,157.4981,0.7,756.8444,1,2,1,1,2,7.853628,147.1674,270.7319,13.65035,1.738272,1.294736,0.7327082,0.3065048,2,1,246.315,1.746067,185.8177,0.000128152,1,1,1,Attack
 28/12/2015 2:17:17 PM,2.472216,526.9683,2,2,1,263.2018,8.366636,328.5568,2.436036,2,1,1,2,1,2,1,19.49869,2.213368,962.4135,1,2,1,1,1,2,148.808,157.4981,0.7,756.806,1,2,1,1,2,7.853628,147.1674,270.7319,13.65035,1.738272,1.303446,0.7327082,0.3065048,2,1,246.315,1.746067,185.8177,0.000128152,1,1,1,Attack
 28/12/2015 2:17:18 PM,2.467412,527.0075,2,2,1,263.2018,8.366636,328.5568,2.436036,2,1,1,2,1,2,1,19.49869,2.213368,962.7339,1,2,1,1,1,2,148.808,157.4981,0.7,756.6522,1,2,1,1,2,7.853628,147.1674,270.7319,13.65035,1.738272,1.311387,0.7327082,0.3065048,2,1,246.315,1.746067,185.8177,0.000128152,1,1,1,Attack
 28/12/2015 2:17:19 PM,2.452999,527.0861,2,2,1,263.2018,8.366636,328.5568,2.436036,2,1,1,2,1,2,1,19.5211,2.213624,962.8541,1,2,1,1,1,2,148.808,157.4981,0.7,756.4599,1,2,1,1,2,7.853628,147.1674,270.7319,13.65035,1.738272,1.311772,0.7327082,0.3065048,2,1,246.315,1.746067,185.8177,0.000128152,1,1,1,Attack
 28/12/2015 2:17:20 PM,2.444031,527.0861,2,2,1,263.2018,8.366636,328.5568,2.43719,2,1,1,2,1,2,1,19.5211,2.214265,962.814,1,2,1,1,1,2,148.808,157.3186,0.7,756.3445,1,2,1,1,2,7.853628,147.1674,270.7319,13.65035,1.738272,1.311643,0.7327082,0.3065048,2,1,246.315,1.746067,185.8177,0.000128152,1,1,1,Attack
 28/12/2015 2:17:21 PM,2.433462,527.2038,2,2,1,263.2018,8.366636,328.5568,2.438471,2,1,1,2,1,2,1,19.47948,2.214265,962.6138,1,2,1,1,1,2,148.808,157.3186,0.7,756.383,1,2,1,1,2,7.853628,147.3212,270.7319,13.65035,1.738272,1.301012,0.7327082,0.3074016,2,1,246.315,1.746067,185.8177,0.000128152,1,1,1,Attack
 28/12/2015 2:17:22 PM,2.431541,527.0468,2,2,1,263.2018,8.366636,328.5568,2.439496,2,1,1,2,1,2,1,19.44747,2.214265,963.0143,1,2,1,1,1,2,148.808,157.3186,0.7,756.1907,1,2,1,1,2,7.853628,147.3212,270.7319,13.65035,1.738272,1.301012,0.7327082,0.3084905,2,1,246.315,1.746067,185.8177,0.000128152,1,1,1,Attack
 28/12/2015 2:17:23 PM,2.431541,526.8898,2,2,1,263.2018,8.366636,328.5568,2.439496,2,1,1,2,1,2,1,19.41225,2.214265,962.8541,1,2,1,1,1,2,148.808,157.3186,0.7,756.7291,1,2,1,1,2,7.853628,147.3212,270.7319,13.65035,1.738272,1.301012,0.7327082,0.3084905,2,1,246.315,1.746067,185.8177,0.000128152,1,1,1,Attack
 28/12/2015 2:17:24 PM,2.466771,526.9683,2,2,1,263.2018,8.366636,328.5312,2.439496,2,1,1,2,1,2,1,19.38664,2.214265,962.5737,1,2,1,1,1,2,148.808,157.3186,0.7,756.383,1,2,1,1,2,7.853628,147.3212,270.7319,13.65035,1.738272,1.301012,0.7327082,0.3084905,2,1,246.3952,1.762086,185.8177,0.000128152,1,1,1,Attack
 28/12/2015 2:17:25 PM,2.516414,527.243,2,2,1,263.2018,8.366636,328.4286,2.439496,2,1,1,2,1,2,1,19.38664,2.214265,962.814,1,2,1,1,1,2,148.808,157.3186,0.7,756.4214,1,2,1,1,2,7.853628,147.3212,270.7319,13.65035,1.73776,1.309978,0.7327082,0.3084905,2,1,246.5554,1.842181,185.8177,0.000128152,1,1,1,Attack
 28/12/2015 2:17:26 PM,2.558691,527.5571,2,2,1,263.2018,8.368238,328.4286,2.440137,2,1,1,2,1,2,1,19.38664,2.214265,962.6538,1,2,1,1,1,2,148.808,157.3186,0.7,756.4214,1,2,1,1,2,7.853628,147.3212,270.7319,13.65035,1.737247,1.321506,0.7327082,0.3081703,2,1,246.5554,1.842181,185.8177,0.000128152,1,1,1,Attack
 28/12/2015 2:17:27 PM,2.586875,527.6356,2,2,1,263.2018,8.368238,328.4286,2.440137,2,1,1,2,1,2,1,19.39305,2.214649,962.5337,1,2,1,1,1,2,148.808,157.3186,0.7,756.6137,1,2,1,1,2,7.853628,147.3212,270.7319,13.65035,1.737247,1.322275,0.7327082,0.3081703,2,1,246.3952,1.842181,185.8177,0.000128152,1,1,1,Attack
 28/12/2015 2:17:28 PM,2.624347,527.6748,2,2,1,263.2018,8.368238,328.4286,2.440137,2,1,1,2,1,2,1,19.39305,2.216699,962.3735,1,2,1,1,1,2,148.808,157.3186,0.7,756.3445,1,2,1,1,2,7.853628,147.3212,270.7319,13.65035,1.737247,1.322275,0.7327082,0.3069532,2,1,246.3952,1.842181,185.8177,0.000128152,1,1,1,Attack
 28/12/2015 2:17:29 PM,2.646767,527.5571,2,2,1,263.2018,8.368238,328.4286,2.440137,2,1,1,2,1,2,1,19.39305,2.216699,962.1732,1,2,1,1,1,2,148.808,157.3186,0.7,756.4214,1,2,1,1,2,7.853628,147.3212,270.7319,13.45809,1.737247,1.322275,0.7327082,0.3069532,2,1,246.3952,1.649953,185.8177,0.000128152,1,1,1,Attack
 28/12/2015 2:17:30 PM,2.66246,527.6748,2,2,1,263.2018,8.368238,328.4286,2.440137,2,1,1,2,1,2,1,19.38664,2.216699,962.4135,1,2,1,1,1,2,148.808,157.3186,0.7,756.2676,1,2,1,1,2,7.853628,147.3212,270.7319,13.45809,1.737247,1.317536,0.7327082,0.3069532,2,1,246.3952,1.649953,185.9619,0.000128152,1,1,1,Attack
 28/12/2015 2:17:31 PM,2.667264,527.8711,2,2,1,263.2018,8.368238,328.6081,2.440137,2,1,1,2,1,2,1,19.38664,2.216571,962.1732,1,2,1,1,1,2,148.808,157.3186,0.7,756.4599,1,2,1,1,2,7.853628,147.3212,270.7319,13.45809,1.737247,1.312668,0.7312998,0.3069532,2,1,246.3952,1.810143,185.9619,0.000128152,1,1,1,Attack
 28/12/2015 2:17:32 PM,2.632995,527.4786,2,2,1,263.2018,8.368238,328.6081,2.440137,2,1,1,2,1,2,1,19.38664,2.215418,962.6538,1,2,1,1,1,2,148.808,157.3186,0.7,756.7675,1,2,1,1,2,7.853628,147.3212,270.7319,13.45809,1.737247,1.311259,0.7306597,0.3064407,2,1,246.5073,1.810143,185.9619,0.000128152,1,1,1,Attack
 28/12/2015 2:17:33 PM,2.622105,527.5571,2,2,1,263.2018,8.368238,328.6081,2.440137,2,1,1,2,1,2,1,19.45707,2.215418,962.5737,1,2,1,1,1,2,148.808,157.3186,0.7,756.6522,1,2,1,1,2,7.853628,147.3212,270.7319,13.45809,1.737247,1.303958,0.7306597,0.3064407,2,1,246.5073,1.810143,185.9619,0.000128152,1,1,1,Attack
 28/12/2015 2:17:34 PM,2.616981,527.6748,2,2,1,263.2018,8.368238,328.6081,2.440137,2,1,1,2,1,2,1,19.49549,2.215418,962.9342,1,2,1,1,1,2,148.808,157.1392,0.7,757.152,1,2,1,1,2,7.853628,147.3212,270.7319,13.45809,1.737247,1.302165,0.7306597,0.3064407,2,1,246.5554,1.810143,185.9619,0.000128152,1,1,1,Attack
 28/12/2015 2:17:35 PM,2.614739,528.2636,2,2,1,263.2018,8.368238,328.6081,2.440137,2,1,1,2,1,2,1,19.49549,2.217083,962.6538,1,2,1,1,1,2,148.808,157.1392,0.7,757.0367,1,2,1,1,2,7.853628,147.3212,270.5396,13.45809,1.737247,1.305623,0.7306597,0.3064407,2,1,246.5554,1.810143,185.9619,0.000128152,1,1,1,Attack
 28/12/2015 2:17:36 PM,2.598405,528.4599,2,2,1,263.2018,8.368238,328.6081,2.440137,2,1,1,2,1,2,1,19.49549,2.218364,963.1345,1,2,1,1,1,2,148.808,157.1392,0.7,757.3443,1,2,1,1,2,7.853628,147.3212,270.5396,13.45809,1.737247,1.3119,0.7306597,0.3064407,2,1,246.5554,1.810143,185.9619,0.000128152,1,1,1,Attack
 28/12/2015 2:17:37 PM,2.587195,528.8524,2,2,1,263.2018,8.368238,328.6081,2.440137,2,1,1,2,1,2,1,19.49549,2.218364,963.0544,1,2,1,1,1,2,148.808,157.1392,0.7,757.3443,1,2,1,1,2,7.853628,147.3212,270.5396,13.45809,1.738529,1.310363,0.7306597,0.3064407,2,1,246.5554,1.810143,185.9619,0.000128152,1,1,1,Attack
 28/12/2015 2:17:38 PM,2.562534,529.1272,2,2,1,263.2018,8.368238,328.6081,2.440137,2,1,1,2,1,2,1,19.49549,2.218364,963.2546,1,2,1,1,1,2,148.808,157.2674,0.7,757.5365,1,2,1,1,2,7.853628,147.3212,270.5396,13.45809,1.738529,1.30178,0.7306597,0.3064407,2,1,246.5554,1.810143,185.9619,0.000128152,1,1,1,Attack
 28/12/2015 2:17:39 PM,2.548442,529.4412,2,2,1,263.2018,8.368238,328.6081,2.440137,2,1,1,2,1,2,1,19.49549,2.218364,963.1745,1,2,1,1,1,2,148.808,157.2674,0.7,757.7672,1,2,1,1,2,7.853628,147.3212,270.5396,13.45809,1.738529,1.284488,0.7306597,0.3064407,2,1,246.5554,1.778105,185.9619,0.000128152,1,1,1,Attack
 28/12/2015 2:17:40 PM,2.527944,529.8337,2,2,1,263.2018,8.368238,328.6081,2.441675,2,1,1,2,1,2,1,19.49549,2.218364,963.4549,1,2,1,1,1,2,148.808,157.2674,0.7,757.7672,1,2,1,1,2,7.853628,147.3212,270.5396,13.45809,1.738529,1.286794,0.7306597,0.3064407,2,1,246.5554,1.762086,185.9619,0.000128152,1,1,1,Attack
 28/12/2015 2:17:41 PM,2.519937,530.2263,2,2,1,263.2018,8.368238,328.6081,2.441675,2,1,1,2,1,2,1,19.49549,2.218364,963.1345,1,2,1,1,1,2,148.808,157.2674,0.7,757.9595,1,2,1,1,2,7.853628,147.3212,270.5396,13.45809,1.738529,1.296273,0.7306597,0.3068891,2,1,246.5554,1.762086,185.9619,0.000128152,1,1,1,Attack
 28/12/2015 2:17:42 PM,2.503603,530.6973,2,2,1,263.2018,8.368238,328.5055,2.441675,2,1,1,2,1,2,1,19.5435,2.218364,963.3347,1,2,1,1,1,2,148.808,157.2674,0.7,757.575,1,2,1,1,2,7.853628,147.3212,270.5396,13.45809,1.738529,1.302037,0.7306597,0.3068891,2,1,246.5554,1.762086,185.9619,0.000128152,1,1,1,Attack
 28/12/2015 2:17:43 PM,2.48887,531.1291,2,2,1,263.2018,8.368238,328.5055,2.441675,2,1,1,2,1,2,1,19.57232,2.218364,963.535,1,2,1,1,1,2,148.808,157.2674,0.7,757.9979,1,2,1,1,2,7.853628,147.3212,270.5396,13.45809,1.738529,1.310619,0.7306597,0.3068891,2,1,246.5554,1.762086,185.9619,0.000128152,1,1,1,Attack
 28/12/2015 2:17:44 PM,2.469013,531.2861,2,2,1,263.2018,8.368238,328.5055,2.441675,2,1,1,2,1,2,1,19.5307,2.218364,963.6151,1,2,1,1,1,2,148.808,157.2674,0.7,758.4594,1,2,1,1,2,7.853628,147.3212,270.5396,13.45809,1.738529,1.305367,0.7307877,0.3068891,2,1,246.5554,1.762086,185.9619,0.000128152,1,1,1,Attack
 28/12/2015 2:17:45 PM,2.451398,532.1104,2,2,1,263.2018,8.368238,328.5055,2.441675,2,1,1,2,1,2,1,19.49869,2.218364,964.256,1,2,1,1,1,2,148.808,157.2674,0.7,758.4978,1,2,1,1,2,7.853628,147.3212,270.5396,13.45809,1.738529,1.30178,0.7307877,0.3068891,2,1,246.3311,1.762086,185.9619,0.000128152,1,1,1,Attack
 28/12/2015 2:17:46 PM,2.43026,532.4637,2,2,1,263.2018,8.368238,328.5055,2.440778,2,1,1,2,1,2,1,19.49869,2.218364,964.6165,1,2,1,1,1,2,148.808,157.2674,0.7,758.2671,1,2,1,1,2,7.853628,147.3212,270.5396,13.45809,1.738529,1.30178,0.7307877,0.3068891,2,1,246.3311,1.601897,185.9619,0.000128152,1,1,1,Attack
 28/12/2015 2:17:47 PM,2.417128,532.8562,2,2,1,263.2018,8.370802,328.5055,2.439881,2,1,1,2,1,2,1,19.49869,2.217083,964.7767,1,2,1,1,1,2,148.808,157.2674,0.7,758.4594,1,2,1,1,2,7.853628,147.475,270.5396,13.45809,1.739554,1.30178,0.7307877,0.3068891,2,1,246.3311,1.601897,185.9619,0.000128152,1,1,1,Attack
 28/12/2015 2:17:48 PM,2.417128,533.0524,2,2,1,263.2018,8.370802,328.5055,2.439881,2,1,1,2,1,2,1,19.49869,2.215802,965.1772,1,2,1,1,1,2,148.808,157.2674,0.7,758.4594,1,2,1,1,2,7.852987,147.475,270.5396,13.45809,1.739554,1.30178,0.7289953,0.306761,2,1,246.3311,1.826162,185.8498,0.000128152,1,1,1,Attack
 28/12/2015 2:17:49 PM,2.436345,533.2487,2,2,1,263.2018,8.370802,328.5055,2.439881,2,1,1,2,1,2,1,19.49869,2.214137,965.1772,1,2,1,1,1,2,148.808,157.2674,0.7,758.344,1,2,1,1,2,7.852987,147.475,270.5396,13.45809,1.739554,1.30178,0.7289953,0.3063127,2,1,246.3311,1.826162,185.8498,0.000128152,1,1,1,Attack
 28/12/2015 2:17:50 PM,2.476059,533.445,2,2,1,263.2018,8.370802,328.5055,2.439881,2,1,1,2,1,2,1,19.49869,2.214137,965.4175,1,2,1,1,1,2,148.808,157.2674,0.7,758.767,1,2,1,1,2,7.852987,147.475,270.5396,13.45809,1.739041,1.30178,0.7289953,0.3063127,2,1,246.3311,1.826162,185.8498,0.000128152,1,1,1,Attack
 28/12/2015 2:17:51 PM,2.521218,532.9347,2,2,1,263.2018,8.370802,328.5055,2.439881,2,1,1,2,1,2,1,19.46347,2.214137,965.778,1,2,1,1,1,2,148.808,157.2674,0.7,758.6901,1,2,1,1,2,7.852987,147.475,270.5396,13.45809,1.73776,1.293198,0.7289953,0.3075297,2,1,246.3311,1.730048,185.8498,0.000128152,1,1,1,Attack
 28/12/2015 2:17:52 PM,2.55837,533.1702,2,2,1,263.2018,8.370802,328.5055,2.439881,2,1,1,2,1,2,1,19.43146,2.215802,965.5778,1,2,1,1,1,2,148.808,157.2674,0.7,758.767,1,2,1,1,2,7.852987,147.475,270.5396,13.61189,1.73776,1.29781,0.7315559,0.3086186,2,1,246.4753,1.730048,185.8498,0.000128152,1,1,1,Attack
 28/12/2015 2:17:53 PM,2.593601,532.7384,2,2,1,263.2018,8.370802,328.5055,2.439881,2,1,1,2,1,2,1,19.42506,2.216187,965.778,1,2,1,1,1,2,148.808,157.2674,0.7,759.0746,1,2,1,1,2,7.852987,147.475,270.5396,13.61189,1.736222,1.296273,0.7315559,0.3086186,2,1,246.4913,1.730048,185.8498,0.000128152,1,1,1,Attack
 28/12/2015 2:17:54 PM,2.630112,532.5814,2,2,1,263.2018,8.370802,328.5055,2.439881,2,1,1,2,1,2,1,19.42506,2.216187,965.738,1,2,1,1,1,2,148.808,157.2674,0.7,759.2284,1,2,1,1,2,7.852987,147.475,270.5396,13.61189,1.734299,1.302421,0.7315559,0.3086186,2,1,246.4913,1.730048,185.8498,0.000128152,1,1,1,Attack
 28/12/2015 2:17:55 PM,2.654453,532.3851,2,2,1,263.2018,8.370802,328.5055,2.440906,2,1,1,2,1,2,1,19.42506,2.216187,965.8582,1,2,1,1,1,2,148.808,157.2674,0.7,759.3053,1,2,1,1,2,7.852987,147.475,270.5396,13.61189,1.734299,1.311003,0.7315559,0.3074656,2,1,246.4913,1.730048,185.8498,0.000128152,1,1,1,Attack
 28/12/2015 2:17:56 PM,2.673029,532.5029,2,2,1,263.2018,8.370802,328.5055,2.440906,2,1,1,2,1,2,1,19.42506,2.218108,965.778,1,2,1,1,1,2,148.808,157.2674,0.7,759.4976,1,2,1,1,2,7.852987,147.475,270.5396,13.61189,1.736222,1.304983,0.7315559,0.306761,2,1,246.251,1.730048,185.8177,0.000128152,1,1,1,Attack
 28/12/2015 2:17:57 PM,2.67335,532.1497,2,2,1,263.2018,8.370802,328.5055,2.440906,2,1,1,2,1,2,1,19.44747,2.218621,965.9382,1,2,1,1,1,2,148.808,157.2674,0.7,759.8436,1,2,1,1,2,7.852987,147.475,270.5396,13.61189,1.736606,1.311131,0.7315559,0.306761,2,1,246.251,1.730048,185.8177,0.000128152,1,1,1,Attack
 28/12/2015 2:17:58 PM,2.647407,532.1497,2,2,1,263.2018,8.370802,328.5055,2.440906,2,1,1,2,1,2,1,19.48268,2.220542,966.1786,1,2,1,1,1,2,148.808,157.2674,0.7,760.2666,1,2,1,1,2,7.852987,147.3212,270.5396,13.61189,1.737631,1.304598,0.7323241,0.306761,2,1,246.251,1.810143,185.8177,0.000128152,1,1,1,Attack
 28/12/2015 2:17:59 PM,2.631393,532.0711,2,2,1,263.2018,8.370802,328.5055,2.440906,2,1,1,2,1,2,1,19.5275,2.220542,966.1385,1,2,1,1,1,2,148.808,157.2417,0.7,760.382,1,2,1,1,2,7.852987,147.3212,270.5396,13.61189,1.737631,1.301524,0.7332203,0.306761,2,1,246.4272,1.810143,185.8177,0.000128152,1,1,1,Attack
 28/12/2015 2:18:00 PM,2.62755,532.1497,2,2,1,263.2018,8.370802,328.5055,2.440906,2,1,1,2,1,2,1,19.5275,2.220542,965.9382,1,2,1,1,1,2,148.808,157.1905,0.7,760.2666,1,2,1,1,2,7.852987,147.3212,270.5396,13.61189,1.738272,1.297682,0.7332203,0.306761,2,1,246.4272,1.810143,185.8978,0.000128152,1,1,1,Attack
 28/12/2015 2:18:01 PM,2.62755,532.1497,2,2,1,263.2018,8.370802,328.5055,2.440906,2,1,1,2,1,2,1,19.5275,2.220542,965.9382,1,2,1,1,1,2,148.808,157.1905,0.7,760.2666,1,2,1,1,2,7.852987,147.3212,270.5396,13.61189,1.738272,1.297682,0.7332203,0.306761,2,1,246.4272,1.810143,185.8978,0.000128152,1,1,1,Attack
 28/12/2015 2:18:02 PM,2.632995,531.9926,2,2,1,263.2018,8.36952,328.5055,2.440906,2,1,1,2,1,2,1,19.5275,2.218621,965.8181,1,2,1,1,1,2,148.808,157.1905,0.7,760.4973,1,2,1,1,2,7.852987,147.3212,270.5396,13.61189,1.738272,1.285769,0.7332203,0.306761,2,1,246.4272,1.810143,185.8978,0.000128152,1,1,1,Attack
 28/12/2015 2:18:03 PM,2.633956,532.0711,2,2,1,263.2018,8.367598,328.5055,2.440906,2,1,1,2,1,2,1,19.5275,2.218364,966.0584,1,2,1,1,1,2,148.808,157.1905,0.7,760.4204,1,2,1,1,2,7.852987,147.3212,270.5396,13.61189,1.738272,1.291149,0.7332203,0.306761,2,1,246.4272,1.810143,185.8978,0.000128152,1,1,1,Attack
 28/12/2015 2:18:04 PM,2.594882,531.9534,2,2,1,263.2018,8.367598,328.5055,2.440906,2,1,1,2,1,2,1,19.46347,2.218364,966.0584,1,2,1,1,1,2,148.808,157.1905,0.7,760.8049,1,2,1,1,2,7.852987,147.3212,270.5396,13.61189,1.738272,1.291405,0.7332203,0.306761,2,1,246.4272,1.810143,185.8978,0.000128152,1,1,1,Attack
 28/12/2015 2:18:05 PM,2.577587,532.0711,2,2,1,263.2018,8.367598,328.5055,2.440906,2,1,1,2,1,2,1,19.46027,2.218364,966.0584,1,2,1,1,1,2,148.808,157.3443,0.7,760.6896,1,2,1,1,2,7.852987,147.3212,270.5396,13.61189,1.738272,1.297554,0.7332203,0.306761,2,1,246.4272,1.810143,185.8978,0.000128152,1,1,1,Attack
 28/12/2015 2:18:06 PM,2.559331,531.9534,2,2,1,263.2018,8.367598,328.5055,2.440906,2,1,1,2,1,2,1,19.46027,2.21734,966.1786,1,2,1,1,1,2,148.808,157.3443,0.7,760.8049,1,2,1,1,2,7.852987,147.3212,270.5396,13.61189,1.738272,1.302293,0.7332203,0.306761,2,1,246.4272,1.810143,185.8978,0.000128152,1,1,1,Attack
 28/12/2015 2:18:07 PM,2.53435,531.7178,2,2,1,263.2018,8.367598,328.5055,2.440906,2,1,1,2,1,2,1,19.41545,2.216699,966.0184,1,2,1,1,1,2,148.808,157.3443,0.7,760.8434,1,2,1,1,2,7.852987,147.3212,270.5396,13.61189,1.738272,1.302293,0.7332203,0.306761,2,1,246.4272,1.810143,185.8978,0.000128152,1,1,1,Attack
 28/12/2015 2:18:08 PM,2.509048,531.7178,2,2,1,263.2018,8.367598,328.5055,2.440906,2,1,1,2,1,2,1,19.39305,2.215546,966.1786,1,2,1,1,1,2,148.808,157.3443,0.7,761.0741,1,2,1,1,2,7.852987,147.3212,270.5396,13.49654,1.738272,1.292046,0.7307877,0.306761,2,1,246.267,1.810143,185.7536,0.000128152,1,1,1,Attack
 28/12/2015 2:18:09 PM,2.48823,531.7964,2,2,1,263.2018,8.367598,328.5055,2.440906,2,1,1,2,1,2,1,19.39305,2.215546,966.0584,1,2,1,1,1,2,148.808,157.3443,0.7,760.9587,1,2,1,1,2,7.852987,147.3212,270.5396,13.49654,1.738272,1.292046,0.7307877,0.3063127,2,1,246.267,1.810143,185.6575,0.000128152,1,1,1,Attack
 28/12/2015 2:18:10 PM,2.470614,531.3646,2,2,1,263.2018,8.367598,328.5055,2.440906,2,1,1,2,1,2,1,19.43466,2.216571,966.2186,1,2,1,1,1,2,148.808,157.3443,0.7,760.8434,1,2,1,1,2,7.852987,147.3212,270.5396,13.49654,1.738272,1.292046,0.7307877,0.3063127,2,1,246.2189,1.778105,185.6575,0.000128152,1,1,1,Attack
 28/12/2015 2:18:11 PM,2.447234,530.972,2,2,1,263.2018,8.367598,328.5055,2.440906,2,1,1,2,1,2,1,19.49549,2.218108,966.2587,1,2,1,1,1,2,148.808,157.3443,0.7,760.8434,1,2,1,1,2,7.852987,147.3212,270.5396,13.49654,1.738272,1.292046,0.7307877,0.3063127,2,1,246.2189,1.778105,185.6575,0.000128152,1,1,1,Attack
 28/12/2015 2:18:12 PM,2.43026,530.7365,2,2,1,263.2018,8.367277,328.5055,2.440906,2,1,1,2,1,2,1,19.51469,2.218108,966.2587,1,2,1,1,1,2,148.808,157.3443,0.7,760.6896,1,2,1,1,2,7.852987,147.3212,270.5396,13.49654,1.738272,1.30114,0.7307877,0.3063127,2,1,246.2189,1.778105,185.6575,0.000128152,1,1,1,Attack
 28/12/2015 2:18:13 PM,2.420011,530.6188,2,2,1,263.2018,8.367277,328.5055,2.440906,2,1,1,2,1,2,1,19.51469,2.215802,966.7794,1,2,1,1,1,2,148.808,157.3443,0.7,760.4204,1,2,1,1,2,7.852987,147.3212,270.5396,13.49654,1.738272,1.302677,0.7307877,0.3069532,2,1,246.2189,1.778105,185.6575,0.000128152,1,1,1,Attack
 28/12/2015 2:18:14 PM,2.416808,530.2263,2,2,1,263.2018,8.367277,328.5055,2.440906,2,1,1,2,1,2,1,19.51469,2.215418,966.7794,1,2,1,1,1,2,148.808,157.3443,0.7,760.6511,1,2,1,1,2,7.852987,147.3212,270.5396,13.49654,1.738272,1.293711,0.7307877,0.3069532,2,1,246.2189,1.778105,185.8177,0.000128152,1,1,1,Attack
 28/12/2015 2:18:15 PM,2.416808,530.03,2,2,1,263.2018,8.367277,328.5055,2.443982,2,1,1,2,1,2,1,19.51469,2.215418,966.8195,1,2,1,1,1,2,148.808,157.3443,0.7,760.6896,1,2,1,1,2,7.852987,147.3212,270.5396,13.49654,1.738272,1.292174,0.7307877,0.3069532,2,1,246.3791,1.778105,185.8177,0.000128152,1,1,1,Attack
 28/12/2015 2:18:16 PM,2.443071,529.5197,2,2,1,263.2018,8.367277,328.5055,2.444751,2,1,1,2,1,2,1,19.51469,2.217852,967.0197,1,2,1,1,1,2,148.808,157.3443,0.7,760.7665,1,2,1,1,2,7.852987,147.2699,270.5396,13.49654,1.738272,1.297169,0.7307877,0.3069532,2,1,246.4112,1.778105,185.8177,0.000128152,1,1,1,Attack
 28/12/2015 2:18:17 PM,2.497518,529.2449,2,2,1,263.2018,8.367277,328.5055,2.444751,2,1,1,2,1,2,1,19.51469,2.218749,966.9796,1,2,1,1,1,2,148.808,157.3443,0.7,760.5742,1,2,1,1,2,7.852987,147.193,270.5396,13.7657,1.738272,1.296273,0.7307877,0.3069532,2,1,246.4112,1.778105,185.8177,0.000128152,1,1,1,Attack
 28/12/2015 2:18:18 PM,2.54588,529.1664,2,2,1,263.2018,8.367277,328.5055,2.444366,2,1,1,2,1,2,1,19.51469,2.21734,966.7393,1,2,1,1,1,2,148.808,157.3443,0.7,760.6511,1,2,1,1,2,7.852987,147.0392,270.5396,13.7657,1.738272,1.305623,0.7307877,0.3069532,2,1,246.4112,1.778105,185.8177,0.000128152,1,1,1,Attack
 28/12/2015 2:18:19 PM,2.575986,528.7347,2,2,1,263.2018,8.367277,328.5055,2.444366,2,1,1,2,1,2,1,19.51469,2.216699,966.7393,1,2,1,1,1,2,148.808,157.3443,0.7,760.6127,1,2,1,1,2,7.852987,147.0392,270.4114,13.7657,1.738272,1.311387,0.7307877,0.3063127,2,1,246.4112,1.778105,185.8177,0.000128152,1,1,1,Attack
 28/12/2015 2:18:20 PM,2.622746,528.7347,2,2,1,263.2018,8.367277,328.5055,2.444366,2,1,1,2,1,2,1,19.51469,2.216699,966.7794,1,2,1,1,1,2,148.808,157.3443,0.7,760.8049,1,2,1,1,2,7.852987,147.0392,270.2192,13.7657,1.738272,1.306136,0.7307877,0.3063127,2,1,246.4112,1.778105,185.8177,0.000128152,1,1,1,Attack
 28/12/2015 2:18:21 PM,2.646767,528.9702,2,2,1,263.2018,8.367277,328.5055,2.442316,2,1,1,2,1,2,1,19.51469,2.216699,965.9783,1,2,1,1,1,2,148.808,157.3443,0.7,760.8434,1,2,1,1,2,7.852987,147.0392,270.2192,13.7657,1.738272,1.313821,0.7307877,0.3063127,2,1,246.4112,1.778105,185.8177,0.000128152,1,1,1,Attack
 28/12/2015 2:18:22 PM,2.669827,529.559,2,2,1,263.2018,8.367277,328.5055,2.442316,2,1,1,2,1,2,1,19.51469,2.216699,966.0184,1,2,1,1,1,2,148.808,157.3443,0.7,761.0356,1,2,1,1,2,7.852987,147.0392,270.2192,13.45809,1.736222,1.313821,0.7307877,0.306761,2,1,246.4753,1.778105,185.8177,0.000128152,1,1,1,Attack
 28/12/2015 2:18:23 PM,2.671748,530.187,2,2,1,263.2018,8.367277,328.5055,2.442316,2,1,1,2,1,2,1,19.51469,2.216699,965.9382,1,2,1,1,1,2,148.808,157.3443,0.7,761.3817,1,2,1,1,2,7.852987,147.0392,270.2192,13.45809,1.735837,1.313821,0.7307877,0.306761,2,1,246.5394,1.778105,186.0581,0.000128152,1,1,1,Attack
 28/12/2015 2:18:24 PM,2.644205,530.501,2,2,1,263.2018,8.367277,328.5055,2.442316,2,1,1,2,1,2,1,19.51469,2.213624,965.6578,1,2,1,1,1,2,148.808,157.3443,0.7,761.4202,1,2,1,1,2,7.852987,147.0392,270.2192,13.45809,1.735837,1.318304,0.7307877,0.306761,2,1,246.6515,1.778105,186.0581,0.000128152,1,1,1,Attack
 28/12/2015 2:18:25 PM,2.629152,530.6973,2,2,1,263.2018,8.367277,328.5055,2.442316,2,1,1,2,1,2,1,19.48908,2.213624,965.6578,1,2,1,1,1,2,148.808,157.3443,0.7,761.1895,1,2,1,1,2,7.852987,147.0392,270.3794,13.45809,1.738144,1.306776,0.7307877,0.306761,2,1,246.6515,1.778105,186.0581,0.000128152,1,1,1,Attack
 28/12/2015 2:18:26 PM,2.622426,531.1291,2,2,1,263.2018,8.367277,328.5055,2.442316,2,1,1,2,1,2,1,19.42826,2.214777,965.2573,1,2,1,1,1,2,148.808,157.3443,0.7,761.1895,1,2,1,1,2,7.852987,147.0392,270.3794,13.45809,1.738913,1.301652,0.7307877,0.306761,2,1,246.6515,1.778105,186.0581,0.000128152,1,1,1,Attack
 28/12/2015 2:18:27 PM,2.619543,530.8151,2,2,1,263.2018,8.367277,328.5055,2.442316,2,1,1,2,1,2,1,19.42826,2.217083,965.3375,1,2,1,1,1,2,148.808,157.3443,0.7,761.574,1,2,1,1,2,7.852987,147.0392,270.3794,13.45809,1.738913,1.297682,0.7307877,0.306761,2,1,246.6515,1.778105,186.0581,0.000128152,1,1,1,Attack
 28/12/2015 2:18:28 PM,2.619543,530.8151,2,2,1,263.2018,8.367277,328.5055,2.442316,2,1,1,2,1,2,1,19.42826,2.217083,965.3375,1,2,1,1,1,2,148.808,157.3443,0.7,761.574,1,2,1,1,2,7.852987,147.0392,270.3794,13.45809,1.738913,1.297682,0.7307877,0.306761,2,1,246.6515,1.778105,186.0581,0.000128152,1,1,1,Attack
 28/12/2015 2:18:29 PM,2.600006,530.7365,2,2,1,263.2018,8.367277,328.5055,2.440521,2,1,1,2,1,2,1,19.42826,2.217083,964.9369,1,2,1,1,1,2,148.808,157.3443,0.7,761.6509,1,2,1,1,2,7.852987,147.0392,270.3794,13.45809,1.740323,1.29243,0.7307877,0.306761,2,1,246.6515,1.778105,186.1702,0.000128152,1,1,1,Attack
 28/12/2015 2:18:30 PM,2.582391,530.1478,2,2,1,263.2018,8.367277,328.5055,2.440393,2,1,1,2,1,2,1,19.47628,2.21798,965.2573,1,2,1,1,1,2,148.808,157.3443,0.7,762.1123,1,2,1,1,2,7.852987,147.0392,270.3794,13.57344,1.741092,1.30114,0.7307877,0.306761,2,1,246.6675,1.778105,186.1702,0.000128152,1,1,1,Attack
 28/12/2015 2:18:31 PM,2.567338,530.344,2,2,1,263.2018,8.367277,328.5055,2.440393,2,1,1,2,1,2,1,19.49549,2.21798,965.4175,1,2,1,1,1,2,148.808,157.3443,0.7,762.343,1,2,1,1,2,7.852987,147.0392,270.3794,13.57344,1.74263,1.302037,0.7307877,0.306761,2,1,246.7957,1.778105,186.1702,0.000128152,1,1,1,Attack
 28/12/2015 2:18:32 PM,2.550684,530.1085,2,2,1,263.2018,8.367277,328.5055,2.440393,2,1,1,2,1,2,1,19.5307,2.21798,965.4175,1,2,1,1,1,2,148.808,157.3443,0.7,762.4199,1,2,1,1,2,7.852987,147.0392,270.3794,13.57344,1.74263,1.308057,0.7307877,0.306761,2,1,246.8277,1.778105,186.1702,0.000128152,1,1,1,Attack
 28/12/2015 2:18:33 PM,2.533068,530.4225,2,2,1,263.2018,8.367277,328.5055,2.440393,2,1,1,2,1,2,1,19.5307,2.21798,965.1772,1,2,1,1,1,2,148.808,157.3443,0.7,762.7659,1,2,1,1,2,7.852987,147.0392,270.3794,13.57344,1.74263,1.311131,0.7307877,0.306761,2,1,246.8277,1.778105,186.1702,0.000128152,1,1,1,Attack
 28/12/2015 2:18:34 PM,2.517695,530.6188,2,2,1,263.2018,8.367277,328.5055,2.440137,2,1,1,2,1,2,1,19.55951,2.21798,965.017,1,2,1,1,1,2,148.808,157.3443,0.7,762.8044,1,2,1,1,2,7.852987,147.0392,270.3794,13.57344,1.74263,1.302293,0.7307877,0.306761,2,1,246.8277,1.778105,186.3144,0.000128152,1,1,1,Attack
 28/12/2015 2:18:35 PM,2.500721,530.6973,2,2,1,263.2018,8.367277,328.5055,2.440137,2,1,1,2,1,2,1,19.55951,2.215802,965.0571,1,2,1,1,1,2,148.808,157.3443,0.7,762.8813,1,2,1,1,2,7.852987,147.0392,270.3794,13.57344,1.74263,1.301524,0.7307877,0.306761,2,1,246.8598,1.778105,186.3144,0.000128152,1,1,1,Attack
 28/12/2015 2:18:36 PM,2.492073,530.7758,2,2,1,263.1377,8.367277,328.5055,2.439625,2,1,1,2,1,2,1,19.51469,2.213624,964.8568,1,2,1,1,1,2,148.808,157.3443,0.7,762.8813,1,2,1,1,2,7.852987,147.0392,270.3794,13.57344,1.74263,1.30716,0.7307877,0.3065689,2,1,246.8598,1.778105,186.3144,0.000128152,1,1,1,Attack
 28/12/2015 2:18:37 PM,2.475419,531.0113,2,2,1,263.1377,8.367277,328.5055,2.439625,2,1,1,2,1,2,1,19.47628,2.213624,965.1772,1,2,1,1,1,2,148.808,157.3443,0.7,762.6121,1,2,1,1,2,7.852987,147.0392,270.2192,13.57344,1.742374,1.305623,0.7307877,0.3065689,2,1,246.8598,1.778105,186.3144,0.000128152,1,1,1,Attack
 28/12/2015 2:18:38 PM,2.460686,531.2076,2,2,1,263.1377,8.367277,328.5055,2.442316,2,1,1,2,1,2,1,19.45067,2.213624,965.017,1,2,1,1,1,2,148.808,157.3443,0.7,762.689,1,2,1,1,2,7.852987,147.0392,270.2192,13.57344,1.741092,1.311772,0.7307877,0.3065689,2,1,246.8598,1.778105,186.1382,0.000128152,1,1,1,Attack
 28/12/2015 2:18:39 PM,2.444992,531.1683,2,2,1,263.1377,8.367277,328.5055,2.442316,2,1,1,2,1,2,1,19.45067,2.216058,965.4576,1,2,1,1,1,2,148.808,157.3443,0.7,762.9966,1,2,1,1,2,7.852987,147.0392,270.2192,13.57344,1.741092,1.311772,0.7307877,0.3065689,2,1,246.8598,1.778105,186.0581,0.000128152,1,1,1,Attack
 28/12/2015 2:18:40 PM,2.428658,531.5216,2,2,1,263.1377,8.367277,328.5055,2.442316,2,1,1,2,1,2,1,19.45067,2.216443,965.8582,1,2,1,1,1,2,148.808,157.3443,0.7,763.1505,1,2,1,1,2,7.852987,147.0392,270.2192,13.57344,1.741092,1.294736,0.7307877,0.3065689,2,1,246.5554,1.778105,186.0581,0.000128152,1,1,1,Attack
 28/12/2015 2:18:41 PM,2.424815,531.7571,2,2,1,263.1377,8.367277,328.5055,2.442316,2,1,1,2,1,2,1,19.5371,2.216443,965.9783,1,2,1,1,1,2,148.808,157.3443,0.7,762.9966,1,2,1,1,2,7.852987,147.0392,270.2192,13.57344,1.741092,1.292558,0.7307877,0.3065689,2,1,246.4592,1.778105,186.0581,0.000128152,1,1,1,Attack
 28/12/2015 2:18:42 PM,2.424815,532.0711,2,2,1,263.1377,8.367277,328.5055,2.445263,2,1,1,2,1,2,1,19.55951,2.214777,965.8181,1,2,1,1,1,2,148.808,157.3443,0,762.8044,1,2,1,1,1,7.852987,147.0392,270.2192,13.57344,1.741092,1.310491,0.7307877,0.3065689,2,1,246.4592,1.778105,186.0581,0.000128152,1,1,1,Attack
 28/12/2015 2:18:43 PM,2.435064,532.1104,2,2,1,263.1377,8.367277,328.5055,2.445263,2,1,1,2,1,2,1,19.57232,2.214009,966.0184,1,2,1,1,1,2,148.808,157.3443,0,762.9197,1,2,1,1,1,7.852987,147.0392,270.2192,13.57344,1.740964,1.318688,0.7307877,0.3065689,2,1,246.4592,1.778105,186.0581,0.000128152,1,1,1,Attack
 28/12/2015 2:18:44 PM,2.497198,532.5029,2,2,1,263.1377,8.367277,328.5055,2.445263,2,1,1,2,1,2,1,19.59472,2.214009,966.0584,1,2,1,1,1,2,148.808,157.3443,0,762.8813,1,2,1,1,1,7.852987,147.0392,270.2192,13.57344,1.737631,1.28167,0.7307877,0.3065689,1,1,242.8704,1.265498,183.2863,0.000128152,1,1,1,Attack
 28/12/2015 2:18:45 PM,2.537873,532.9347,2,2,1,263.1377,8.367277,328.5055,2.443085,2,1,1,2,1,2,1,19.56271,2.21324,966.4189,1,2,1,1,1,2,148.808,157.3443,0,762.9582,1,2,1,1,1,7.852987,147.0392,270.2192,13.57344,1.718021,1.2052,0.7179849,0.2984979,1,1,235.1961,0.8009483,178.9125,0.000128152,1,1,1,Attack
 28/12/2015 2:18:46 PM,2.559651,532.9739,2,2,1,263.1377,8.367277,328.5055,2.443085,2,1,1,2,1,2,1,19.47308,2.21324,966.5791,1,2,1,1,1,2,148.808,157.3443,0,762.5352,1,2,1,1,1,7.852987,147.0392,270.2192,13.57344,1.694694,1.150378,0.6994207,0.2828043,1,1,228.9317,0.4164931,175.3076,0.000128152,1,1,1,Attack
 28/12/2015 2:18:47 PM,2.591359,533.2487,2,2,1,263.1377,8.367277,328.5055,2.443085,2,1,1,2,1,2,1,19.46667,2.212856,966.4189,1,2,1,1,1,2,148.808,157.3443,0,762.4199,1,2,1,1,1,7.852987,147.0392,270.2192,13.57344,1.627403,1.049443,0.6520501,0.2468693,1,1,218.5177,0.1441707,168.5145,0.000128152,1,1,1,Attack
 28/12/2015 2:18:48 PM,2.639721,533.3272,2,2,1,263.1377,8.367277,328.5055,2.443085,2,1,1,2,1,2,1,19.45707,2.212856,966.2186,1,2,1,1,1,2,148.808,157.3443,0,762.689,1,2,1,1,1,7.852987,147.0392,270.3474,13.57344,1.541784,0.9424875,0.580226,0.1881946,1,1,205.7005,0,161.2247,0.000128152,1,1,1,Attack
 28/12/2015 2:18:49 PM,2.66182,533.3272,2,2,1,263.1377,8.367277,328.4286,2.44206,2,1,1,2,1,2,1,19.45707,2.212856,966.0184,1,2,1,1,1,2,148.808,157.1905,0,762.6121,1,2,1,1,1,7.852987,147.0392,270.3474,13.57344,1.450526,0.8874087,0.517876,0.1338116,1,1,196.3439,0,155.9376,0.000128152,1,1,1,Attack
 28/12/2015 2:18:50 PM,2.668225,533.0917,2,2,1,263.1377,8.367277,328.4286,2.439753,2,1,1,2,1,2,1,19.5307,2.212856,966.0184,1,2,1,1,1,2,148.808,157.1905,0,762.9582,1,2,1,1,1,7.852987,147.0392,270.3474,13.57344,1.367214,0.8512873,0.455398,0.08147839,1,1,188.5254,0,150.7306,0.000128152,1,1,1,Attack
 28/12/2015 2:18:51 PM,2.649009,533.288,2,2,1,263.1377,8.367277,328.4286,2.439753,2,1,1,2,1,2,1,19.5307,2.212856,966.2186,1,2,1,1,1,2,148.808,157.1905,0,763.112,1,2,1,1,1,7.852987,147.0392,270.3474,13.57344,1.301589,0.8304086,0.4057229,0.04567146,1,1,182.4853,0,146.1805,0.000128152,1,1,1,Attack
 28/12/2015 2:18:52 PM,2.619543,533.131,2,2,1,263.1377,8.367277,328.4286,2.439753,2,1,1,2,1,2,1,19.5307,2.215802,966.5391,1,2,1,1,1,2,148.808,157.1905,0,763.3043,1,2,1,1,1,7.852987,147.0392,270.5396,13.57344,1.260574,0.8269502,0.3732036,0.02325209,1,1,177.3103,0,143.3286,0.000128152,1,1,1,Attack
 28/12/2015 2:18:53 PM,2.61602,532.6992,2,2,1,263.1377,8.367277,328.4286,2.439753,2,1,1,2,1,2,1,19.5307,2.215802,966.8195,1,2,1,1,1,2,148.808,156.9597,0,763.1889,1,2,1,1,1,7.852987,147.0392,270.6357,13.57344,1.239298,0.8314334,0.3523349,0.01108157,1,1,174.2983,0,140.7171,0.000128152,1,1,1,Attack
 28/12/2015 2:18:54 PM,2.61602,532.5029,2,2,1,263.1377,8.367277,328.4286,2.439881,2,1,1,2,1,2,1,19.5307,2.215802,966.9796,1,2,1,1,1,2,148.7888,156.9597,0,763.3427,1,2,1,1,1,7.852987,147.0392,270.86,13.57344,1.223276,0.8410401,0.3411964,0.000320277,1,1,171.4945,0,138.8586,0.000128152,1,1,1,Attack
 28/12/2015 2:18:55 PM,2.601287,532.2674,2,2,1,263.1377,8.367277,328.4286,2.440265,2,1,1,2,1,2,1,19.5307,2.213881,967.0598,1,2,1,1,1,2,148.7888,156.9597,0,763.4581,1,2,1,1,1,7.853628,147.0392,270.86,13.57344,1.222379,0.8373255,0.3399161,0,1,1,168.9791,0,138.2818,0.000128152,1,1,1,Attack
 28/12/2015 2:18:56 PM,2.578548,532.3066,2,2,1,263.1377,8.367277,328.4286,2.441162,2,1,1,2,1,2,1,19.5307,2.212984,967.26,1,2,1,1,1,2,148.7888,156.9597,0,763.5734,1,2,1,1,1,7.85523,147.0392,270.86,13.57344,1.222379,0.8444985,0.3399161,0,1,1,168.162,0,137.9454,0.000128152,1,1,1,Attack
 28/12/2015 2:18:57 PM,2.564776,532.1889,2,2,1,263.1377,8.367277,328.4286,2.442316,2,1,1,2,1,2,1,19.5307,2.212984,967.4202,1,2,1,1,1,2,148.7888,156.9597,0,763.7272,1,2,1,1,1,7.85523,147.0392,270.86,13.57344,1.224686,0.8444985,0.3399161,0,1,1,168.0499,0,137.7371,0.000128152,1,1,1,Attack
 28/12/2015 2:18:58 PM,2.54684,531.7964,2,2,1,263.1377,8.367277,328.4286,2.442316,2,1,1,2,1,2,1,19.5307,2.214777,967.7807,1,2,1,1,1,2,148.808,156.9597,0,763.9579,1,2,1,1,1,7.85523,147.0392,270.86,13.57344,1.224686,0.8373255,0.3399161,0,1,1,167.9698,0,137.7051,0.000128152,1,1,1,Attack
 28/12/2015 2:18:59 PM,2.532748,531.7178,2,2,1,263.1377,8.367277,328.4286,2.442316,2,1,1,2,1,2,1,19.5371,2.214777,967.6205,1,2,1,1,1,2,148.832,156.9597,0,764.2656,1,2,1,1,1,7.85523,147.0392,270.86,13.57344,1.22507,0.8369412,0.3399161,0,1,1,167.9698,0,137.8813,0.000128152,1,1,1,Attack
