 29/12/2015 6:10:43 PM,2.561573,501.1792,2,2,1,251.3458,8.389067,333.7862,2.454234,2,1,1,2,1,2,1,19.84442,2.207347,858.0732,1,2,1,1,1,2,148.808,154.3707,1.720565,913.0351,1,2,1,1,2,7.824468,146.0138,254.9346,16,1.731351,1.290637,0.7333483,0.3065689,2,1,249.5193,1.585878,188.0928,0.000128152,1,1,1,Attack
 29/12/2015 6:10:44 PM,2.550364,501.1007,2,2,1,251.3458,8.389067,333.7862,2.454234,2,1,1,2,1,2,1,19.84442,2.207347,858.1133,1,2,1,1,1,2,148.808,154.3707,1.720565,913.0735,1,2,1,1,2,7.824468,146.0138,254.9346,16,1.731351,1.297169,0.7333483,0.3065689,2,1,249.5193,1.585878,188.0928,0.000128152,1,1,1,Attack
 29/12/2015 6:10:45 PM,2.532748,501.1792,2,2,1,251.3458,8.389067,333.7862,2.454618,2,1,1,2,1,2,1,19.75799,2.207347,858.2335,1,2,1,1,1,2,148.808,154.3707,1.720565,913.0735,1,2,1,1,2,7.827352,146.0138,254.9346,16,1.731351,1.301396,0.7333483,0.3065689,2,1,249.5193,1.585878,188.285,0.000128152,1,1,1,Attack
 29/12/2015 6:10:46 PM,2.52314,501.2577,2,2,1,251.3458,8.389067,333.7862,2.455772,2,1,1,2,1,2,1,19.72598,2.206963,857.9531,1,2,1,1,1,2,148.808,154.3707,1.721719,913.3043,1,2,1,1,2,7.827352,146.1676,254.9346,16,1.731351,1.288971,0.7333483,0.3065689,2,1,249.5193,1.585878,188.285,0.000128152,1,1,1,Attack
 29/12/2015 6:10:47 PM,2.504884,501.0615,2,2,1,251.3458,8.389067,333.7862,2.456925,2,1,1,2,1,2,1,19.72277,2.205426,857.9531,1,2,1,1,1,2,148.808,154.3707,1.723256,913.112,1,2,1,1,2,7.827352,146.1676,254.9346,16,1.731351,1.272192,0.7333483,0.3065689,2,1,249.6635,1.585878,188.285,0.000128152,1,1,1,Attack
 29/12/2015 6:10:48 PM,2.493675,501.1792,2,2,1,251.3458,8.389067,333.7862,2.457438,2,1,1,2,1,2,1,19.72277,2.203632,857.3123,1,2,1,1,1,2,148.808,154.3707,1.724538,913.1505,1,2,1,1,2,7.823186,146.1676,254.7744,16,1.733914,1.268093,0.7333483,0.3065689,2,1,249.6796,1.585878,188.3652,0.000128152,1,1,1,Attack
 29/12/2015 6:10:49 PM,2.476059,501.1792,2,2,1,251.3458,8.389067,333.7862,2.457438,2,1,1,2,1,2,1,19.72277,2.203119,857.3123,1,2,1,1,1,2,148.808,154.3707,1.724538,912.9582,1,2,1,1,2,7.823186,146.1676,254.7744,16,1.734683,1.261944,0.7333483,0.3065689,2,1,249.6796,1.585878,188.3972,0.000128152,1,1,1,Attack
 29/12/2015 6:10:50 PM,2.462608,501.1792,2,2,1,251.3458,8.389067,333.7862,2.457438,2,1,1,2,1,2,1,19.77399,2.203119,856.7114,1,2,1,1,1,2,148.808,154.3707,1.724538,912.6506,1,2,1,1,2,7.823186,146.1676,254.7744,16,1.734683,1.261944,0.7329642,0.3065689,2,1,249.7757,1.585878,188.4613,0.000128152,1,1,1,Attack
 29/12/2015 6:10:51 PM,2.446274,500.9044,2,2,1,251.3458,8.389067,333.7862,2.455643,2,1,1,2,1,2,1,19.77399,2.203119,856.8716,1,2,1,1,1,2,148.808,154.3707,1.726332,912.3815,1,2,1,1,2,7.823186,146.1676,254.7744,16,1.734683,1.277059,0.7329642,0.3065689,2,1,249.7757,1.585878,188.4613,0.000128152,1,1,1,Attack
 29/12/2015 6:10:52 PM,2.436345,500.9829,2,2,1,251.3458,8.389067,333.7862,2.455643,2,1,1,2,1,2,1,19.77399,2.203119,856.351,1,2,1,1,1,2,148.808,154.3707,1.727998,912.1892,1,2,1,1,2,7.824468,146.1164,254.7744,16,1.734683,1.281542,0.7327082,0.3065689,2,1,249.7757,1.585878,188.4613,0.000128152,1,1,1,Attack
 29/12/2015 6:10:53 PM,2.426737,500.9044,2,2,1,251.3458,8.389067,333.7862,2.455643,2,1,1,2,1,2,1,19.8028,2.203119,856.4311,1,2,1,1,1,2,148.808,154.3707,1.726332,912.3046,1,2,1,1,2,7.824789,146.1164,254.7744,16,1.733658,1.281927,0.7327082,0.3065689,2,1,249.7757,1.585878,188.4613,0.000128152,1,1,1,Attack
 29/12/2015 6:10:54 PM,2.426737,501.1007,2,2,1,251.3458,8.389067,333.7862,2.455643,2,1,1,2,1,2,1,19.82201,2.208756,856.0706,1,2,1,1,1,2,148.808,154.3707,1.726332,912.1123,1,2,1,1,2,7.825109,146.1164,254.7744,16,1.733658,1.273345,0.7329642,0.3065689,2,1,249.7757,1.585878,188.4613,0.000128152,1,1,1,Attack
 29/12/2015 6:10:55 PM,2.449476,501.14,2,2,1,251.3458,8.389067,333.7862,2.455643,2,1,1,2,1,2,1,19.82201,2.208756,856.3109,1,2,1,1,1,2,148.808,154.3707,1.726332,912.1123,1,2,1,1,2,7.825109,146.1164,254.7744,16,1.734683,1.27232,0.7338604,0.3065689,2,1,249.7757,1.585878,188.4613,0.000128152,1,1,1,Attack
 29/12/2015 6:10:56 PM,2.503603,501.297,2,2,1,251.3458,8.389067,333.7862,2.455643,2,1,1,2,1,2,1,19.82201,2.207347,855.9103,1,2,1,1,1,2,148.808,154.3707,1.725179,911.9585,1,2,1,1,2,7.827672,146.1164,254.7744,16,1.735837,1.277315,0.7342445,0.3049034,2,1,249.7757,1.585878,188.4613,0.000128152,1,1,1,Attack
 29/12/2015 6:10:57 PM,2.539154,501.3362,2,2,1,251.3458,8.389067,333.7862,2.453721,2,1,1,2,1,2,1,19.81561,2.207347,855.5098,1,2,1,1,1,2,148.808,154.3963,1.725179,912.1892,1,2,1,1,2,7.827672,146.1164,254.7744,16,1.735837,1.276803,0.7359089,0.3049034,2,1,249.7757,1.585878,188.4613,0.000128152,1,1,1,Attack
 29/12/2015 6:10:58 PM,2.58111,501.6895,2,2,1,251.3458,8.389067,333.7862,2.453721,2,1,1,2,1,2,1,19.7868,2.207347,855.3496,1,2,1,1,1,2,148.808,154.4219,1.724794,912.343,1,2,1,1,2,7.827672,146.1164,254.7744,16,1.735837,1.286666,0.7359089,0.3046472,2,1,249.7757,1.585878,188.4613,0.000128152,1,1,1,Attack
 29/12/2015 6:10:59 PM,2.61538,501.925,2,2,1,251.3458,8.389067,333.7862,2.453337,2,1,1,2,1,2,1,19.7868,2.205682,855.0292,1,2,1,1,1,2,148.808,154.4219,1.724794,912.5737,1,2,1,1,2,7.827672,146.1164,254.7744,16,1.735837,1.292046,0.7359089,0.3064407,2,1,249.7757,1.585878,188.4613,0.000128152,1,1,1,Attack
 29/12/2015 6:11:00 PM,2.647727,502.3175,2,2,1,251.3458,8.389067,333.7862,2.453337,2,1,1,2,1,2,1,19.7868,2.205554,854.9491,1,2,1,1,1,2,148.808,154.4219,1.722359,912.7275,1,2,1,1,2,7.824789,146.3215,254.7744,16,1.735837,1.287947,0.7359089,0.3070813,2,1,249.7757,1.585878,188.4613,0.000128152,1,1,1,Attack
 29/12/2015 6:11:01 PM,2.66182,502.1213,2,2,1,251.3458,8.389067,333.7862,2.452696,2,1,1,2,1,2,1,19.7868,2.205554,854.8289,1,2,1,1,1,2,148.808,154.4219,1.719412,912.9582,1,2,1,1,2,7.824789,146.3215,254.7744,16,1.735837,1.294095,0.7359089,0.3070813,2,1,249.7757,1.585878,188.4613,0.000128152,1,1,1,Attack
 29/12/2015 6:11:02 PM,2.666624,501.8465,2,2,1,251.3458,8.389067,333.7862,2.452696,2,1,1,2,1,2,1,19.87643,2.203248,854.869,1,2,1,1,1,2,148.808,154.5501,1.719156,912.8428,1,2,1,1,2,7.824789,146.3215,254.7744,16,1.735837,1.291277,0.7336044,0.3070813,2,1,249.7757,1.585878,188.4613,0.000128152,1,1,1,Attack
 29/12/2015 6:11:03 PM,2.64997,501.3755,2,2,1,251.3458,8.389067,333.7862,2.452696,2,1,1,2,1,2,1,19.89564,2.203248,854.5485,1,2,1,1,1,2,148.808,154.5501,1.719156,912.8428,1,2,1,1,2,7.824789,146.3215,254.7744,16,1.735837,1.270398,0.7336044,0.3070813,2,1,249.7757,1.585878,188.3171,0.000128152,1,1,1,Attack
 29/12/2015 6:11:04 PM,2.632995,500.9044,2,2,1,251.3458,8.389067,333.7862,2.452696,2,1,1,2,1,2,1,19.91485,2.205169,854.7087,1,2,1,1,1,2,148.808,154.5501,1.719924,913.112,1,2,1,1,2,7.824789,146.3215,254.7744,16,1.735837,1.25618,0.732196,0.3070813,2,1,249.7116,1.585878,188.3171,0.000128152,1,1,1,Attack
 29/12/2015 6:11:05 PM,2.628831,500.6689,2,2,1,251.3458,8.389067,333.7862,2.452696,2,1,1,2,1,2,1,19.91485,2.205169,854.7087,1,2,1,1,1,2,148.808,154.5501,1.721847,913.6503,1,2,1,1,2,7.824789,146.3215,254.7744,16,1.735837,1.253619,0.732196,0.3063127,2,1,249.5514,1.585878,188.3171,0.000128152,1,1,1,Attack
 29/12/2015 6:11:06 PM,2.628831,500.6689,2,2,1,251.3458,8.389067,333.7862,2.452696,2,1,1,2,1,2,1,19.91485,2.205169,854.7087,1,2,1,1,1,2,148.808,154.5501,1.721847,913.6503,1,2,1,1,2,7.824789,146.3215,254.7744,16,1.735837,1.253619,0.732196,0.3063127,2,1,249.5514,1.585878,188.3171,0.000128152,1,1,1,Attack
 29/12/2015 6:11:07 PM,2.620504,501.4932,2,2,1,251.3458,8.389067,333.7862,2.452696,2,1,1,2,1,2,1,19.91485,2.206322,854.6687,1,2,1,1,1,2,148.808,154.5501,1.722616,914.0733,1,2,1,1,2,7.824789,146.2958,254.7744,16,1.735837,1.25554,0.732196,0.3063127,2,1,249.5514,1.585878,188.3171,0.000128152,1,1,1,Attack
 29/12/2015 6:11:08 PM,2.605131,501.5717,2,2,1,251.3458,8.389067,333.7606,2.452696,2,1,1,2,1,2,1,19.87643,2.208244,854.9491,1,2,1,1,1,2,148.808,154.5501,1.722616,914.2656,1,2,1,1,2,7.824789,146.142,254.7744,16,1.734299,1.284488,0.7328362,0.3063127,2,1,249.5514,1.585878,188.3171,0.000128152,1,1,1,Attack
 29/12/2015 6:11:09 PM,2.587195,501.5717,2,2,1,251.3458,8.389067,333.7606,2.452696,2,1,1,2,1,2,1,19.86043,2.208884,855.2695,1,2,1,1,1,2,148.808,154.5501,1.722616,914.6116,1,2,1,1,2,7.824789,146.142,254.7744,16,1.734043,1.3005,0.7328362,0.3065689,2,1,249.6796,1.585878,188.3171,0.000128152,1,1,1,Attack
 29/12/2015 6:11:10 PM,2.571502,501.768,2,2,1,251.3458,8.389067,333.7606,2.454875,2,1,1,2,1,2,1,19.86043,2.208884,855.5098,1,2,1,1,1,2,148.808,154.5501,1.722616,914.6501,1,2,1,1,2,7.824789,146.142,254.7744,16,1.734043,1.3119,0.7323241,0.3071454,2,1,249.6796,1.585878,188.3171,0.000128152,1,1,1,Attack
 29/12/2015 6:11:11 PM,2.555168,501.7288,2,2,1,251.3458,8.389708,333.7606,2.454875,2,1,1,2,1,2,1,19.86043,2.209269,856.0305,1,2,1,1,1,2,148.808,154.5501,1.723256,914.4963,1,2,1,1,2,7.824789,146.1933,254.7744,16,1.735709,1.307545,0.7323241,0.3071454,2,1,249.6796,1.585878,188.3171,0.000128152,1,1,1,Attack
 29/12/2015 6:11:12 PM,2.541075,502.1213,2,2,1,251.3458,8.391951,333.7606,2.454875,2,1,1,2,1,2,1,19.86043,2.209269,855.9103,1,2,1,1,1,2,148.808,154.5501,1.723256,914.8039,1,2,1,1,2,7.824789,146.1933,254.7744,16,1.735965,1.301524,0.7323241,0.3071454,2,1,249.6796,1.585878,188.3171,0.000128152,1,1,1,Attack
 29/12/2015 6:11:13 PM,2.519937,502.082,2,2,1,251.3458,8.391951,333.7606,2.452952,2,1,1,2,1,2,1,19.82201,2.209269,855.9103,1,2,1,1,1,2,148.808,154.5501,1.723256,914.9962,1,2,1,1,2,7.824789,146.1933,254.7744,16,1.735965,1.29307,0.7323241,0.3064407,2,1,249.8398,1.585878,188.3171,0.000128152,1,1,1,Attack
 29/12/2015 6:11:14 PM,2.506485,502.1213,2,2,1,251.3458,8.391951,333.7606,2.452952,2,1,1,2,1,2,1,19.82201,2.209269,856.351,1,2,1,1,1,2,148.808,154.5501,1.723256,915.1115,1,2,1,1,2,7.824789,146.1933,254.7744,16,1.735965,1.29307,0.7323241,0.3064407,2,1,249.8398,1.585878,188.3171,0.000128152,1,1,1,Attack
 29/12/2015 6:11:15 PM,2.48887,502.082,2,2,1,251.3458,8.391951,333.7606,2.452952,2,1,1,2,1,2,1,19.82201,2.209269,856.5512,1,2,1,1,1,2,148.808,154.5501,1.723256,915.2269,1,2,1,1,2,7.824789,146.1933,254.7744,16,1.734555,1.282951,0.7323241,0.3065689,2,1,249.8398,1.585878,188.3171,0.000128152,1,1,1,Attack
 29/12/2015 6:11:16 PM,2.476059,502.3568,2,2,1,251.3458,8.391951,333.7606,2.453337,2,1,1,2,1,2,1,19.82201,2.210037,856.8716,1,2,1,1,1,2,148.808,154.5501,1.723256,915.3038,1,2,1,1,2,7.824789,146.1933,254.7744,16,1.734555,1.282183,0.7332203,0.3065689,2,1,249.8398,1.585878,188.6055,0.000128152,1,1,1,Attack
 29/12/2015 6:11:17 PM,2.460686,502.082,2,2,1,251.3458,8.391951,333.7606,2.455259,2,1,1,2,1,2,1,19.82201,2.210294,856.6714,1,2,1,1,1,2,148.808,154.5501,1.723256,915.1884,1,2,1,1,2,7.827672,146.1933,254.7744,16,1.734555,1.289356,0.7332203,0.3065689,2,1,249.984,1.585878,188.6055,0.000128152,1,1,1,Attack
 29/12/2015 6:11:18 PM,2.450437,502.4745,2,2,1,251.3458,8.391951,333.7606,2.455259,2,1,1,2,1,2,1,19.75799,2.210294,856.7114,1,2,1,1,1,2,148.808,154.5501,1.723256,915.2653,1,2,1,1,2,7.827672,146.1933,254.7744,16,1.734555,1.308441,0.7332203,0.3065689,2,1,250.0801,1.585878,188.6055,0.000128152,1,1,1,Attack
 29/12/2015 6:11:19 PM,2.436665,502.3175,2,2,1,251.3458,8.391951,333.7606,2.455259,2,1,1,2,1,2,1,19.72598,2.210294,856.8316,1,2,1,1,1,2,148.808,154.5501,1.724922,915.4191,1,2,1,1,2,7.827672,146.1933,254.7744,16,1.734555,1.303702,0.7332203,0.3065689,2,1,250.0801,1.585878,188.6055,0.000128152,1,1,1,Attack
 29/12/2015 6:11:20 PM,2.436345,502.2783,2,2,1,251.3458,8.391951,333.7606,2.455259,2,1,1,2,1,2,1,19.72598,2.210294,856.5512,1,2,1,1,1,2,148.808,154.5501,1.724922,915.6498,1,2,1,1,2,7.827672,146.1933,254.7744,16,1.734555,1.290765,0.7332203,0.3047113,2,1,249.984,1.585878,188.6055,0.000128152,1,1,1,Attack
 29/12/2015 6:11:21 PM,2.436025,501.7288,2,2,1,251.3458,8.391951,333.7606,2.455259,2,1,1,2,1,2,1,19.72598,2.209269,856.9518,1,2,1,1,1,1,148.808,154.5501,1.724922,916.0344,1,2,1,1,2,7.82607,146.1933,254.7744,16,1.734555,1.277699,0.7332203,0.3047113,2,1,249.8238,1.585878,188.4773,0.000128152,1,1,1,Attack
 29/12/2015 6:11:22 PM,2.468693,501.1792,2,2,1,251.3458,8.391951,333.7606,2.455259,2,1,1,2,1,2,1,19.0121,2.209269,856.7515,1,2,1,1,1,1,148.808,154.5501,1.724922,915.8036,1,2,1,1,2,7.825109,146.1933,254.7744,16,1.734555,1.259767,0.7332203,0.3047113,2,1,249.8238,1.585878,188.4773,0.000128152,1,1,1,Attack
 29/12/2015 6:11:23 PM,2.520898,500.9829,2,2,1,251.3458,8.391951,333.7606,2.455259,2,1,1,2,1,2,1,17.23222,2.180572,856.6313,1,0,1,1,1,1,148.808,154.5501,1.724922,916.0344,1,2,1,1,2,7.825109,146.1933,254.7744,16,1.734555,1.259767,0.7332203,0.3047113,2,1,249.8238,1.585878,188.4773,0.000128152,1,1,1,Attack
 29/12/2015 6:11:24 PM,2.561573,500.8652,2,2,1,251.3458,8.391951,333.7606,2.455259,2,1,1,2,1,2,1,15.04578,2.068603,856.9117,1,0,1,1,1,1,148.808,154.5501,1.724922,916.2266,1,2,1,1,2,7.825109,146.1933,254.7744,16,1.734555,1.274881,0.7332203,0.3047113,2,1,249.9199,1.585878,188.4773,0.000128152,1,1,1,Attack
 29/12/2015 6:11:25 PM,2.596163,500.7082,2,2,1,251.3458,8.391951,333.7606,2.455259,2,1,1,2,1,2,1,12.44638,1.856324,857.0719,1,0,1,1,1,1,148.808,154.5501,1.724922,915.9575,1,2,1,1,2,7.825109,146.1933,254.7744,16,1.735196,1.286282,0.7332203,0.3047113,2,1,249.984,1.585878,188.4773,0.000128152,1,1,1,Attack
 29/12/2015 6:11:26 PM,2.632034,500.4727,2,2,1,251.3458,8.391951,333.7606,2.455259,2,1,1,2,1,2,1,9.078686,1.370272,857.4324,1,0,1,1,1,1,148.808,154.5501,1.724922,916.0728,1,2,1,1,2,7.825109,146.1933,254.7744,16,1.736478,1.304214,0.7332203,0.3066329,2,1,249.984,1.585878,188.6055,0.000128152,1,1,1,Attack
 29/12/2015 6:11:27 PM,2.66246,500.1979,2,2,1,251.3458,8.391951,333.7606,2.455515,2,1,1,2,1,2,1,7.798194,1.151587,857.152,1,0,1,1,1,1,148.808,154.5501,1.724922,916.2266,1,2,1,1,2,7.825109,146.1933,254.7744,16,1.737631,1.304214,0.7332203,0.3066329,2,1,249.984,1.585878,188.6055,0.000128152,1,1,1,Attack
 29/12/2015 6:11:28 PM,2.676232,500.4727,2,2,1,251.3458,8.390348,333.7606,2.456412,2,1,1,2,1,2,1,6.181574,0.7769913,857.0319,1,0,1,1,1,1,148.808,154.5501,1.724922,916.2651,1,2,1,1,2,7.825109,146.1933,254.7744,16,1.737631,1.287947,0.7327082,0.3066329,2,1,249.984,1.585878,188.6055,0.000128152,1,1,1,Attack
 29/12/2015 6:11:29 PM,2.676553,500.9437,2,2,1,251.3458,8.390348,333.7606,2.456925,2,1,1,2,1,2,1,4.888277,0.4800307,856.9117,1,0,1,1,1,1,148.808,154.5501,1.726973,916.1882,1,2,1,1,2,7.825109,146.1933,254.7744,16,1.737631,1.283079,0.7327082,0.3066329,2,1,249.984,1.585878,188.6055,0.000128152,1,1,1,Attack
 29/12/2015 6:11:30 PM,2.640361,500.7867,2,2,1,251.3458,8.390028,333.7606,2.456925,2,1,1,2,1,2,1,3.771048,0.2730039,857.6727,1,1,1,1,1,1,148.808,154.5501,1.728126,916.0344,1,2,1,1,2,7.825109,146.1933,254.7744,16,1.737631,1.282439,0.7327082,0.3066329,2,1,249.984,1.585878,188.6055,0.000128152,1,1,1,Attack
 29/12/2015 6:11:31 PM,2.624347,500.5119,2,2,1,251.3458,8.390028,333.7606,2.456156,2,1,1,2,1,2,1,3.15001,0.1561669,857.8329,0,1,0,1,1,1,148.808,154.5501,1.728126,916.0344,1,2,1,1,2,7.825109,146.1933,254.7744,16,1.737631,1.290252,0.7327082,0.3066329,2,1,249.984,1.585878,188.6055,0.000128152,1,1,1,Attack
 29/12/2015 6:11:32 PM,2.619223,500.5512,2,2,1,251.3458,8.390028,333.7606,2.455259,2,1,1,2,1,2,1,2.628209,0.08583415,858.4738,0,1,0,1,1,1,148.808,154.5501,1.728126,916.342,1,2,1,1,2,7.825109,146.1933,254.7744,16,1.735324,1.297938,0.7327082,0.3066329,2,1,249.984,1.585878,188.6055,0.000128152,1,1,1,Attack
 29/12/2015 6:11:33 PM,2.619223,500.5512,2,2,1,251.3458,8.390028,333.7606,2.455259,2,1,1,2,1,2,1,2.628209,0.08583415,858.4738,0,1,0,1,1,1,148.808,154.5501,1.728126,916.342,1,2,1,1,2,7.825109,146.1933,254.7744,16,1.735324,1.297938,0.7327082,0.3066329,2,1,249.984,1.585878,188.6055,0.000128152,1,1,1,Attack
 29/12/2015 6:11:34 PM,2.617301,500.3549,2,2,1,251.3458,8.390028,333.7606,2.455259,2,1,1,2,1,2,1,2.237659,0.04022675,858.8343,0,1,0,1,1,1,148.808,154.5501,1.728126,916.5727,1,2,1,1,2,7.825109,146.1933,254.7744,16,1.735324,1.301652,0.7327082,0.3066329,2,1,249.984,1.585878,188.6055,0.000128152,1,1,1,Attack
 29/12/2015 6:11:35 PM,2.598725,500.6689,2,2,1,251.3458,8.390028,333.7606,2.453849,2,1,1,2,1,2,1,2.372111,0.01575761,859.4351,0,1,0,1,1,1,148.808,154.5501,1.72505,916.5727,1,2,1,1,2,7.825109,146.1933,254.7744,16,1.735324,1.290893,0.7316839,0.3066329,2,1,249.984,1.585878,188.4773,0.000128152,1,1,1,Attack
 29/12/2015 6:11:36 PM,2.572142,500.1586,2,2,1,251.3458,8.388746,333.7606,2.453337,2,1,1,2,1,2,1,2.490556,0.000384332,859.5552,0,1,0,1,1,1,148.808,154.5501,1.72505,916.5727,1,2,1,1,2,7.825109,146.1933,254.7744,16,1.735324,1.295376,0.7309157,0.3066329,2,1,249.984,1.585878,188.4613,0.000128152,1,1,1,Attack
 29/12/2015 6:11:37 PM,2.561253,500.1194,2,2,1,251.3458,8.388746,333.7606,2.453337,2,1,1,2,1,2,1,2.496959,0.0192166,860.076,0,1,0,1,1,1,148.808,154.5501,1.72505,916.2266,1,2,1,1,2,7.825109,146.1933,254.7744,16,1.733786,1.302293,0.7309157,0.3066329,2,1,249.984,1.585878,188.4613,0.000128152,1,1,1,Attack
 29/12/2015 6:11:38 PM,2.540115,500.5512,2,2,1,251.3458,8.388746,333.7606,2.453337,2,1,1,2,1,2,1,2.496959,0.04291708,860.2762,2,1,0,1,1,1,148.808,154.5501,1.72505,916.2266,1,2,1,1,2,7.825109,146.1933,254.7744,16,1.733786,1.302293,0.7309157,0.3058642,2,1,249.984,1.585878,188.4613,0.009803607,1,1,1,Attack
 29/12/2015 6:11:39 PM,2.524101,500.7474,2,2,1,251.3458,8.388746,333.7606,2.453337,2,1,1,2,1,2,1,2.400922,0.0778913,860.9171,2,1,0,1,1,1,148.808,154.5757,1.72505,915.9575,1,2,1,1,2,7.825109,146.1933,254.7744,16,1.735196,1.294736,0.7327082,0.3047113,2,1,249.984,1.585878,188.4613,0.02024797,1,1,1,Attack
 29/12/2015 6:11:40 PM,2.506485,500.8652,2,2,1,251.3458,8.388746,333.7606,2.451415,2,1,1,2,1,2,1,2.128818,0.1179899,861.0773,2,1,2,1,1,1,148.808,154.5757,1.72505,915.7652,1,2,1,1,2,7.825109,146.1933,254.7744,16,1.735196,1.289356,0.7327082,0.3047113,2,1,249.7597,1.585878,188.4613,0.03082049,1,2,1,Attack
 29/12/2015 6:11:41 PM,2.494635,500.9437,2,2,1,251.3458,8.388746,333.7606,2.45103,2,1,1,2,1,2,1,1.238876,0.1512987,861.4378,2,1,2,1,1,1,148.808,154.5757,1.724794,915.3038,1,2,1,1,2,7.825109,146.1933,254.7744,16,1.735196,1.282183,0.7327082,0.3047113,2,1,249.7597,1.585878,188.4613,0.05132477,1,2,1,Attack
 29/12/2015 6:11:42 PM,2.477661,501.1007,2,2,1,251.3458,8.388746,333.7606,2.45103,2,1,1,2,1,2,1,0.6210385,0.1721808,861.7582,2,1,2,1,1,1,148.808,154.5757,1.724794,915.3038,1,2,1,1,2,7.825109,146.1933,254.7744,16,1.735196,1.289484,0.7327082,0.3047113,2,1,249.7597,1.585878,188.4613,0.07906962,1,2,1,Attack
 29/12/2015 6:11:43 PM,2.463889,501.6502,2,2,1,251.3458,8.388746,333.7606,2.45103,2,1,1,2,1,2,1,0.1024393,0.1807642,862.1187,2,1,2,1,1,1,148.808,154.5757,1.724794,914.9962,1,2,1,1,2,7.825109,146.1933,254.7744,16,1.735196,1.291277,0.7327082,0.3047113,2,1,249.7597,1.585878,188.3812,0.1924198,1,2,1,Attack
 29/12/2015 6:11:44 PM,2.446594,501.8465,2,2,1,251.3458,8.388746,333.7606,2.451671,2,1,1,2,1,2,1,0.03201229,0.1670563,862.359,2,1,2,1,1,1,148.808,154.7039,1.724794,914.8039,1,2,1,1,2,7.825109,146.1933,254.7744,16,1.734427,1.286794,0.7327082,0.3047113,2,1,249.7597,1.585878,188.3171,0.3645917,1,2,1,Attack
 29/12/2015 6:11:45 PM,2.433142,502.4353,2,2,1,251.3458,8.388746,333.7606,2.451671,2,1,1,2,1,2,1,0.03201229,0.1461743,862.8798,2,1,2,1,1,1,148.808,154.7039,1.724794,914.6501,1,2,1,1,2,7.825109,146.1933,254.7744,16,1.733786,1.291918,0.7327082,0.3047113,2,1,249.7597,1.585878,188.3171,0.6262775,1,2,1,Attack
 29/12/2015 6:11:46 PM,2.426416,502.8671,2,2,1,251.3458,8.388746,333.7606,2.451671,2,1,1,2,1,2,1,0.03201229,0.1127374,863.6808,2,1,2,1,1,1,148.808,154.7039,1.724794,914.4578,1,2,1,1,2,7.825109,146.1933,254.7744,16,1.733786,1.301524,0.7327082,0.3047113,2,1,249.7597,1.585878,188.3171,0.8875789,1,2,1,Attack
 29/12/2015 6:11:47 PM,2.424174,503.5344,2,2,1,251.3458,8.388746,333.7606,2.451671,2,1,1,2,1,2,1,0.03201229,0.07110143,864.3217,2,1,2,1,1,1,148.808,154.7039,1.724794,913.9964,1,2,1,1,2,7.825109,146.1933,254.7744,16,1.733786,1.296913,0.7327082,0.3047113,2,1,249.7597,1.585878,188.3171,1.16349,1,2,1,Attack
 29/12/2015 6:11:48 PM,2.435064,504.0447,2,2,1,251.3458,8.388746,333.7606,2.451671,2,1,1,2,1,2,1,0.03201229,0.03612721,864.7623,2,1,2,1,1,1,148.808,154.7039,1.724282,913.4965,1,2,1,1,2,7.825109,146.1933,254.7744,16,1.733786,1.299731,0.7327082,0.3047113,2,1,249.5514,1.585878,188.237,1.382821,1,2,1,Attack
 29/12/2015 6:11:49 PM,2.481504,504.3194,2,2,1,251.3458,8.388426,333.7606,2.451671,2,1,1,2,1,2,1,0.03201229,0.01524517,865.5634,2,1,2,1,1,1,148.808,154.7039,1.723641,913.2658,1,2,1,1,2,7.825109,146.1164,254.7744,16,1.733786,1.302037,0.7327082,0.3047113,2,1,249.5193,1.585878,188.221,1.525839,1,2,1,Attack
 29/12/2015 6:11:50 PM,2.525062,504.4372,2,2,1,251.3458,8.388426,333.7606,2.453593,2,1,1,2,1,2,1,0.03201229,0,866.044,2,1,2,1,1,1,148.808,154.7039,1.723641,913.112,1,2,1,1,2,7.825109,146.0651,254.7744,16,1.733786,1.304342,0.7327082,0.3047113,2,1,249.5193,1.585878,188.221,1.614391,1,2,1,Attack
 29/12/2015 6:11:51 PM,2.565737,504.5157,2,2,1,251.3458,8.388426,333.7606,2.453849,2,1,1,2,1,2,1,0.0544209,0,867.0453,2,1,2,1,1,1,148.808,154.6783,1.723897,912.8428,1,2,1,1,2,7.825109,146.0651,254.7744,16,1.733786,1.3119,0.7327082,0.3063127,2,1,249.5193,1.585878,188.221,1.667126,1,2,1,Attack
 29/12/2015 6:11:52 PM,2.605131,504.6727,2,2,1,251.3458,8.388426,333.7606,2.453849,2,1,1,2,1,2,1,0.0544209,0,867.1254,2,1,2,1,1,1,148.808,154.6783,1.723897,912.5737,1,2,1,1,2,7.825109,146.0651,254.7744,16,1.733786,1.312412,0.7327082,0.3064407,2,1,249.5193,1.585878,188.221,1.701342,1,2,1,Attack
 29/12/2015 6:11:53 PM,2.629792,504.2409,2,2,1,251.3458,8.388426,333.7606,2.453849,2,1,1,2,1,2,1,0.0544209,0,867.8865,2,1,2,1,1,1,148.808,154.6783,1.723897,912.3815,1,2,1,1,2,7.825109,146.0651,254.7744,16,1.733786,1.312412,0.7327082,0.3064407,2,1,249.5193,1.585878,188.221,1.719924,1,2,1,Attack
 29/12/2015 6:11:54 PM,2.646126,503.8484,2,2,1,251.3458,8.388426,333.7606,2.454618,2,1,1,2,1,2,1,0.0544209,0,868.7676,2,1,2,1,1,1,148.808,154.6783,1.723,912.0739,1,2,1,1,2,7.825109,145.9882,254.7744,16,1.733786,1.3005,0.7327082,0.3068891,2,1,249.6956,1.585878,188.221,1.731394,1,2,1,Attack
 29/12/2015 6:11:55 PM,2.652532,503.5344,2,2,1,251.3458,8.388426,333.7606,2.456412,2,1,1,2,1,2,1,0.0544209,0,869.4886,2,1,2,1,1,1,148.808,154.6526,1.723,911.9585,1,2,1,1,2,7.825109,145.9882,254.7744,16,1.733786,1.3005,0.7327082,0.3068891,2,1,249.6956,1.585878,188.221,1.740108,1,2,1,Attack
 29/12/2015 6:11:56 PM,2.652532,503.9269,2,2,1,251.2497,8.388426,333.7606,2.456412,2,1,1,2,1,2,1,0.0544209,0,870.3698,2,1,2,1,1,1,148.808,154.4988,1.723,911.3817,1,2,1,1,2,7.825109,145.9882,254.7744,16,1.733786,1.29243,0.7327082,0.3068891,2,1,249.6956,1.585878,188.4453,1.740236,1,2,1,Attack
 29/12/2015 6:11:57 PM,2.622105,504.3194,2,2,1,251.2497,8.388426,333.7606,2.452952,2,1,1,2,1,2,1,0.04801844,0,870.7703,2,1,2,1,1,1,148.808,154.4988,1.723,910.9203,1,2,1,1,2,7.825109,145.9882,254.7744,16,1.735965,1.289356,0.7327082,0.3068891,2,1,249.6956,1.585878,188.4453,1.741646,1,2,1,Attack
 29/12/2015 6:11:58 PM,2.617301,504.2802,2,2,1,251.2497,8.388426,333.7606,2.452952,2,1,1,2,1,2,1,0.03841475,0,871.6916,2,1,2,1,1,1,148.808,154.4988,1.723,910.728,1,2,1,1,2,7.825109,145.9882,254.7744,16,1.735965,1.276034,0.7327082,0.3047113,2,1,249.6956,1.585878,188.4453,1.742479,1,2,1,Attack
 29/12/2015 6:11:59 PM,2.605771,504.5157,2,2,1,251.2497,8.388426,333.7606,2.452952,2,1,1,2,1,2,1,0.03841475,0,871.9719,2,1,2,1,1,1,148.808,154.4988,1.724282,910.5742,1,2,1,1,2,7.825109,145.9882,254.7744,16,1.737503,1.271295,0.7327082,0.3047113,2,1,249.6956,1.585878,188.4453,1.742992,1,2,1,Attack
 29/12/2015 6:12:00 PM,2.598405,504.7905,2,2,1,251.2497,8.388426,333.7606,2.454234,2,1,1,2,1,2,1,0.03841475,0,872.5728,2,1,2,1,1,1,148.808,154.4988,1.726845,910.0359,1,2,1,1,2,7.825109,145.9882,254.7744,16,1.737503,1.271295,0.7327082,0.3065689,2,1,249.8558,1.585878,188.4453,1.742992,1,2,1,Attack
 29/12/2015 6:12:01 PM,2.58111,504.7905,2,2,1,251.2497,8.388426,333.7606,2.454875,2,1,1,2,1,2,1,0.03841475,0,873.1335,2,1,2,1,1,1,148.808,154.4988,1.726845,909.9974,1,2,1,1,2,7.825109,146.1933,254.7744,16,1.738144,1.27232,0.7327082,0.3064407,2,1,249.8558,1.585878,188.4453,1.741838,1,2,1,Attack
 29/12/2015 6:12:02 PM,2.572142,504.9082,2,2,1,251.2497,8.388426,333.7606,2.454234,2,1,1,2,1,2,1,0.03841475,0,873.6943,2,1,2,1,1,1,148.808,154.2425,1.726845,909.4976,1,2,1,1,2,7.825109,146.2446,254.7744,16,1.739682,1.281542,0.7327082,0.3046472,2,1,249.8558,1.585878,188.5574,1.741518,1,2,1,Attack
 29/12/2015 6:12:03 PM,2.554527,505.1045,2,2,1,251.2497,8.388426,333.7606,2.451415,2,1,1,2,1,2,1,0.03841475,0,873.8145,2,1,2,1,1,1,148.808,154.2425,1.725435,909.2284,1,2,1,1,2,7.825109,146.2446,254.7744,16,1.739682,1.288203,0.7327082,0.3046472,2,1,249.9199,1.585878,188.6215,1.741518,1,2,1,Attack
 29/12/2015 6:12:04 PM,2.545559,505.183,2,2,1,251.2497,8.388426,333.7606,2.451415,2,1,1,2,1,2,1,0.03841475,0,874.5354,2,1,2,1,1,1,148.808,154.2425,1.725435,908.8823,1,2,1,1,2,7.825109,146.2446,254.7744,16,1.739682,1.291277,0.7327082,0.3046472,2,1,249.9519,1.585878,188.6375,1.741518,1,2,1,Attack
 29/12/2015 6:12:05 PM,2.522499,505.183,2,2,1,251.2497,8.388426,333.7606,2.455259,2,1,1,2,1,2,1,0.03841475,0,875.0161,2,1,2,1,1,1,148.808,154.2425,1.729408,908.0748,1,2,1,1,2,7.825109,146.2446,254.7744,16,1.739682,1.285385,0.7327082,0.3046472,2,1,250.1442,1.585878,188.7657,1.741518,1,2,1,Attack
 29/12/2015 6:12:06 PM,2.510009,505.183,2,2,1,251.2497,8.388426,333.7606,2.455259,2,1,1,2,1,2,1,0.03841475,0.0131954,875.1362,2,1,2,1,1,1,148.808,154.2425,1.729408,907.8826,1,2,1,1,2,7.825109,146.1164,254.7744,16,1.738529,1.286922,0.7327082,0.3046472,2,1,250.1442,1.585878,188.7657,1.740493,1,2,1,Attack
 29/12/2015 6:12:07 PM,2.490472,505.0652,2,2,1,251.2497,8.388426,333.7606,2.455259,2,1,1,2,1,2,1,0.03841475,0.0120424,875.4166,2,1,2,1,1,1,148.808,154.2425,1.726716,907.3828,1,2,1,1,2,7.825109,146.1164,254.7744,16,1.7384,1.284104,0.7327082,0.3046472,2,1,250.1442,1.585878,188.7657,1.740108,1,2,1,Attack
 29/12/2015 6:12:08 PM,2.473497,505.2223,2,2,1,251.2497,8.388426,333.7606,2.455259,2,1,1,2,1,2,1,0.03841475,0.01691061,876.1376,2,1,2,1,1,1,148.808,154.2425,1.726716,907.152,1,2,1,1,2,7.825109,146.1164,254.7744,16,1.7384,1.282567,0.7339884,0.3046472,2,1,250.1442,1.585878,188.7657,1.740108,1,2,1,Attack
 29/12/2015 6:12:09 PM,2.457803,505.4185,2,2,1,251.2497,8.388426,333.7606,2.453337,2,1,1,2,1,2,1,0.03841475,0.01767927,876.498,2,1,2,1,1,1,148.808,154.2425,1.726716,906.7291,1,2,1,1,2,7.825109,146.1164,254.7744,16,1.7384,1.290509,0.7348846,0.3048394,2,1,250.1442,1.585878,188.7657,1.740108,1,2,1,Attack
 29/12/2015 6:12:10 PM,2.451078,505.026,2,2,1,251.2497,8.388426,333.7606,2.453337,2,1,1,2,1,2,1,0.03841475,0.01960093,876.9787,2,1,2,1,1,1,148.808,154.2425,1.726845,906.383,1,2,1,1,2,7.825109,146.1164,254.7744,16,1.7384,1.292046,0.7348846,0.3048394,2,1,250.1442,1.585878,188.7657,1.740557,1,1,1,Attack
 29/12/2015 6:12:11 PM,2.433783,504.869,2,2,1,251.2497,8.388426,333.7606,2.453337,2,1,1,2,1,2,1,0.03841475,0.01972904,877.179,2,1,2,1,1,1,148.808,154.2425,1.727742,905.7293,1,2,1,1,2,7.825109,146.1164,254.7744,16,1.7384,1.278596,0.7348846,0.3061845,2,1,249.9199,1.585878,188.7657,1.740557,1,1,1,Attack
 29/12/2015 6:12:12 PM,2.43058,504.6335,2,2,1,251.2497,8.388426,333.7606,2.453337,2,1,1,2,1,2,1,0.03841475,0.000640553,877.6196,2,1,2,1,1,1,148.808,154.2425,1.727742,905.4601,1,2,1,1,2,7.825109,146.1164,254.7744,16,1.737631,1.271551,0.7327082,0.3065048,2,1,249.9199,1.585878,188.6856,1.740108,1,1,1,Attack
 29/12/2015 6:12:13 PM,2.43058,504.2802,2,2,1,251.3138,8.388426,333.7606,2.453337,2,1,1,2,1,2,1,0.03841475,0.000384332,878.0201,0,1,2,1,1,1,148.808,154.2425,1.724282,905.0372,1,2,1,1,2,7.825109,146.1164,254.7744,16,1.737247,1.271551,0.7327082,0.3065048,2,1,249.9199,1.585878,188.4613,1.723705,1,1,1,Attack
 29/12/2015 6:12:14 PM,2.457163,504.2409,2,2,1,251.3138,8.388426,333.7606,2.453337,2,1,1,2,1,2,1,0.03841475,0.03010601,878.2203,0,1,2,1,1,1,148.808,154.3963,1.724282,904.4219,1,2,1,1,2,7.825109,146.1164,254.7744,16,1.735709,1.271551,0.7327082,0.3065048,2,1,249.9199,1.585878,188.4613,1.611188,1,1,1,Attack
 29/12/2015 6:12:15 PM,2.510009,503.9269,2,2,1,251.3138,8.388426,333.7606,2.453337,2,1,1,2,1,2,1,0.03841475,0.07174198,878.7811,0,1,2,1,1,1,148.808,154.3963,1.724282,904.1143,1,2,1,1,2,7.825109,146.1164,254.7744,16,1.735709,1.289356,0.7327082,0.3065048,2,1,249.9199,1.585878,188.4613,1.465031,1,1,1,Attack
 29/12/2015 6:12:16 PM,2.553566,504.0447,2,2,1,251.3138,8.388426,333.7606,2.453337,2,1,1,2,1,2,1,0.03841475,0.1274701,879.1816,0,1,2,1,1,1,148.808,154.3963,1.724282,903.9221,1,2,1,1,2,7.825109,146.1164,254.7744,16,1.735709,1.292174,0.7314278,0.3065048,2,1,249.9199,1.585878,188.4613,1.243905,1,1,1,Attack
 29/12/2015 6:12:17 PM,2.582071,504.0054,2,2,1,251.3138,8.388426,333.7606,2.453337,2,1,1,2,1,2,1,0.03841475,0.1878103,879.7023,0,1,2,1,1,1,148.808,154.3963,1.723256,903.6913,1,2,1,1,2,7.825109,146.1164,254.7744,16,1.733786,1.292174,0.7314278,0.3065048,2,1,249.7917,1.585878,188.4613,0.976324,1,1,1,Attack
 29/12/2015 6:12:18 PM,2.625628,504.2017,2,2,1,251.3138,8.388426,333.7606,2.45244,2,1,1,2,1,2,1,0.03841475,0.2503283,880.1429,0,1,2,1,1,1,148.808,154.3963,1.723256,903.3453,1,2,1,1,2,7.825109,146.1164,254.7744,16,1.733786,1.275266,0.7314278,0.3065048,2,1,249.7597,1.649953,188.4613,0.7199565,1,1,1,Attack
 29/12/2015 6:12:19 PM,2.655735,504.2409,2,2,1,251.3138,8.388426,333.7606,2.451799,2,1,1,2,1,2,1,0.03841475,0.3031099,880.5835,1,1,2,1,1,1,148.808,154.3963,1.724153,902.9223,1,2,1,1,2,7.825109,146.1164,254.7744,16,1.733786,1.265531,0.7314278,0.3065048,2,1,249.7597,1.649953,188.4613,0.512671,1,1,1,Attack
 29/12/2015 6:12:20 PM,2.675592,504.2409,2,2,1,251.3138,8.388426,333.7606,2.451671,2,1,1,2,1,2,1,0.1888725,0.3397495,881.2244,1,1,2,1,1,1,148.808,154.3963,1.726716,902.5378,1,2,1,1,2,7.825109,146.1164,254.7744,16,1.734043,1.271423,0.7328362,0.3068251,2,1,249.7597,1.649953,188.4613,0.3726012,1,1,1,Attack
 29/12/2015 6:12:21 PM,2.677834,504.2017,2,2,1,251.3138,8.388426,333.7606,2.451671,2,1,1,2,1,2,1,0.7138741,0.3607597,881.5849,1,1,2,0,1,1,148.808,154.3963,1.727101,902.1918,1,2,1,1,2,7.825109,146.1164,254.7744,16,1.735965,1.279621,0.7328362,0.3068251,2,1,249.7597,1.649953,188.4613,0.2717457,1,1,1,Attack
 29/12/2015 6:12:22 PM,2.64997,504.0839,2,2,1,251.3138,8.388426,333.7606,2.451671,2,1,1,2,1,2,1,1.232473,0.3767735,881.5849,1,1,2,0,1,1,148.808,154.3963,1.727101,901.7688,1,2,1,1,2,7.825109,146.1164,254.7744,16,1.735965,1.281798,0.7334763,0.3068251,2,1,249.7597,1.649953,188.4613,0.2055554,1,1,1,Attack
 29/12/2015 6:12:23 PM,2.633315,503.5344,2,2,1,251.3138,8.388426,333.7606,2.454362,2,1,1,2,1,2,1,1.741469,0.377286,881.9854,1,1,2,0,1,1,148.808,154.3963,1.729023,901.4996,1,2,1,1,2,7.825109,146.1164,254.7744,16,1.735965,1.277315,0.7353967,0.3068251,2,1,249.7597,1.649953,188.4613,0.1553199,1,1,1,Attack
 29/12/2015 6:12:24 PM,2.628511,503.4951,2,2,1,251.3138,8.388426,333.7606,2.455003,2,1,1,2,1,2,1,2.048787,0.3795919,882.1056,1,1,2,0,1,1,148.808,154.3963,1.729023,901.1151,1,2,1,1,2,7.825109,146.1164,254.7744,16,1.735965,1.282311,0.7353967,0.3068251,2,1,249.7597,1.601897,188.3972,0.1135424,1,1,1,Attack
 29/12/2015 6:12:25 PM,2.628511,503.2596,2,2,1,251.3138,8.388426,333.7606,2.455003,2,1,1,2,1,2,1,2.189641,0.3795919,882.6263,1,1,2,0,1,1,148.808,154.3963,1.729023,900.8075,1,2,1,1,2,7.825109,146.1164,254.7744,16,1.735965,1.27834,0.7334763,0.3068251,2,1,249.7597,1.601897,188.3972,0.07170089,1,1,1,Attack
 29/12/2015 6:12:26 PM,2.609935,502.9063,2,2,1,251.3138,8.388426,333.7606,2.455003,2,1,1,2,1,2,1,2.308086,0.3817698,883.187,1,1,2,0,1,1,148.808,154.3963,1.729023,900.5768,1,2,1,1,2,7.825109,146.1164,254.7744,16,1.735965,1.288715,0.7328362,0.3068251,2,1,249.7597,1.601897,188.3972,0.04126486,1,1,1,Attack
 29/12/2015 6:12:27 PM,2.592,502.9456,2,2,1,251.3138,8.388426,333.7606,2.455003,2,1,1,2,1,2,1,2.36891,0.383179,884.1884,1,1,2,0,1,1,148.808,154.3963,1.729023,899.9615,1,2,1,1,2,7.825109,146.1164,254.7744,16,1.733786,1.291918,0.7328362,0.3050315,2,1,249.7597,1.601897,188.3972,0.02088873,1,1,1,Attack
 29/12/2015 6:12:28 PM,2.574704,502.8671,2,2,1,251.3138,8.388426,333.7606,2.455003,2,1,1,2,1,2,1,2.44894,0.3836915,884.7892,1,1,2,2,1,1,148.808,154.3963,1.72928,899.577,1,2,1,1,2,7.825109,146.1164,254.7744,16,1.733786,1.3005,0.7328362,0.305608,2,1,249.7597,1.601897,188.3972,0.01025214,1,1,1,Attack
 29/12/2015 6:12:29 PM,2.559331,502.8671,2,2,1,251.3138,8.388426,333.7606,2.45308,2,1,1,2,1,2,1,2.468148,0.3836915,885.5903,1,1,2,2,1,1,148.808,154.3963,1.72992,899.2694,1,2,1,1,2,7.825109,146.1164,254.7744,16,1.733786,1.302677,0.7328362,0.3062486,2,1,249.7597,1.601897,188.3972,0.000384455,1,1,1,Attack
 29/12/2015 6:12:30 PM,2.537873,502.4353,2,2,1,251.3138,8.389708,333.7606,2.45308,2,1,1,2,1,2,1,2.512965,0.3836915,886.2311,1,1,2,2,1,1,148.808,154.3963,1.72992,898.8849,1,2,1,1,2,7.825109,146.1164,254.7744,16,1.733786,1.298194,0.7328362,0.306761,2,1,249.7597,1.601897,188.3972,0.000256304,1,1,1,Attack
 29/12/2015 6:12:31 PM,2.521859,502.6708,2,2,1,251.3138,8.389708,333.7606,2.45308,2,1,1,2,1,2,1,2.554581,0.3857413,886.5916,1,1,2,2,1,1,148.808,154.3963,1.728254,898.5004,1,2,1,1,2,7.825109,146.1164,254.7744,16,1.733145,1.277315,0.7328362,0.306761,2,1,249.5514,1.601897,188.3972,0.000256304,1,1,1,Attack
 29/12/2015 6:12:32 PM,2.502322,502.7101,2,2,1,251.3138,8.389708,333.7606,2.45308,2,1,1,2,1,2,1,2.554581,0.3871505,887.1123,1,1,2,2,1,1,148.808,154.3963,1.727742,898.3081,1,2,1,1,2,7.825109,146.1164,254.7744,16,1.731095,1.271679,0.7328362,0.306761,2,1,249.5193,1.601897,188.2049,0.000256304,1,1,1,Attack
 29/12/2015 6:12:33 PM,2.493675,503.2989,2,2,1,251.3138,8.389708,333.7606,2.45308,2,1,1,2,1,2,1,2.554581,0.3871505,887.593,1,1,2,2,1,1,148.808,154.4988,1.727742,898.2697,1,2,1,1,2,7.825109,145.9369,254.7744,16,1.731095,1.271679,0.7328362,0.306761,2,1,249.5033,1.601897,188.2049,0.000256304,1,1,1,Attack
 29/12/2015 6:12:34 PM,2.473817,503.6129,2,2,1,251.3138,8.389708,333.7606,2.45308,2,1,1,2,1,2,1,2.589794,0.3871505,887.7932,1,1,2,2,1,1,148.808,154.4988,1.726076,897.8082,1,2,1,1,2,7.825109,145.9369,254.7744,16,1.731095,1.277956,0.7328362,0.306761,2,1,249.5033,1.601897,188.2049,0.000256304,1,1,1,Attack
 29/12/2015 6:12:35 PM,2.457803,503.8484,2,2,1,251.3138,8.389708,333.7606,2.452312,2,1,1,2,1,2,1,2.589794,0.3894565,888.4341,1,1,2,2,1,1,148.808,154.4988,1.72505,897.1161,1,2,1,1,2,7.825109,145.9369,254.7744,16,1.731095,1.281542,0.7328362,0.306761,2,1,249.5033,1.601897,188.2049,0.000256304,1,1,1,Attack
 29/12/2015 6:12:36 PM,2.444672,503.6129,2,2,1,251.3138,8.389708,333.6837,2.452312,2,1,1,2,1,2,1,2.589794,0.3894565,888.4341,1,1,2,2,1,1,148.808,154.4988,1.72505,896.7316,1,2,1,1,2,7.825109,145.9369,254.7744,16,1.731095,1.291149,0.7328362,0.3058002,2,1,249.5033,1.601897,188.2049,0.000256304,1,1,1,Attack
 29/12/2015 6:12:37 PM,2.444672,503.6129,2,2,1,251.3138,8.389708,333.6837,2.452312,2,1,1,2,1,2,1,2.589794,0.3894565,888.4341,1,1,2,2,1,1,148.808,154.4988,1.72505,896.7316,1,2,1,1,2,7.825109,145.9369,254.7744,16,1.731095,1.291149,0.7328362,0.3058002,2,1,249.5033,1.601897,188.2049,0.000256304,1,1,1,Attack
 29/12/2015 6:12:38 PM,2.434423,503.1026,2,2,1,251.3138,8.389708,333.6837,2.452312,2,1,1,2,1,2,1,2.589794,0.3913781,888.6343,1,1,2,2,1,1,148.808,154.4988,1.72505,896.1548,1,2,1,1,2,7.825109,145.9369,254.7744,16,1.731095,1.289484,0.7328362,0.3047113,2,1,249.6956,1.601897,188.2049,0.000256304,1,1,1,Attack
 29/12/2015 6:12:39 PM,2.434423,503.2989,2,2,1,251.3138,8.389708,333.6837,2.452312,2,1,1,2,1,2,1,2.589794,0.3913781,889.1951,1,1,2,2,1,1,148.808,154.4988,1.726845,895.6934,1,2,1,1,2,7.825109,145.9369,254.7744,16,1.731479,1.272192,0.7328362,0.306761,2,1,249.6956,1.601897,188.2049,0,1,1,1,Attack
 29/12/2015 6:12:40 PM,2.434423,503.0634,2,2,1,251.3138,8.389708,333.6837,2.452312,2,1,1,2,1,2,1,2.589794,0.3913781,889.5155,1,1,2,2,1,1,148.808,154.4988,1.726845,895.3858,1,2,1,1,2,7.825109,145.9369,254.7744,16,1.732504,1.271935,0.7328362,0.306761,2,1,249.6956,1.601897,188.285,0,1,1,1,Attack
 29/12/2015 6:12:41 PM,2.492714,502.8671,2,2,1,251.3138,8.389708,333.6837,2.452312,2,1,1,2,1,2,1,2.589794,0.3892002,890.1564,1,1,2,2,1,1,148.808,154.4988,1.724538,894.8475,1,2,1,1,2,7.825109,145.9369,254.7744,16,1.733786,1.276547,0.7328362,0.306761,2,1,249.6956,1.601897,188.285,0,1,1,1,Attack
 29/12/2015 6:12:42 PM,2.51193,502.1605,2,2,1,251.3138,8.389708,333.6837,2.452312,2,1,1,2,1,2,1,2.589794,0.3892002,890.597,1,1,2,2,1,1,148.808,154.4988,1.724538,894.6168,1,2,1,1,2,7.825109,145.9369,254.7744,16,1.734299,1.262713,0.7328362,0.306761,2,1,249.6956,1.601897,188.3812,0,1,1,1,Attack
 29/12/2015 6:12:43 PM,2.567658,501.8465,2,2,1,251.3138,8.389708,333.6837,2.452312,2,1,1,2,1,2,1,2.589794,0.3892002,891.3179,1,1,2,2,1,1,148.808,154.4988,1.724538,894.1553,1,2,1,1,2,7.825109,145.9369,254.7744,16,1.734299,1.262073,0.7328362,0.3047113,2,1,249.6956,1.601897,188.3812,0,1,1,1,Attack
 29/12/2015 6:12:44 PM,2.601928,501.14,2,2,1,251.3138,8.389708,333.6837,2.452312,2,1,1,2,1,2,1,2.589794,0.3892002,891.7185,1,1,2,2,1,1,148.808,154.4988,1.724538,893.7708,1,2,1,1,2,7.825109,145.9369,254.7744,16,1.734299,1.267709,0.7328362,0.3064407,2,1,249.6956,1.601897,188.5414,0,1,1,1,Attack
 29/12/2015 6:12:45 PM,2.633315,501.14,2,2,1,251.3138,8.389708,333.6837,2.452312,2,1,1,2,1,2,1,2.609002,0.3892002,891.5983,1,1,2,2,1,1,148.808,154.4988,1.721719,893.8862,1,2,1,1,2,7.825109,145.9369,254.7744,16,1.735324,1.267709,0.7328362,0.3068891,2,1,249.9039,1.601897,188.5414,0,1,1,1,Attack
 29/12/2015 6:12:46 PM,2.655414,500.9437,2,2,1,251.3138,8.389708,333.6837,2.452312,2,1,1,2,1,2,1,2.609002,0.3917625,892.1591,1,1,2,2,1,1,148.808,154.4988,1.721719,893.8093,1,2,1,1,2,7.825109,145.9369,254.7744,16,1.735324,1.286794,0.7328362,0.3068891,2,1,250.016,1.601897,188.5414,0,1,1,1,Attack
 29/12/2015 6:12:47 PM,2.657656,500.8652,2,2,1,251.3138,8.389708,333.6837,2.454362,2,1,1,2,1,2,1,2.609002,0.3917625,892.3193,1,1,2,2,1,1,148.808,154.4988,1.722872,893.5786,1,2,1,1,2,7.825109,145.9882,254.6462,16,1.735324,1.291789,0.7328362,0.3048394,2,1,250.016,1.601897,188.5414,0,1,1,1,Attack
 29/12/2015 6:12:48 PM,2.641963,500.7867,2,2,1,251.3138,8.390348,333.6837,2.455259,2,1,1,2,1,2,1,2.609002,0.3915063,892.2392,1,1,2,2,1,1,148.808,154.4988,1.72505,893.1171,1,2,1,1,2,7.825109,146.142,254.6462,16,1.735324,1.291789,0.7328362,0.3043269,2,1,250.016,1.601897,188.5414,0,1,1,1,Attack
 29/12/2015 6:12:49 PM,2.622105,501.4932,2,2,1,251.3138,8.390348,333.6837,2.455772,2,1,1,2,1,2,1,2.609002,0.3907376,892.7599,1,1,2,2,1,1,148.808,154.4988,1.72505,892.848,1,2,1,1,2,7.825109,146.142,254.6462,16,1.735324,1.286025,0.7328362,0.3043269,2,1,250.016,1.601897,188.5414,0.000320379,1,1,1,Attack
 29/12/2015 6:12:50 PM,2.609935,501.297,2,2,1,251.3138,8.39163,333.6837,2.455772,2,1,1,2,1,2,1,2.609002,0.3907376,892.6397,1,1,2,2,1,1,148.808,154.4988,1.72505,892.5019,1,2,1,1,2,7.825109,146.142,254.6462,16,1.735324,1.289484,0.7328362,0.3045191,2,1,250.016,1.601897,188.5414,0.000320379,1,1,1,Attack
 29/12/2015 6:12:51 PM,2.600006,501.3755,2,2,1,251.3138,8.39163,333.6837,2.455772,2,1,1,2,1,2,1,2.625008,0.392403,893.2405,1,1,2,2,1,1,148.808,154.4988,1.72505,892.079,1,2,1,1,2,7.825109,146.142,254.6462,16,1.735324,1.29307,0.7328362,0.3049034,2,1,250.016,1.601897,188.5414,0.000320379,1,1,1,Attack
 29/12/2015 6:12:52 PM,2.58079,501.1792,2,2,1,251.3138,8.39163,333.6837,2.457694,2,1,1,2,1,2,1,2.625008,0.392403,893.5209,1,1,2,2,1,1,148.808,154.4988,1.726332,892.4635,1,2,1,1,2,7.825109,146.142,254.6462,16,1.735324,1.302677,0.7338604,0.3049034,2,1,250.016,1.601897,188.5414,0.000320379,1,1,1,Attack
 29/12/2015 6:12:53 PM,2.556769,501.1792,2,2,1,251.3138,8.39163,333.6837,2.457694,2,1,1,2,1,2,1,2.625008,0.392403,893.8013,1,1,2,2,1,1,148.808,154.4988,1.727613,891.9252,1,2,1,1,2,7.825109,146.142,254.6462,16,1.733786,1.302677,0.7351407,0.3049034,2,1,250.016,1.601897,188.5414,0.000320379,1,1,1,Attack
 29/12/2015 6:12:54 PM,2.530506,501.1007,2,2,1,251.3138,8.39163,333.6837,2.457694,2,1,1,2,1,2,1,2.625008,0.392403,894.5223,1,1,2,2,1,1,148.808,154.4988,1.727613,891.3868,1,2,1,1,2,7.825109,146.142,254.6462,16,1.733786,1.302677,0.7351407,0.3058642,2,1,250.016,1.601897,188.5414,0,1,1,1,Attack
 29/12/2015 6:12:55 PM,2.508087,501.454,2,2,1,251.3138,8.39163,333.6837,2.457694,2,1,1,2,1,2,1,2.625008,0.3907376,894.8026,1,1,2,2,1,1,148.808,154.4988,1.72441,891.3099,1,2,1,1,2,7.825109,146.142,254.6462,16,1.733786,1.302677,0.7351407,0.3063127,2,1,250.016,1.569859,188.5414,0,1,1,1,Attack
 29/12/2015 6:12:56 PM,2.485988,501.3755,2,2,1,251.3138,8.39163,333.6837,2.456797,2,1,1,2,1,2,1,2.625008,0.3907376,895.4435,1,1,2,2,1,1,148.808,154.4988,1.72441,890.5409,1,2,1,1,2,7.825109,146.142,254.6462,16,1.733786,1.302677,0.7351407,0.3068251,2,1,249.6796,1.569859,188.3972,0.000384455,1,1,1,Attack
 29/12/2015 6:12:57 PM,2.468693,501.4932,2,2,1,251.3138,8.39163,333.6837,2.456156,2,1,1,2,1,2,1,2.625008,0.3922749,896.2446,1,1,2,2,1,1,148.808,154.4988,1.72441,890.1179,1,2,1,1,2,7.825109,146.142,254.6462,16,1.733786,1.288715,0.7351407,0.3068251,2,1,249.5354,1.569859,188.3171,0.000384455,1,1,1,Attack
 29/12/2015 6:12:58 PM,2.444672,501.454,2,2,1,251.3138,8.39163,333.6837,2.4559,2,1,1,2,1,2,1,2.625008,0.3922749,896.565,1,1,2,2,1,1,148.808,154.4988,1.725563,889.7719,1,2,1,1,2,7.825109,146.142,254.6462,16,1.733786,1.276547,0.7351407,0.3068251,2,1,249.5354,1.569859,188.3171,0.000384455,1,1,1,Attack
 29/12/2015 6:12:59 PM,2.436345,501.5717,2,2,1,251.3138,8.39163,333.6837,2.452952,2,1,1,2,1,2,1,2.625008,0.3922749,897.1658,1,1,2,2,1,1,148.808,154.4988,1.725563,889.4642,1,2,1,1,2,7.825109,146.142,254.6462,16,1.733786,1.264378,0.7351407,0.3068251,2,1,249.7116,1.569859,188.2049,0.000384455,1,1,1,Attack
 29/12/2015 6:13:00 PM,2.436025,501.6502,2,2,1,251.3138,8.39163,333.6837,2.452952,2,1,1,2,1,2,1,2.625008,0.3917625,897.5263,1,1,2,2,1,1,148.808,154.4988,1.725563,889.5411,1,2,1,1,2,7.825109,146.142,254.6462,16,1.733786,1.275138,0.7351407,0.3068251,2,1,249.7757,1.569859,188.2049,0,1,1,1,Attack
 29/12/2015 6:13:01 PM,2.436025,501.5717,2,2,1,251.3138,8.39163,333.6837,2.452952,2,1,1,2,1,2,1,2.625008,0.3917625,897.7666,1,1,2,2,1,1,148.808,154.4988,1.725179,889.0797,1,2,1,1,2,7.825109,146.142,254.6462,16,1.732504,1.286153,0.7351407,0.3068251,2,1,249.7757,1.569859,188.3812,0,1,1,1,Attack
 29/12/2015 6:13:02 PM,2.478621,502.1605,2,2,1,251.3138,8.39163,333.6837,2.452055,2,1,1,2,1,2,1,2.625008,0.3917625,898.4475,1,1,2,2,1,1,148.808,154.4988,1.724153,889.0028,1,2,1,1,2,7.825109,146.142,254.6462,16,1.731735,1.298962,0.7351407,0.3051597,2,1,249.7757,1.569859,188.4613,0.000256304,1,1,1,Attack
 29/12/2015 6:13:03 PM,2.525702,502.5531,2,2,1,251.3138,8.39163,333.6837,2.451927,2,1,1,2,1,2,1,2.625008,0.3917625,899.569,1,1,2,2,1,1,148.808,154.6783,1.724153,888.3107,1,2,1,1,2,7.825109,146.0138,254.6462,16,1.731735,1.313565,0.7351407,0.3045831,2,1,249.7757,1.569859,188.4613,0.000256304,1,1,1,Attack
 29/12/2015 6:13:04 PM,2.562854,502.8671,2,2,1,251.1856,8.390348,333.6837,2.451927,2,1,1,2,1,2,1,2.625008,0.3917625,900.2099,1,1,2,2,1,1,148.808,154.6783,1.724153,887.8492,1,2,1,1,2,7.825109,146.0138,254.6462,16,1.731735,1.302037,0.7336044,0.3045831,2,1,249.7757,1.569859,188.4613,0.000256304,1,1,1,Attack
 29/12/2015 6:13:05 PM,2.593921,502.6708,2,2,1,251.1856,8.389708,333.6837,2.451927,2,1,1,2,1,2,1,2.625008,0.3917625,900.8908,1,1,2,2,1,1,148.808,154.6783,1.724153,887.4263,1,2,1,1,2,7.825109,146.0138,254.6462,16,1.731735,1.285513,0.7328362,0.3045831,2,1,249.5834,1.569859,188.253,0.000256304,1,1,1,Attack
 29/12/2015 6:13:06 PM,2.635237,502.3568,2,2,1,251.1856,8.389708,333.6837,2.451927,2,1,1,2,1,2,1,2.625008,0.3936841,901.6118,1,1,2,2,1,1,148.808,154.6526,1.724153,887.2725,1,2,1,1,2,7.825109,146.0138,254.6462,16,1.731735,1.274881,0.7328362,0.3058002,2,1,249.5834,1.569859,188.253,0.000256304,1,1,1,Attack
 29/12/2015 6:13:07 PM,2.666624,502.1213,2,2,1,251.1856,8.389708,333.6837,2.454362,2,1,1,2,1,2,1,2.625008,0.3936841,902.493,1,1,2,2,1,1,148.808,154.6526,1.724153,886.5804,1,2,1,1,2,7.825109,146.0138,254.6462,16,1.731735,1.263353,0.7328362,0.3061205,2,1,249.5834,1.585878,188.253,0.000256304,1,1,1,Attack
 29/12/2015 6:13:08 PM,2.674631,502.3568,2,2,1,251.1856,8.389708,333.6837,2.45449,2,1,1,2,1,2,1,2.625008,0.3922749,902.8935,1,1,2,2,1,1,148.808,154.4219,1.725435,886.0805,1,2,1,1,2,7.825109,146.0138,254.6462,16,1.731735,1.275266,0.7328362,0.3064407,2,1,249.5834,1.585878,188.253,0.000256304,1,1,1,Attack
 29/12/2015 6:13:09 PM,2.656375,501.9643,2,2,1,251.1856,8.389708,333.6837,2.455131,2,1,1,2,1,2,1,2.625008,0.3922749,903.0537,1,1,2,2,1,1,148.808,154.4219,1.725435,885.7344,1,2,1,1,2,7.825109,146.0138,254.6462,16,1.73212,1.290893,0.7328362,0.3068251,2,1,249.5834,1.585878,188.253,0.000128152,1,1,1,Attack
 29/12/2015 6:13:10 PM,2.630433,501.5717,2,2,1,251.1856,8.389708,333.6837,2.455131,2,1,1,2,1,2,1,2.625008,0.3922749,903.8148,1,1,2,2,1,1,148.808,154.4219,1.725435,885.6191,1,2,1,1,2,7.825109,146.0138,254.6462,16,1.732761,1.296657,0.7328362,0.3068251,2,1,249.8398,1.585878,188.3011,0.000128152,1,1,1,Attack
 29/12/2015 6:13:11 PM,2.613138,501.4932,2,2,1,251.4099,8.389708,333.6837,2.4559,2,1,1,2,1,2,1,2.625008,0.3940684,903.8948,1,1,2,2,1,1,148.808,154.4219,1.725435,885.2346,1,2,1,1,2,7.825109,146.0138,254.6462,16,1.733914,1.30178,0.7328362,0.3068251,2,1,249.8398,1.585878,188.3812,0.000128152,1,1,1,Attack
 29/12/2015 6:13:12 PM,2.608013,501.7288,2,2,1,251.4099,8.389708,333.6837,2.4559,2,1,1,2,1,2,1,2.625008,0.3940684,904.2954,1,1,2,2,1,1,148.808,154.5757,1.725435,884.4271,1,2,1,1,2,7.825109,146.0138,254.6462,16,1.734299,1.29307,0.7328362,0.3068251,2,1,249.8398,1.585878,188.3812,0.000128152,1,1,1,Attack
 29/12/2015 6:13:13 PM,2.602569,502.6708,2,2,1,251.4099,8.389708,333.6837,2.4559,2,1,1,2,1,2,1,2.625008,0.3940684,904.6559,1,1,2,2,1,1,148.808,154.5757,1.725435,883.7349,1,2,1,1,2,7.825109,146.0138,254.6462,16,1.734299,1.29243,0.7328362,0.305544,2,1,249.8398,1.585878,188.3972,0.000128152,1,1,1,Attack
 29/12/2015 6:13:14 PM,2.571502,503.4166,2,2,1,251.4099,8.389708,333.6837,2.4559,2,1,1,2,1,2,1,2.625008,0.3940684,904.5757,1,1,2,2,1,2,148.808,154.5757,1.725435,883.658,1,2,1,1,2,7.825109,146.0138,254.6462,16,1.735965,1.299603,0.7328362,0.3051597,2,1,249.8398,1.585878,188.4453,0.000128152,1,1,1,Attack
 29/12/2015 6:13:15 PM,2.549082,503.8877,2,2,1,251.4099,8.389708,333.6837,2.4559,2,1,1,2,1,2,1,2.954735,0.3940684,905.0164,1,1,0,2,1,2,148.808,154.5757,1.725435,883.4273,1,2,1,1,2,7.825109,146.0138,254.6462,16,1.735965,1.291533,0.7328362,0.3065048,2,1,249.8398,1.585878,188.4453,0.000128152,1,1,1,Attack
 29/12/2015 6:13:16 PM,2.526663,504.4372,2,2,1,251.4099,8.389708,333.6837,2.4559,2,1,1,2,1,2,1,3.59498,0.399321,905.5771,1,1,0,2,1,2,148.808,154.5757,1.728254,882.7736,1,2,1,1,2,7.825109,146.0138,254.6462,16,1.735965,1.291533,0.7328362,0.306761,2,1,249.8398,1.585878,188.4453,0.000128152,1,1,1,Attack
 29/12/2015 6:13:17 PM,2.502642,505.026,2,2,1,251.4099,8.389708,333.6837,2.4559,2,1,1,2,1,2,1,4.628977,0.498863,905.8174,1,1,0,2,1,2,148.808,154.5757,1.728254,882.4661,1,2,1,1,2,7.825109,146.0138,254.6462,16,1.735965,1.290124,0.7328362,0.3049034,2,1,249.8398,1.585878,188.4453,0.000128152,1,1,1,Attack
 29/12/2015 6:13:18 PM,2.481824,505.2615,2,2,1,251.0895,8.389708,333.6837,2.4559,2,1,1,2,1,2,1,5.678981,0.677193,906.4984,1,1,0,2,1,2,148.808,154.5757,1.728254,882.1969,1,2,1,1,2,7.825109,146.0138,254.6462,16,1.735965,1.282567,0.7328362,0.3047113,2,1,249.7757,1.585878,188.4453,0.000128152,1,1,1,Attack
 29/12/2015 6:13:19 PM,2.457163,505.2223,2,2,1,251.0895,8.389708,333.6837,2.4559,2,1,1,2,1,2,1,6.777002,0.994267,906.8588,1,1,0,2,1,2,148.808,154.5757,1.726332,881.697,1,2,1,1,2,7.825109,146.0138,254.6462,16,1.735965,1.286282,0.7328362,0.3062486,2,1,249.6796,1.585878,188.4453,0.000128152,1,1,1,Attack
 29/12/2015 6:13:20 PM,2.44275,504.9867,2,2,1,251.0895,8.389708,333.6837,2.4559,2,1,1,2,1,2,1,7.334016,1.266374,906.979,1,1,0,2,1,2,148.808,154.5757,1.726332,881.697,1,2,1,1,2,7.825109,146.0138,254.6462,16,1.735837,1.283207,0.7328362,0.3064407,2,1,249.6796,1.585878,188.4453,0.000128152,1,1,1,Attack
 29/12/2015 6:13:21 PM,2.434744,504.712,2,2,1,251.0895,8.389708,333.6837,2.4559,2,1,1,2,1,2,1,7.862219,1.612273,907.4997,1,1,0,2,1,2,148.808,154.5757,1.726332,881.3125,1,2,1,1,2,7.825109,146.1164,254.6462,16,1.734427,1.282567,0.7328362,0.3064407,2,1,249.6796,1.585878,188.3331,0.000128152,1,1,1,Attack
 29/12/2015 6:13:22 PM,2.434744,504.8297,2,2,1,251.0895,8.389708,333.6837,2.4559,2,1,1,2,1,2,1,8.38722,1.915255,907.6599,1,1,0,2,1,2,148.808,154.5757,1.726332,880.8511,1,2,1,1,2,7.825109,146.1933,254.6462,16,1.734427,1.281798,0.7328362,0.3050315,2,1,249.6796,1.585878,188.3331,0.000128152,1,1,1,Attack
 29/12/2015 6:13:23 PM,2.455562,504.4764,2,2,1,251.0895,8.389708,333.6837,2.454234,2,1,1,2,1,2,1,8.90582,2.111905,907.9803,1,1,0,2,1,2,148.808,154.5757,1.726332,880.7357,1,2,1,1,2,7.825109,146.1933,254.6462,16,1.734427,1.299731,0.7328362,0.3049675,2,1,249.6796,1.585878,188.3331,0.000128152,1,1,1,Attack
 29/12/2015 6:13:24 PM,2.489831,503.6129,2,2,1,251.0895,8.388426,333.6837,2.454234,2,1,1,2,1,2,1,9.261156,2.228357,908.1806,1,1,1,2,1,2,148.808,154.5757,1.726332,879.9667,1,2,1,1,2,7.825109,146.1933,254.6462,16,1.734427,1.308697,0.7328362,0.3046472,2,1,249.8238,1.585878,188.3331,0.000128152,1,1,1,Attack
 29/12/2015 6:13:25 PM,2.540115,502.3568,2,2,1,251.1856,8.388426,333.6837,2.457438,2,1,1,2,1,2,1,9.357193,2.288954,908.5812,1,1,1,2,1,2,148.808,154.3194,1.726332,879.6975,1,2,1,1,2,7.825109,146.1933,254.6462,16,1.735581,1.29781,0.7328362,0.3046472,2,1,249.8398,1.585878,188.3652,0.000128152,1,1,1,Attack
 29/12/2015 6:13:26 PM,2.575345,501.8465,2,2,1,251.1856,8.388426,333.6837,2.457566,2,1,1,2,1,2,1,9.446828,2.315344,908.8215,1,1,1,2,1,2,148.808,154.2938,1.726332,879.3514,1,2,1,1,2,7.825109,146.1933,254.6462,16,1.73635,1.292046,0.7328362,0.3046472,2,1,249.9359,1.585878,188.5734,0.000128152,1,1,1,Attack
 29/12/2015 6:13:27 PM,2.619223,501.8858,2,2,1,251.1856,8.388426,333.6837,2.457694,2,1,1,2,1,2,1,9.469236,2.315472,909.3021,1,1,1,2,1,2,148.808,154.2938,1.726845,879.4283,1,2,1,1,2,7.825109,146.1933,254.6462,16,1.73635,1.292046,0.7328362,0.3046472,2,1,249.9519,1.585878,188.5734,0.000128152,1,1,1,Attack
 29/12/2015 6:13:28 PM,2.645806,502.0428,2,2,1,251.1856,8.388426,333.6837,2.458719,2,1,1,2,1,2,1,9.517255,2.294719,909.1819,1,1,1,2,1,2,148.808,154.2938,1.727485,879.1592,1,2,1,1,2,7.825109,145.9882,254.6462,16,1.73635,1.307288,0.7307877,0.3046472,2,1,249.9519,1.585878,188.5734,0.000128152,1,1,1,Attack
 29/12/2015 6:13:29 PM,2.666624,502.2783,2,2,1,251.1856,8.388426,333.6837,2.45936,2,1,1,2,1,2,1,9.526858,2.273836,910.0231,1,1,1,2,1,2,148.808,154.2938,1.72646,878.6208,1,2,1,1,2,7.825109,145.9882,254.6462,16,1.73635,1.312412,0.7307877,0.3046472,2,1,249.9519,1.585878,188.5734,0.000128152,1,1,1,Attack
 29/12/2015 6:13:30 PM,2.670147,502.4353,2,2,1,251.1856,8.388426,333.6837,2.460641,2,1,1,2,1,2,1,9.526858,2.253083,910.0632,1,1,1,2,1,2,148.808,154.2938,1.724538,878.6208,1,2,1,1,2,7.825109,145.9882,254.6462,16,1.734555,1.312412,0.7307877,0.3046472,2,1,249.9519,1.585878,188.5734,0.000128152,1,1,1,Attack
 29/12/2015 6:13:31 PM,2.65061,502.8278,2,2,1,251.1856,8.388426,333.6837,2.460641,2,1,1,2,1,2,1,9.526858,2.239631,910.2234,1,1,1,2,1,2,148.808,154.2938,1.724538,878.1979,1,2,1,1,2,7.825109,146.142,254.6462,16,1.733274,1.29243,0.7307877,0.3051597,2,1,249.9519,1.585878,188.5734,0.000128152,1,1,1,Attack
 29/12/2015 6:13:32 PM,2.639721,503.8091,2,2,1,251.1856,8.388426,333.6837,2.460641,2,1,1,2,1,2,1,9.482041,2.233354,910.4236,1,1,1,2,1,2,148.808,154.2938,1.724538,877.9672,1,2,1,1,2,7.825109,146.142,254.6462,16,1.733274,1.282183,0.7307877,0.3064407,2,1,249.9519,1.585878,188.3812,0.000128152,1,1,1,Attack
 29/12/2015 6:13:33 PM,2.625308,504.2409,2,2,1,251.1856,8.388426,333.6837,2.459488,2,1,1,2,1,2,1,9.482041,2.227588,910.4637,1,1,1,2,1,2,148.808,154.2938,1.723897,877.6595,1,2,1,1,2,7.825109,146.142,254.6462,16,1.733274,1.281798,0.7307877,0.3064407,2,1,249.8398,1.585878,188.3812,0.000128152,1,1,1,Attack
 29/12/2015 6:13:34 PM,2.610896,504.8297,2,2,1,251.1856,8.388426,333.6837,2.457438,2,1,1,2,1,2,1,9.498047,2.222592,910.6239,1,1,1,2,1,2,148.808,154.2938,1.722616,877.3904,1,2,1,1,2,7.825109,146.142,254.6462,16,1.733658,1.298834,0.7307877,0.3065048,2,1,249.8398,1.585878,188.3812,0.000128152,1,1,1,Attack
 29/12/2015 6:13:35 PM,2.594882,505.026,2,2,1,251.1856,8.388426,333.6837,2.457181,2,1,1,2,1,2,1,9.498047,2.219646,910.5839,1,1,1,2,1,2,148.808,154.2938,1.723,876.7368,1,2,1,1,2,7.825109,146.142,254.6462,16,1.735068,1.30178,0.7307877,0.3063127,2,1,249.8398,1.585878,188.5254,0.000128152,1,1,1,Attack
 29/12/2015 6:13:36 PM,2.566057,505.4578,2,2,1,251.1856,8.388426,333.6837,2.456284,2,1,1,2,1,2,1,9.47884,2.216827,910.4637,1,1,1,2,1,2,148.808,154.2938,1.725563,876.16,1,2,1,1,2,7.825109,146.142,254.6462,16,1.735709,1.30178,0.7307877,0.3047113,2,1,249.8398,1.585878,188.5254,0.000128152,1,1,1,Attack
 29/12/2015 6:13:37 PM,2.543958,505.4185,2,2,1,251.1856,8.388426,333.6837,2.453593,2,1,1,2,1,2,1,9.466035,2.213496,910.7841,1,1,1,2,1,2,148.808,154.2938,1.725563,875.8908,1,2,1,1,2,7.825109,146.142,254.6462,16,1.735709,1.309082,0.7307877,0.3047113,2,1,249.8398,1.585878,188.6856,0.000128152,1,1,1,Attack
 29/12/2015 6:13:38 PM,2.518015,505.8503,2,2,1,251.1856,8.388426,333.6837,2.452952,2,1,1,2,1,2,1,9.466035,2.212728,910.5037,1,1,1,2,1,2,148.808,154.2938,1.725563,875.1218,1,2,1,1,2,7.825109,146.142,254.6462,16,1.735709,1.309978,0.7327082,0.3047113,2,1,249.9199,1.585878,188.7016,0.000128152,1,1,1,Attack
 29/12/2015 6:13:39 PM,2.499439,505.497,2,2,1,251.1856,8.388426,333.5042,2.452952,2,1,1,2,1,2,1,9.466035,2.212728,910.4637,1,1,1,2,1,2,148.808,154.2938,1.725563,874.968,1,2,1,1,2,7.825109,146.142,254.6462,16,1.735709,1.29243,0.7327082,0.3047113,2,1,249.9519,1.585878,188.7016,0.000128152,1,1,1,Attack
 29/12/2015 6:13:40 PM,2.474778,505.654,2,2,1,251.1856,8.388426,333.5042,2.452312,2,1,1,2,1,2,1,9.437223,2.212728,910.4637,1,1,1,2,1,2,148.808,154.2938,1.728895,874.5834,1,2,1,1,2,7.825109,146.142,254.6462,16,1.735709,1.272576,0.7327082,0.3047113,2,1,249.9519,1.585878,188.5734,0.000128152,1,1,1,Attack
 29/12/2015 6:13:41 PM,2.447555,505.4578,2,2,1,251.1856,8.388426,333.5042,2.452312,2,1,1,2,1,2,1,9.434023,2.212728,910.9043,1,1,1,2,1,2,148.808,154.2938,1.72928,874.1989,1,2,1,1,2,7.825109,146.142,254.6462,16,1.735709,1.257333,0.7327082,0.3047113,2,1,249.9519,1.585878,188.4773,0.000128152,1,1,1,Attack
 29/12/2015 6:13:42 PM,2.438587,505.2615,2,2,1,251.1856,8.388426,333.5042,2.450774,2,1,1,2,1,2,1,9.45323,2.212728,910.7841,1,1,1,2,1,2,148.808,154.2938,1.72928,873.7375,1,2,1,1,2,7.825109,146.142,254.6462,16,1.735709,1.258742,0.7342445,0.3056721,2,1,249.9519,1.585878,188.3812,0.000128152,1,1,1,Attack
 29/12/2015 6:13:43 PM,2.435064,505.2223,2,2,1,251.1856,8.388426,333.5042,2.449749,2,1,1,2,1,2,1,9.45323,2.212728,910.4637,1,1,1,2,1,2,148.808,154.2938,1.728254,873.2761,1,2,1,1,2,7.825109,146.142,254.6462,16,1.734555,1.278596,0.7342445,0.3062486,2,1,249.6956,1.585878,188.3812,0.000128152,1,1,1,Attack
 29/12/2015 6:13:44 PM,2.450758,505.3008,2,2,1,251.1856,8.388426,333.5042,2.449749,2,1,1,2,1,2,1,9.45323,2.212728,910.7841,1,1,1,2,1,2,148.808,154.2938,1.728254,873.2376,1,2,1,1,2,7.825109,146.2702,254.5181,16,1.734555,1.281798,0.7342445,0.3064407,2,1,249.6956,1.585878,188.3812,0.000128152,1,1,1,Attack
 29/12/2015 6:13:45 PM,2.450758,505.3008,2,2,1,251.1856,8.388426,333.5042,2.449749,2,1,1,2,1,2,1,9.45323,2.212728,910.7841,1,1,1,2,1,2,148.808,154.2938,1.728254,873.2376,1,2,1,1,2,7.825109,146.2702,254.5181,16,1.734555,1.281798,0.7342445,0.3064407,2,1,249.6956,1.585878,188.3812,0.000128152,1,1,1,Attack
 29/12/2015 6:13:46 PM,2.468693,505.1045,2,2,1,251.1856,8.388426,333.5042,2.449749,2,1,1,2,1,2,1,9.45323,2.214265,910.7841,1,1,1,2,1,2,148.808,154.2938,1.727485,873.2761,1,2,1,1,2,7.825109,146.3984,254.5181,16,1.734555,1.282567,0.7342445,0.3069532,2,1,249.6956,1.585878,188.3812,0.000128152,1,1,1,Attack
 29/12/2015 6:13:47 PM,2.540755,505.183,2,2,1,251.1856,8.388426,333.6581,2.452952,2,1,1,2,1,2,1,9.450028,2.215162,910.6639,1,1,1,2,1,2,148.808,154.2938,1.727485,872.6608,1,2,1,1,2,7.825109,146.3984,254.5181,16,1.735837,1.274113,0.732196,0.3069532,2,1,249.6956,1.585878,188.3812,0.000128152,1,1,1,Attack
 29/12/2015 6:13:48 PM,2.576306,504.1232,2,2,1,251.1856,8.388426,333.6581,2.45308,2,1,1,2,1,2,1,9.434023,2.213881,910.4637,1,0,1,2,1,2,148.808,154.2938,1.724153,872.507,1,2,1,1,2,7.825109,146.3984,254.5181,16,1.737631,1.262713,0.732196,0.3069532,2,1,249.6796,1.585878,188.3812,0.000128152,1,1,1,Attack
 29/12/2015 6:13:49 PM,2.608334,503.8484,2,2,1,251.1856,8.388426,333.6581,2.453209,2,1,1,2,1,2,1,9.482041,2.211831,910.4236,1,0,1,2,1,2,148.808,154.14,1.724153,872.0841,1,2,1,1,2,7.825109,146.2702,254.5181,16,1.737631,1.261944,0.732196,0.3065048,2,1,249.6635,1.585878,188.3812,0.000128152,1,1,1,Attack
 29/12/2015 6:13:50 PM,2.644525,503.2204,2,2,1,251.1856,8.388426,333.6581,2.453209,2,1,1,2,1,2,1,9.766951,2.211959,910.3836,1,0,1,2,1,2,148.808,154.0631,1.724153,871.6227,1,2,1,1,2,7.825109,146.2702,254.5181,16,1.736222,1.271423,0.7307877,0.3065048,2,1,249.6635,1.585878,188.3812,0.000128152,1,1,1,Attack
 29/12/2015 6:13:51 PM,2.670788,502.9456,2,2,1,251.1856,8.388426,333.6581,2.453209,2,1,1,2,1,2,1,10.17031,2.221567,910.2634,1,0,1,2,1,2,148.808,154.0631,1.724153,871.6611,1,2,1,1,2,7.825109,146.2702,254.5181,16,1.735837,1.290124,0.7307877,0.3065048,2,1,249.6635,1.585878,188.3011,0.000128152,1,1,1,Attack
 29/12/2015 6:13:52 PM,2.671428,502.8278,2,2,1,251.1856,8.388426,333.6581,2.453209,2,1,1,2,1,2,1,10.6889,2.227588,910.3035,1,0,1,2,1,2,148.808,154.0631,1.724153,871.3535,1,2,1,1,2,7.825109,146.2702,254.5181,16,1.735837,1.292174,0.7307877,0.3065048,2,1,249.6635,1.585878,188.3011,0.000128152,1,1,1,Attack
 29/12/2015 6:13:53 PM,2.642603,502.6708,2,2,1,251.1856,8.388426,333.6581,2.453209,2,1,1,2,1,2,1,11.21391,2.242193,910.3035,1,0,1,2,1,2,148.808,154.0631,1.724153,870.8536,1,2,1,1,2,7.825109,146.2702,254.5181,16,1.735837,1.301652,0.7307877,0.3065048,2,1,249.6635,1.585878,188.3011,0.000128152,1,1,1,Attack
 29/12/2015 6:13:54 PM,2.620184,502.8278,2,2,1,251.1856,8.388426,333.5555,2.456541,2,1,1,2,1,2,1,11.73571,2.253723,909.8629,1,2,1,2,1,2,148.808,154.0631,1.724153,870.3922,1,2,1,1,2,7.825109,146.2702,254.5181,16,1.735837,1.301652,0.7307877,0.3065048,2,1,249.6635,1.585878,188.3011,0.000128152,1,1,1,Attack
 29/12/2015 6:13:55 PM,2.609935,502.8671,2,2,1,251.2497,8.388426,333.5555,2.456541,2,1,1,2,1,2,1,12.25431,2.27294,909.983,1,2,1,2,1,2,148.808,154.0631,1.724153,870.0846,1,2,1,1,2,7.825109,146.1676,254.5181,16,1.735196,1.301652,0.7328362,0.3065048,2,1,249.6635,1.585878,188.3011,0.000128152,1,1,1,Attack
 29/12/2015 6:13:56 PM,2.605131,503.1026,2,2,1,251.2497,8.388426,333.5555,2.45449,2,1,1,2,1,2,1,12.72169,2.287032,909.983,1,2,1,0,1,2,148.808,154.14,1.725435,869.7001,1,2,1,1,2,7.825109,146.1676,254.5181,16,1.733658,1.290893,0.7328362,0.3065048,2,1,249.6635,1.585878,188.1569,0.000128152,1,1,1,Attack
 29/12/2015 6:13:57 PM,2.580469,503.2596,2,2,1,251.2497,8.388426,333.5555,2.453337,2,1,1,2,1,2,1,13.05141,2.301252,909.8629,1,2,1,0,1,2,148.808,154.14,1.724538,869.1233,1,2,1,1,2,7.825109,146.1676,254.5181,16,1.733658,1.271039,0.7328362,0.3065048,2,1,249.5834,1.585878,188.1409,0.000128152,1,1,1,Attack
 29/12/2015 6:13:58 PM,2.55805,503.3381,2,2,1,251.2497,8.388426,333.5555,2.453337,2,1,1,2,1,2,1,13.24349,2.307145,910.0231,1,2,1,0,1,2,148.808,154.14,1.721847,868.5465,1,2,1,1,2,7.825109,146.1676,254.6462,16,1.732504,1.260535,0.7328362,0.3065048,2,1,249.5834,1.585878,188.1409,0.000128152,1,1,1,Attack
 29/12/2015 6:13:59 PM,2.533068,503.6129,2,2,1,251.2497,8.388426,333.5555,2.456412,2,1,1,2,1,2,1,13.35233,2.313935,910.0231,1,2,1,0,1,2,148.808,154.2425,1.720565,868.5465,1,2,1,1,2,7.825109,146.1676,254.6462,16,1.731223,1.25554,0.7328362,0.3065048,2,1,249.5834,1.585878,188.1409,0.000128152,1,1,1,Attack
 29/12/2015 6:14:00 PM,2.514813,503.8877,2,2,1,251.2497,8.388426,333.5555,2.458078,2,1,1,2,1,2,1,13.52839,2.315985,909.983,1,2,1,0,1,2,148.808,154.2938,1.720693,867.739,1,2,1,1,2,7.825109,146.1676,254.6462,16,1.731223,1.265019,0.7328362,0.3065048,2,1,249.5834,1.585878,188.1409,0.000128152,1,1,1,Attack
 29/12/2015 6:14:01 PM,2.48791,504.2409,2,2,1,251.2497,8.388426,333.5555,2.456156,2,1,1,2,1,2,1,13.74608,2.315985,910.0231,1,2,1,0,1,2,148.808,154.2938,1.722872,867.7775,1,2,1,1,2,7.825109,146.0651,254.6462,16,1.731223,1.283592,0.7328362,0.3065048,2,1,249.5834,1.585878,188.1569,0.000128152,1,1,1,Attack
 29/12/2015 6:14:02 PM,2.470614,504.1232,2,2,1,251.2497,8.388426,333.5555,2.456156,2,1,1,2,1,2,1,14.16544,2.315344,910.2234,1,2,1,0,1,2,148.808,154.2938,1.722872,867.6621,1,2,1,1,2,7.825109,146.0651,254.6462,16,1.731223,1.283592,0.7328362,0.3065048,2,1,249.5834,1.585878,188.3011,0.000128152,1,1,1,Attack
 29/12/2015 6:14:03 PM,2.447234,504.8297,2,2,1,251.2497,8.388426,333.5555,2.456156,2,1,1,2,1,2,1,14.67764,2.308426,909.903,1,2,1,1,1,2,148.808,154.2938,1.720565,867.2776,1,2,1,1,2,7.825109,145.8857,254.6462,16,1.731223,1.271423,0.7328362,0.3065048,2,1,249.5834,1.585878,188.3011,0.000128152,1,1,1,Attack
 29/12/2015 6:14:04 PM,2.436665,505.183,2,2,1,251.2497,8.388426,333.5555,2.456156,2,1,1,2,1,2,1,15.20264,2.301765,910.1833,1,2,1,1,1,2,148.808,154.2938,1.720565,867.0854,1,2,1,1,2,7.825109,145.8857,254.6462,16,1.731223,1.271039,0.7328362,0.3065048,2,1,249.5834,1.585878,188.3652,0.000128152,1,1,1,Attack
 29/12/2015 6:14:05 PM,2.436025,505.2223,2,2,1,251.2497,8.388426,333.5555,2.456156,2,1,1,2,1,2,1,15.79166,2.287929,909.8629,1,2,1,1,1,2,148.808,154.2938,1.724282,867.0085,1,2,1,1,2,7.825109,145.8857,254.6462,16,1.731223,1.262713,0.7328362,0.3065048,2,1,249.5834,1.585878,188.3652,0.000128152,1,1,1,Attack
 29/12/2015 6:14:06 PM,2.436025,505.4185,2,2,1,251.2497,8.388426,333.5555,2.456156,2,1,1,2,1,2,1,16.56316,2.274221,910.2634,1,2,1,1,1,2,148.808,154.2938,1.724282,866.97,1,2,1,1,2,7.825109,145.8857,254.6462,16,1.734555,1.275266,0.7328362,0.3065048,2,1,249.5834,1.585878,188.3652,0.000128152,1,1,1,Attack
 29/12/2015 6:14:07 PM,2.478621,505.497,2,2,1,251.2497,8.388426,333.5555,2.452952,2,1,1,2,1,2,1,17.25463,2.255132,910.2234,1,2,1,1,1,2,148.808,154.2938,1.724282,866.6624,1,2,1,1,2,7.825109,145.8857,254.6462,16,1.734555,1.290765,0.7328362,0.3065048,2,1,249.5834,1.585878,188.3652,0.000128152,1,1,1,Attack
 29/12/2015 6:14:08 PM,2.515133,505.6933,2,2,1,251.2497,8.388426,333.5555,2.452952,2,1,1,2,1,2,1,17.76682,2.240143,909.903,1,2,1,1,1,2,148.808,154.2938,1.723897,866.3932,1,2,1,1,2,7.825109,145.8857,254.6462,16,1.734555,1.291918,0.7328362,0.3065048,2,1,249.5834,1.585878,188.3652,0.000128152,1,1,1,Attack
 29/12/2015 6:14:09 PM,2.54652,505.5755,2,2,1,251.2497,8.388426,333.5555,2.452952,2,1,1,2,1,2,1,18.28862,2.227076,910.0632,1,2,1,1,1,2,148.808,154.2938,1.723256,865.8934,1,2,1,1,2,7.825109,145.8857,254.6462,16,1.734555,1.291918,0.7328362,0.3065048,2,1,249.5834,1.585878,188.3652,0.000128152,1,1,1,Attack
 29/12/2015 6:14:10 PM,2.583352,505.5755,2,2,1,251.2497,8.388426,333.5555,2.452952,2,1,1,2,1,2,1,18.81042,2.216058,910.0231,1,2,1,1,1,2,148.808,154.2938,1.723641,865.8549,1,2,1,1,2,7.825109,145.8857,254.6462,16,1.734555,1.284104,0.7328362,0.3071454,2,1,249.5834,1.585878,188.1409,0.000128152,1,1,1,Attack
 29/12/2015 6:14:11 PM,2.617942,505.0652,2,2,1,251.2497,8.388426,333.5555,2.452952,2,1,1,2,1,2,1,19.32262,2.213496,910.1032,1,2,1,1,1,2,148.808,154.2938,1.724538,865.5473,1,2,1,1,2,7.825109,145.8857,254.6462,16,1.733914,1.289996,0.7328362,0.3071454,2,1,249.5354,1.585878,188.1409,0.000128152,1,1,1,Attack
 29/12/2015 6:14:12 PM,2.6394,504.869,2,2,1,251.2497,8.388426,333.5555,2.452696,2,1,1,2,1,2,1,19.5243,2.209653,910.0231,1,2,1,1,1,2,148.808,154.2938,1.72505,864.8936,1,2,1,1,2,7.825109,145.8857,254.6462,16,1.733914,1.291918,0.7328362,0.3071454,2,1,249.4553,1.585878,188.1409,0.000128152,1,1,1,Attack
 29/12/2015 6:14:13 PM,2.654133,504.6727,2,2,1,251.2497,8.388426,333.5555,2.451415,2,1,1,2,1,2,1,19.62674,2.209397,909.7828,1,2,1,1,1,2,148.808,154.2938,1.72505,864.7783,1,2,1,1,2,7.825109,145.8857,254.6462,16,1.733914,1.284873,0.7328362,0.3068251,2,1,249.4553,1.585878,188.1409,0.000128152,1,1,1,Attack
 29/12/2015 6:14:14 PM,2.654133,504.5942,2,2,1,251.2497,8.388426,333.5555,2.451415,2,1,1,2,1,2,1,19.67476,2.209397,909.8228,1,2,1,1,1,2,148.808,154.2938,1.72505,864.6629,1,2,1,1,2,7.825109,145.8857,254.5181,16,1.733914,1.278468,0.7328362,0.3066329,2,1,249.4553,1.585878,188.1409,0.000128152,1,1,1,Attack
 29/12/2015 6:14:15 PM,2.625628,504.5942,2,2,1,251.2497,8.388426,333.5555,2.454234,2,1,1,2,1,2,1,19.70677,2.209397,909.7828,1,2,1,1,1,2,148.808,154.2938,1.72505,864.5475,1,2,1,1,2,7.825109,145.8857,254.5181,16,1.733914,1.267452,0.7328362,0.3066329,2,1,249.4553,1.585878,188.3972,0.000128152,1,1,1,Attack
 29/12/2015 6:14:16 PM,2.612497,504.7905,2,2,1,251.2497,8.388426,333.5555,2.4559,2,1,1,2,1,2,1,19.70677,2.209397,910.0632,1,2,1,1,1,2,148.808,154.2938,1.72505,864.0861,1,2,1,1,2,7.825109,145.8857,254.5181,16,1.733914,1.262457,0.7328362,0.3066329,2,1,249.7116,1.585878,188.3972,0.000128152,1,1,1,Attack
 29/12/2015 6:14:17 PM,2.608974,504.9082,2,2,1,251.2497,8.388426,333.5555,2.456156,2,1,1,2,1,2,1,19.72598,2.209397,910.3836,1,2,1,1,1,2,148.808,154.2938,1.72505,863.9323,1,2,1,1,2,7.825109,145.8857,254.5181,16,1.734555,1.274753,0.7328362,0.3066329,2,1,249.7437,1.585878,188.3972,0.000128152,1,1,1,Attack
 29/12/2015 6:14:18 PM,2.588476,505.026,2,2,1,251.2497,8.388426,333.5555,2.457181,2,1,1,2,1,2,1,19.75799,2.209397,910.4637,1,2,1,1,1,2,148.808,154.2938,1.724538,863.5478,1,2,1,1,2,7.825109,145.8857,254.5181,16,1.735581,1.292174,0.7328362,0.3066329,2,1,249.7917,1.585878,188.3972,0.000128152,1,1,1,Attack
 29/12/2015 6:14:19 PM,2.568939,505.183,2,2,1,251.2497,8.388426,333.6581,2.457438,2,1,1,2,1,2,1,19.7804,2.209397,910.7841,1,2,1,1,1,2,148.808,154.2938,1.724538,863.7785,1,2,1,1,2,7.825109,145.8857,254.5181,16,1.735581,1.296657,0.7328362,0.3066329,2,1,249.8558,1.585878,188.3972,0.000128152,1,1,1,Attack
 29/12/2015 6:14:20 PM,2.54588,505.3008,2,2,1,251.2497,8.388426,333.6581,2.458078,2,1,1,2,1,2,1,19.7804,2.209397,910.9844,1,2,1,1,1,2,148.808,154.2938,1.724538,863.5478,1,2,1,1,2,7.825109,145.8857,254.7744,16,1.736991,1.30178,0.7328362,0.3058002,2,1,249.8558,1.585878,188.3972,0.000128152,1,1,1,Attack
 29/12/2015 6:14:21 PM,2.530506,505.0652,2,2,1,251.2497,8.387144,333.6581,2.458078,2,1,1,2,1,2,1,19.73558,2.210806,910.8642,1,2,1,1,1,2,148.808,154.2938,1.724538,863.6247,1,2,1,1,2,7.825109,145.8857,254.7744,16,1.738272,1.288843,0.7328362,0.3047113,2,1,249.8558,1.585878,188.3972,0.000128152,1,1,1,Attack
 29/12/2015 6:14:22 PM,2.508728,505.2615,2,2,1,251.2497,8.387144,333.6581,2.458078,2,1,1,2,1,2,1,19.69076,2.212728,911.0244,1,2,1,1,1,2,148.808,154.2938,1.724538,863.5093,1,2,1,1,2,7.825109,145.8857,254.7744,16,1.738272,1.282311,0.7328362,0.3047113,2,1,249.8558,1.585878,188.3972,0.000128152,1,1,1,Attack
 29/12/2015 6:14:23 PM,2.493034,505.0652,2,2,1,251.2497,8.387144,333.6581,2.456541,2,1,1,2,1,2,1,19.69076,2.212856,910.6639,1,2,1,1,1,2,148.808,154.2938,1.724538,863.6247,1,2,1,1,2,7.825109,145.8857,254.7744,16,1.738272,1.287306,0.7328362,0.3047113,2,1,249.8558,1.585878,188.3972,0.000128152,1,1,1,Attack
 29/12/2015 6:14:24 PM,2.467092,505.4578,2,2,1,251.2497,8.387144,333.6581,2.455772,2,1,1,2,1,2,1,19.74838,2.212856,910.7841,1,2,1,1,1,2,148.808,154.2938,1.724538,863.4324,1,2,1,1,2,7.825109,145.8857,254.7744,16,1.735965,1.286794,0.7328362,0.3047113,2,1,249.8558,1.585878,188.3972,0.000128152,1,1,1,Attack
 29/12/2015 6:14:25 PM,2.450437,505.654,2,2,1,251.2497,8.385221,333.6581,2.45449,2,1,1,2,1,2,1,19.76439,2.212856,910.6639,1,2,1,1,1,2,148.808,154.2938,1.724538,863.9708,1,2,1,1,2,7.825109,145.8857,254.7744,16,1.735581,1.291533,0.7328362,0.3047113,2,1,249.7116,1.585878,188.3972,0.000128152,1,1,1,Attack
 29/12/2015 6:14:26 PM,2.44243,505.811,2,2,1,251.2497,8.385221,333.6581,2.45449,2,1,1,2,1,2,1,19.76439,2.212856,910.704,1,2,1,1,1,2,148.808,154.2938,1.724538,864.0092,1,2,1,1,2,7.825109,145.8857,254.7744,16,1.735068,1.29243,0.7307877,0.3047113,2,1,249.6155,1.585878,188.3972,0.000128152,1,1,1,Attack
 29/12/2015 6:14:27 PM,2.44243,506.4391,2,2,1,251.2497,8.385221,333.6581,2.45449,2,1,1,2,1,2,1,19.76759,2.212856,910.9844,1,2,1,1,1,2,148.808,154.2938,1.724538,864.1246,1,2,1,1,2,7.825109,145.8857,254.7744,16,1.734043,1.298962,0.7307877,0.3047113,2,1,249.6155,1.585878,188.285,0.000128152,1,1,1,Attack
 29/12/2015 6:14:28 PM,2.480223,506.3998,2,2,1,251.2497,8.385221,333.6581,2.452952,2,1,1,2,1,2,1,19.76759,2.212856,911.3048,1,2,1,1,1,2,148.808,154.1656,1.724538,864.2784,1,2,1,1,2,7.825109,145.8857,254.7744,16,1.73212,1.301524,0.7307877,0.3047113,2,1,249.6155,1.585878,188.285,0.000128152,1,1,1,Attack
 29/12/2015 6:14:29 PM,2.524101,506.2036,2,2,1,251.2497,8.385221,333.6581,2.452952,2,1,1,2,1,2,1,19.76759,2.212856,911.3849,1,2,1,1,1,2,148.808,154.14,1.724538,864.3937,1,2,1,1,2,7.825109,145.8857,254.7744,16,1.731095,1.301652,0.7307877,0.3047113,2,1,249.6155,1.585878,188.285,0.000128152,1,1,1,Attack
 29/12/2015 6:14:30 PM,2.559331,506.2036,2,2,1,251.2497,8.385221,333.6581,2.452952,2,1,1,2,1,2,1,19.76759,2.212856,911.8255,1,2,1,1,1,2,148.808,154.14,1.724538,864.5091,1,2,1,1,2,7.823507,145.86,254.7744,16,1.731095,1.309466,0.7307877,0.3061205,2,1,249.6155,1.585878,188.285,0.000128152,1,1,1,Attack
 29/12/2015 6:14:31 PM,2.586555,506.0073,2,2,1,251.2497,8.385221,333.6581,2.452952,2,1,1,2,1,2,1,19.76759,2.212343,911.7054,1,2,1,1,1,2,148.808,154.14,1.724538,864.8936,1,2,1,1,2,7.823507,145.6806,254.7744,16,1.731351,1.312284,0.7307877,0.3065689,2,1,249.6155,1.585878,188.285,0.000128152,1,1,1,Attack
 29/12/2015 6:14:32 PM,2.62755,505.968,2,2,1,251.2497,8.385221,333.6581,2.452696,2,1,1,2,1,2,1,19.76759,2.210934,911.465,1,2,1,1,1,2,148.808,154.14,1.722487,865.1243,1,2,1,1,2,7.823507,145.6806,254.7744,16,1.731992,1.312284,0.7307877,0.3065689,2,1,249.6155,1.585878,188.285,0.000128152,1,1,1,Attack
 29/12/2015 6:14:33 PM,2.656375,505.968,2,2,1,251.2497,8.385221,333.6581,2.451671,2,1,1,2,1,2,1,19.76759,2.210934,912.0258,1,2,1,1,1,2,148.808,154.14,1.722487,864.9705,1,2,1,1,2,7.823507,145.6806,254.7744,16,1.731992,1.295888,0.7314278,0.3065689,2,1,249.6155,1.585878,188.285,0.000128152,1,1,1,Attack
 29/12/2015 6:14:34 PM,2.673029,505.497,2,2,1,251.2497,8.385221,333.6581,2.451671,2,1,1,2,1,2,1,19.76759,2.210037,912.3863,1,2,1,1,1,2,148.808,154.14,1.724538,865.6242,1,2,1,1,2,7.823507,145.6806,254.7744,16,1.731992,1.291918,0.7334763,0.3065689,2,1,249.6155,1.585878,188.285,0.000128152,1,1,1,Attack
 29/12/2015 6:14:35 PM,2.66246,505.3793,2,2,1,251.2497,8.382658,333.6581,2.451671,2,1,1,2,1,2,1,19.76759,2.209653,912.5865,1,2,1,1,1,2,148.808,154.14,1.724922,865.8165,1,2,1,1,2,7.823507,145.6806,254.7744,16,1.731992,1.285129,0.7334763,0.3065689,2,1,249.6155,1.585878,188.285,0.000128152,1,1,1,Attack
 29/12/2015 6:14:36 PM,2.628831,505.183,2,2,1,251.2497,8.382658,333.6581,2.451671,2,1,1,2,1,2,1,19.79,2.209653,913.3876,1,2,1,1,1,2,148.808,154.14,1.724922,865.8549,1,2,1,1,2,7.823507,145.6806,254.7744,16,1.731992,1.274497,0.7334763,0.3065689,2,1,249.6155,1.585878,188.285,0.000128152,1,1,1,Attack
 29/12/2015 6:14:37 PM,2.612177,505.0652,2,2,1,251.2497,8.382658,333.6581,2.454234,2,1,1,2,1,2,1,19.79,2.209653,913.4277,1,2,1,1,1,2,148.808,154.14,1.724922,866.0087,1,2,1,1,2,7.823507,145.6806,254.7744,16,1.731992,1.272832,0.732196,0.3065689,2,1,249.3912,1.585878,188.1409,0.000128152,1,1,1,Attack
 29/12/2015 6:14:38 PM,2.601608,505.183,2,2,1,251.2497,8.382658,333.6581,2.454362,2,1,1,2,1,2,1,19.70677,2.209653,913.4677,1,2,1,1,1,2,148.808,154.2681,1.724922,865.8934,1,2,1,1,2,7.823507,145.6806,254.7744,16,1.731992,1.278468,0.732196,0.3065689,2,1,249.3912,1.585878,188.1409,0.000128152,1,1,1,Attack
 29/12/2015 6:14:39 PM,2.588476,505.3793,2,2,1,251.2497,8.384901,333.6581,2.455772,2,1,1,2,1,2,1,19.70677,2.209653,913.5078,1,2,1,1,1,2,148.808,154.2681,1.724922,866.201,1,2,1,1,2,7.823507,145.6806,254.7744,16,1.731992,1.270655,0.732196,0.3065689,2,1,249.3111,1.585878,188.1409,0.000128152,1,1,1,Attack
 29/12/2015 6:14:40 PM,2.568939,504.9082,2,2,1,251.2497,8.384901,333.6581,2.4559,2,1,1,2,1,2,1,19.66835,2.209653,913.5879,1,2,1,1,1,2,148.808,154.2681,1.724922,866.0856,1,2,1,1,2,7.823507,145.6806,254.7744,11.84312,1.731992,1.270655,0.732196,0.3065689,2,1,249.3111,1.585878,188.1409,0.000128152,1,1,1,Attack
 29/12/2015 6:14:41 PM,2.545239,504.9867,2,2,1,251.2497,8.384901,333.6581,2.456284,2,1,1,2,1,2,1,19.66835,2.209653,913.9884,1,2,1,1,1,2,148.808,154.2681,1.72441,866.2394,1,2,1,1,2,7.823507,145.6806,254.7744,11.84312,1.733658,1.290765,0.7328362,0.3065689,2,1,249.3111,1.585878,187.9646,0.000128152,1,1,1,Attack
 29/12/2015 6:14:42 PM,2.525062,504.4372,2,2,1,251.2497,8.384901,333.6581,2.456284,2,1,1,2,1,2,1,19.66835,2.2126,913.8683,1,2,1,1,1,2,148.808,154.2681,1.721847,866.5086,1,2,1,1,2,7.823507,145.6806,254.7744,11.84312,1.734427,1.291405,0.7338604,0.3065689,2,1,249.3111,1.585878,187.9646,0.000128152,1,1,1,Attack
 29/12/2015 6:14:43 PM,2.505845,504.1232,2,2,1,251.2497,8.384901,333.6581,2.456284,2,1,1,2,1,2,1,19.71637,2.212856,913.7881,1,2,1,1,1,2,148.808,154.2681,1.721847,866.4702,1,2,1,1,2,7.823507,145.6806,254.7744,11.92002,1.734427,1.282951,0.7338604,0.3065689,2,1,249.3111,1.585878,187.9646,0.000128152,1,1,1,Attack
 29/12/2015 6:14:44 PM,2.48823,503.7307,2,2,1,251.2497,8.384901,333.6581,2.456284,2,1,1,2,1,2,1,19.73238,2.212856,914.0285,1,2,1,1,1,2,148.808,154.2681,1.721847,866.7778,1,2,1,1,2,7.823186,145.6806,254.7744,12.15073,1.734427,1.271679,0.7338604,0.3065689,2,1,249.3111,1.585878,187.9646,0.000128152,1,1,1,Attack
 29/12/2015 6:14:45 PM,2.466451,503.2989,2,2,1,251.2497,8.384901,333.6581,2.456284,2,1,1,2,1,2,1,19.7836,2.212856,913.4677,1,2,1,1,1,2,148.808,154.2681,1.721847,866.5086,1,2,1,1,2,7.823186,145.6806,254.6783,12.15073,1.734427,1.262073,0.732196,0.3065689,2,1,249.4392,1.585878,188.0768,0.000128152,1,1,1,Attack
 29/12/2015 6:14:46 PM,2.44275,502.6316,2,2,1,251.2497,8.384901,333.6581,2.455259,2,1,1,2,1,2,1,19.7836,2.212856,913.0672,1,2,1,1,1,2,148.808,154.2681,1.721847,866.4317,1,2,1,1,2,7.823186,145.6806,254.6783,12.15073,1.734427,1.262073,0.732196,0.3065689,2,1,249.4392,1.585878,188.1569,0.000128152,1,1,1,Attack
 29/12/2015 6:14:47 PM,2.431861,502.0428,2,2,1,251.2497,8.384901,333.6581,2.455259,2,1,1,2,1,2,1,19.7836,2.212856,912.7067,1,2,1,1,1,2,148.808,154.2681,1.721847,866.3163,1,2,1,1,2,7.823186,145.6806,254.6783,12.15073,1.734427,1.267196,0.7339884,0.3065689,2,1,249.4392,1.585878,188.1569,0.000128152,1,1,1,Attack
 29/12/2015 6:14:48 PM,2.431861,502.0428,2,2,1,251.2497,8.384901,333.6581,2.455259,2,1,1,2,1,2,1,19.7836,2.212856,912.8268,1,2,1,1,1,2,148.808,154.2681,1.721847,865.9318,1,2,1,1,2,7.823186,145.4755,254.6783,12.15073,1.732633,1.255924,0.7339884,0.3065689,2,1,249.4392,1.585878,188.1569,0.000128152,1,1,1,Attack
 29/12/2015 6:14:49 PM,2.447234,501.6502,2,2,1,251.2497,8.384901,333.6581,2.455003,2,1,1,2,1,2,1,19.7836,2.210678,912.2261,1,2,1,1,1,2,148.808,154.2681,1.719412,866.2779,1,2,1,1,2,7.823186,145.4755,254.6783,11.84312,1.732376,1.256052,0.7339884,0.3065689,2,1,249.3591,1.585878,188.0768,0.000128152,1,1,1,Attack
 29/12/2015 6:14:50 PM,2.492714,502.239,2,2,1,251.2497,8.384901,333.6581,2.453337,2,1,1,2,1,2,1,19.7836,2.210037,912.186,1,2,1,1,1,2,148.808,154.2681,1.718387,866.3163,1,2,1,1,2,7.823186,145.5524,254.6783,11.84312,1.731095,1.261688,0.7325801,0.3065689,2,1,249.263,1.585878,187.9166,0.000128152,1,1,1,Attack
 29/12/2015 6:14:51 PM,2.513532,502.082,2,2,1,251.2497,8.384901,333.6581,2.453337,2,1,1,2,1,2,1,19.7836,2.210037,912.186,1,2,1,1,1,2,148.808,154.2681,1.718387,866.2779,1,2,1,1,2,7.823186,145.6806,254.6783,11.84312,1.731095,1.267068,0.7325801,0.3065048,2,1,249.263,1.585878,187.9166,0.000128152,1,1,1,Attack
 29/12/2015 6:14:52 PM,2.575665,502.082,2,2,1,251.2497,8.384901,333.6581,2.453337,2,1,1,2,1,2,1,19.7836,2.210037,911.6252,1,2,1,1,1,2,148.808,154.2681,1.720437,865.6627,1,2,1,1,2,7.823186,145.6806,254.6783,11.84312,1.733402,1.282439,0.7325801,0.3048394,2,1,249.263,1.585878,187.9166,0.000128152,1,1,1,Attack
 29/12/2015 6:14:53 PM,2.575665,502.082,2,2,1,251.2497,8.384901,333.6581,2.453337,2,1,1,2,1,2,1,19.7836,2.210037,911.6252,1,2,1,1,1,2,148.808,154.2681,1.720437,865.6627,1,2,1,1,2,7.823186,145.6806,254.6783,11.84312,1.733402,1.282439,0.7325801,0.3048394,2,1,249.263,1.585878,187.9166,0.000128152,1,1,1,Attack
 29/12/2015 6:14:54 PM,2.598725,502.239,2,2,1,251.2497,8.386503,333.6581,2.453337,2,1,1,2,1,2,1,19.7836,2.212215,911.9056,1,2,1,1,1,2,148.808,154.2681,1.720437,865.5473,1,2,1,1,2,7.823186,145.6806,254.6783,11.92002,1.734427,1.300115,0.7325801,0.3048394,2,1,249.4553,1.585878,188.0127,0.000128152,1,1,1,Attack
 29/12/2015 6:14:55 PM,2.641963,503.2204,2,2,1,251.2497,8.386503,333.6581,2.453337,2,1,1,2,1,2,1,19.71957,2.212728,911.7054,1,2,1,1,1,2,148.808,154.2681,1.722616,865.2397,1,2,1,1,2,7.823186,145.6806,254.6783,11.95847,1.734427,1.302933,0.7325801,0.3066329,2,1,249.6956,1.585878,188.3011,0.000128152,1,1,1,Attack
 29/12/2015 6:14:56 PM,2.66246,503.6914,2,2,1,251.2497,8.386503,333.6581,2.453337,2,1,1,2,1,2,1,19.71957,2.212728,911.6252,1,2,1,1,1,2,148.808,154.2681,1.72441,865.355,1,2,1,1,2,7.823186,145.6806,254.6783,11.95847,1.734427,1.303061,0.7325801,0.3065689,2,1,249.6956,1.585878,188.3011,0.000128152,1,1,1,Attack
 29/12/2015 6:14:57 PM,2.66246,504.0054,2,2,1,251.2497,8.386503,333.6581,2.452055,2,1,1,2,1,2,1,19.75479,2.212728,912.0258,1,2,1,1,1,2,148.808,153.9862,1.724922,865.3166,1,2,1,1,2,7.823186,145.655,254.6783,11.95847,1.734427,1.303061,0.7325801,0.3049034,2,1,249.6956,1.585878,188.3011,0.000128152,1,1,1,Attack
 29/12/2015 6:14:58 PM,2.641322,504.4372,2,2,1,251.2497,8.386503,333.6581,2.452055,2,1,1,2,1,2,1,19.7836,2.211447,911.9857,1,2,1,1,1,2,148.808,153.9862,1.724922,865.2781,1,2,1,1,2,7.823186,145.655,254.6783,11.95847,1.734427,1.292686,0.7325801,0.3049034,2,1,249.6956,1.569859,188.3011,0.000128152,1,1,1,Attack
 29/12/2015 6:14:59 PM,2.622105,504.712,2,2,1,251.2497,8.386503,333.6581,2.452055,2,1,1,2,1,2,1,19.7836,2.211447,911.8655,1,2,1,1,1,2,148.808,153.9862,1.725819,865.2397,1,2,1,1,2,7.823186,145.655,254.6783,11.95847,1.735709,1.29845,0.7325801,0.3063127,2,1,249.6956,1.569859,188.3011,0.000128152,1,1,1,Attack
 29/12/2015 6:15:00 PM,2.607373,505.1045,2,2,1,251.2497,8.386503,333.5299,2.452055,2,1,1,2,1,2,1,19.71957,2.211447,912.186,1,2,1,1,1,2,148.808,153.9862,1.726332,865.5089,1,2,1,1,2,7.823186,145.655,254.6783,11.95847,1.735709,1.301524,0.7325801,0.306761,2,1,249.6956,1.569859,188.3011,0.000128152,1,1,1,Attack
 29/12/2015 6:15:01 PM,2.599366,505.6933,2,2,1,251.2497,8.388426,333.5299,2.452055,2,1,1,2,1,2,1,19.69396,2.211447,911.7054,1,2,1,1,1,2,148.808,153.9862,1.726332,865.4704,1,2,1,1,2,7.823186,145.655,254.6783,11.95847,1.735709,1.293326,0.7325801,0.306761,2,1,249.5354,1.569859,188.3011,0.000128152,1,1,1,Attack
