 2/1/2016 11:51:42 AM,2.509048,498.824,2,2,1,170.0526,8.622341,303.717,2.455772,2,2,1,2,1,2,1,20.27979,2.197354,817.6589,1,2,1,1,1,2,148.8032,145.4755,1.711338,854.7424,1,2,1,1,2,7.752692,139.1182,245.2576,14.22712,1.720328,1.275138,0.7302756,0.3084265,2,1,247.6128,1.009195,185.7376,0,1,1,1,Attack
 2/1/2016 11:51:43 AM,2.507126,499.2951,2,2,1,170.0526,8.622341,303.717,2.455772,2,2,1,2,1,2,1,20.27979,2.200429,817.7791,1,2,1,1,1,2,148.8032,145.4755,1.711338,855.2422,1,2,1,1,2,7.752692,139.1182,245.2576,14.22712,1.720328,1.290893,0.7302756,0.3084265,2,1,247.6128,0.9771569,185.7376,0,1,1,1,Attack
 2/1/2016 11:51:44 AM,2.507126,499.5306,2,2,1,170.0526,8.622341,303.717,2.455772,2,2,1,2,1,2,1,20.24457,2.201198,817.5789,1,2,1,1,1,2,148.8032,145.4755,1.711338,855.0884,1,2,1,1,2,7.752692,139.1182,245.2576,14.22712,1.720328,1.30178,0.7302756,0.3084265,2,1,247.6128,0.9771569,185.7376,0,1,1,1,Attack
 2/1/2016 11:51:45 AM,2.516094,499.7269,2,2,1,170.0526,8.622341,303.717,2.456541,2,2,1,2,1,2,1,20.21256,2.201198,817.3786,1,2,1,1,1,2,148.8032,145.4755,1.70916,855.3192,1,2,1,1,2,7.752692,139.1182,245.2576,14.22712,1.719944,1.302165,0.7302756,0.3084265,2,1,247.6128,0.9771569,185.7376,0,1,1,1,Attack
 2/1/2016 11:51:46 AM,2.521218,500.0016,2,2,1,170.0526,8.622341,303.717,2.458976,2,2,1,2,1,2,1,20.18375,2.201198,817.2584,1,2,1,1,1,2,148.8032,145.4755,1.70916,855.7037,1,2,1,1,2,7.752692,139.1182,245.2576,14.22712,1.719559,1.296913,0.7302756,0.3084265,2,1,247.6128,0.9771569,185.6735,0,1,1,1,Attack
 2/1/2016 11:51:47 AM,2.521218,500.1979,2,2,1,170.0526,8.622341,303.717,2.460129,2,2,1,2,1,2,1,20.18055,2.198764,817.2184,1,2,1,1,1,2,148.8032,145.4755,1.708263,855.7421,1,2,1,1,2,7.752692,139.1182,245.2576,14.22712,1.719559,1.276547,0.7302756,0.3084265,2,1,247.6128,0.9771569,185.5934,0,1,1,1,Attack
 2/1/2016 11:51:48 AM,2.513532,500.3942,2,2,1,170.0526,8.622341,303.717,2.460129,2,2,1,2,1,2,1,20.22857,2.197867,817.3385,1,2,1,1,1,2,148.8032,145.4755,1.708263,855.9344,1,2,1,1,2,7.752692,139.1182,245.2576,14.22712,1.719559,1.271935,0.7302756,0.3084265,2,1,247.4526,0.9771569,185.5774,0,1,1,1,Attack
 2/1/2016 11:51:49 AM,2.504884,500.3942,2,2,1,170.0526,8.622341,303.717,2.458078,2,2,1,2,1,2,1,20.23497,2.197867,817.2584,1,2,1,1,1,2,148.8032,145.4755,1.708263,855.7037,1,2,1,1,2,7.753012,139.1182,245.2576,14.22712,1.719559,1.262713,0.7302756,0.3084265,2,1,247.3885,0.9771569,185.5774,0,1,1,1,Attack
 2/1/2016 11:51:50 AM,2.502642,500.5512,2,2,1,170.0526,8.622341,303.717,2.457566,2,2,1,2,1,2,1,20.19656,2.196458,817.6589,1,2,1,1,1,2,148.8032,145.4755,1.711979,855.8575,1,2,1,1,2,7.753973,139.1182,245.2576,14.22712,1.719046,1.268349,0.7315559,0.3084265,2,1,247.3885,0.9771569,185.5774,0,1,1,1,Attack
 2/1/2016 11:51:51 AM,2.506806,500.3549,2,2,1,170.0526,8.622341,303.717,2.457566,2,2,1,2,1,2,1,20.15814,2.195945,817.5388,1,2,1,1,1,2,148.8032,145.4755,1.711979,856.1266,1,2,1,1,2,7.753973,139.1182,245.2576,14.22712,1.718918,1.289228,0.732068,0.3084265,2,1,247.3885,0.9771569,185.5774,0,1,1,1,Attack
 2/1/2016 11:51:52 AM,2.514493,500.3549,2,2,1,170.0526,8.619457,303.717,2.457566,2,2,1,2,1,2,1,20.15814,2.195945,817.8192,1,2,1,1,1,2,148.8032,145.4755,1.711723,856.242,1,2,1,1,2,7.753973,139.1182,245.2576,14.22712,1.718918,1.302037,0.7329642,0.3084265,2,1,247.3885,0.9771569,185.5774,0,1,1,1,Attack
 2/1/2016 11:51:53 AM,2.517695,500.5904,2,2,1,170.0526,8.619457,303.717,2.457566,2,2,1,2,1,2,1,20.15814,2.195177,817.8592,1,2,1,1,1,2,148.8032,145.4755,1.710698,856.3958,1,2,1,1,2,7.753973,139.1182,245.2576,14.22712,1.718918,1.302421,0.7329642,0.3084265,2,1,247.3885,0.9771569,185.5774,0,1,1,1,Attack
 2/1/2016 11:51:54 AM,2.518015,500.7867,2,2,1,170.0526,8.619457,303.717,2.455131,2,2,1,2,1,2,1,20.15814,2.195177,818.0194,1,2,1,1,1,2,148.8032,145.4755,1.710698,856.3189,1,2,1,1,2,7.753973,139.1182,245.2576,14.22712,1.719046,1.294992,0.7300196,0.3084265,2,1,247.6769,0.9771569,185.5774,0,1,1,1,Attack
 2/1/2016 11:51:55 AM,2.51129,501.14,2,2,1,170.0526,8.619457,303.717,2.455131,2,2,1,2,1,2,1,20.15814,2.195177,818.42,1,2,1,1,1,2,148.8032,145.4755,1.710698,856.7034,1,2,1,1,2,7.753973,139.2464,245.2576,14.22712,1.721482,1.275266,0.7300196,0.3068251,2,1,247.6769,0.9771569,185.6896,0,1,1,1,Attack
 2/1/2016 11:51:56 AM,2.505845,501.14,2,2,1,170.0526,8.619457,303.717,2.455131,2,2,1,2,1,2,1,20.19976,2.195177,818.0595,1,2,1,1,1,2,148.8032,145.6037,1.710698,857.011,1,2,1,1,2,7.753973,139.3745,245.2576,14.22712,1.722379,1.256052,0.7307877,0.3066329,2,1,247.6769,0.9771569,185.6896,0,1,1,1,Attack
 2/1/2016 11:51:57 AM,2.503603,501.14,2,2,1,170.0526,8.619457,303.717,2.455131,2,2,1,2,1,2,1,20.22857,2.195177,818.5402,1,2,1,1,1,2,148.8032,145.7062,1.710698,856.9726,1,2,1,1,2,7.753973,139.3745,245.3858,14.22712,1.722379,1.254131,0.7307877,0.3066329,2,1,247.6769,0.9771569,185.6896,0,1,1,1,Attack
 2/1/2016 11:51:58 AM,2.504244,500.9829,2,2,1,170.0526,8.619457,303.717,2.455131,2,2,1,2,1,2,1,20.22857,2.19902,818.9407,1,2,1,1,1,2,148.8032,145.7062,1.710698,857.011,1,2,1,1,2,7.753973,139.3745,245.3858,14.22712,1.720585,1.259383,0.7307877,0.3066329,2,1,247.6769,0.9771569,185.6896,0,1,1,1,Attack
 2/1/2016 11:51:59 AM,2.524741,501.0615,2,2,1,170.0526,8.619457,303.717,2.456541,2,2,1,2,1,2,1,20.18055,2.199148,819.2211,1,2,1,1,1,2,148.8032,145.7062,1.710698,857.1649,1,2,1,1,2,7.753973,139.3745,245.3858,14.22712,1.719944,1.263353,0.73194,0.3066329,2,1,247.6769,0.9771569,185.6896,0,1,1,1,Attack
 2/1/2016 11:52:00 AM,2.524741,500.7867,2,2,1,170.0526,8.619457,303.717,2.459488,2,2,1,2,1,2,1,20.18055,2.199148,819.4614,1,2,1,1,1,2,148.8032,145.7062,1.710954,857.011,1,2,1,1,2,7.753973,139.3745,245.3858,14.22712,1.719944,1.280261,0.73194,0.3066329,2,1,247.6769,0.9771569,185.6896,0,1,1,1,Attack
 2/1/2016 11:52:01 AM,2.508087,500.3549,2,2,1,170.0526,8.619457,303.717,2.459488,2,2,1,2,1,2,1,20.18055,2.199789,819.6216,1,2,1,1,1,2,148.8032,145.4243,1.711723,856.665,1,2,1,1,2,7.753973,139.3745,245.3858,14.22712,1.719944,1.282567,0.73194,0.3066329,2,1,247.5487,0.9771569,185.6896,0,1,1,1,Attack
 2/1/2016 11:52:02 AM,2.503283,500.1979,2,2,1,170.0526,8.622021,303.717,2.461282,2,2,1,2,1,2,1,20.18055,2.200942,820.1824,1,2,1,1,1,2,148.8032,145.4243,1.711723,856.8957,1,2,1,1,2,7.753973,139.3745,245.3858,14.22712,1.719944,1.282567,0.73194,0.3066329,2,1,247.5487,0.9771569,185.6896,0,1,1,1,Attack
 2/1/2016 11:52:03 AM,2.503283,499.8054,2,2,1,170.0526,8.622021,303.717,2.461282,2,2,1,2,1,2,1,20.20616,2.200942,820.4627,1,2,1,1,1,2,148.8032,145.4243,1.712107,857.1649,1,2,1,1,2,7.753973,139.3745,245.3858,14.22712,1.720585,1.282567,0.73194,0.3066329,2,1,247.5487,0.9771569,185.6896,0,1,1,1,Attack
 2/1/2016 11:52:04 AM,2.514493,499.5306,2,2,1,170.0526,8.622021,303.717,2.461282,2,2,1,2,1,2,1,20.22857,2.197867,820.6229,1,2,1,1,1,2,148.8032,145.5268,1.713389,857.2418,1,2,1,1,2,7.753973,139.3745,245.546,14.22712,1.721482,1.273473,0.73194,0.3066329,2,1,247.5487,0.9771569,185.6896,0,1,1,1,Attack
 2/1/2016 11:52:05 AM,2.520898,499.1381,2,2,1,170.0526,8.622021,303.717,2.461282,2,2,1,2,1,2,1,20.26058,2.197867,820.5829,1,2,1,1,1,2,148.8032,145.6037,1.713389,857.1649,1,2,1,1,2,7.753973,139.3745,245.546,14.22712,1.721482,1.28372,0.7327082,0.3066329,2,1,247.5487,0.9771569,185.6896,0,1,1,1,Attack
 2/1/2016 11:52:06 AM,2.520898,498.5885,2,2,1,170.0526,8.622021,303.717,2.458847,2,2,1,2,1,2,1,20.3022,2.197867,821.0635,1,2,1,1,1,2,148.8032,145.6037,1.712235,857.6262,1,2,1,1,2,7.753973,139.3489,245.546,14.22712,1.721482,1.290893,0.7327082,0.3066329,2,1,247.5487,0.9771569,185.6896,0,1,1,1,Attack
 2/1/2016 11:52:07 AM,2.517695,498.2353,2,2,1,170.0526,8.622021,303.717,2.456925,2,2,1,2,1,2,1,20.3022,2.195305,821.424,1,2,1,1,1,2,148.8032,145.6037,1.711082,857.2033,1,2,1,1,2,7.753973,139.2464,245.546,14.22712,1.722379,1.277443,0.7327082,0.3066329,2,1,247.5487,0.8490052,185.6896,0,1,1,1,Attack
 2/1/2016 11:52:08 AM,2.509048,498.3138,2,2,1,170.0526,8.622021,303.717,2.456797,2,2,1,2,1,2,1,20.3022,2.195305,821.424,1,2,1,1,1,2,148.8032,145.6037,1.710441,857.2033,1,2,1,1,2,7.753973,139.1438,245.546,14.22712,1.722379,1.265275,0.7327082,0.3066329,2,1,247.4366,0.8490052,185.6896,0,1,1,1,Attack
 2/1/2016 11:52:09 AM,2.509048,498.039,2,2,1,170.0526,8.622021,303.717,2.456797,2,2,1,2,1,2,1,20.3022,2.195305,821.5842,1,2,1,1,1,2,148.8032,145.6037,1.710441,857.011,1,2,1,1,2,7.753973,139.1438,245.546,14.22712,1.722379,1.261176,0.7327082,0.3066329,2,1,247.4366,0.8490052,185.6896,0,1,1,1,Attack
 2/1/2016 11:52:10 AM,2.509048,497.8035,2,2,1,170.0526,8.622021,303.717,2.456797,2,2,1,2,1,2,1,20.35021,2.197483,821.5842,1,2,1,1,1,2,148.8032,145.6037,1.710441,857.2418,1,2,1,1,2,7.753973,139.1438,245.546,14.22712,1.722379,1.261176,0.7327082,0.3066329,2,1,247.4366,1.009195,185.5614,0,1,1,1,Attack
 2/1/2016 11:52:11 AM,2.52282,497.8035,2,2,1,170.0526,8.622021,303.717,2.455643,2,2,1,2,1,2,1,20.35021,2.197483,821.7845,1,2,1,1,1,2,148.8032,145.6037,1.710441,857.2033,1,2,1,1,2,7.753973,139.1438,245.546,14.22712,1.719944,1.270783,0.7327082,0.3066329,2,1,247.4366,1.009195,185.4813,0,1,1,1,Attack
 2/1/2016 11:52:12 AM,2.524741,497.6465,2,2,1,170.0526,8.623943,303.717,2.455643,2,2,1,2,1,2,1,20.36302,2.197483,821.8245,1,2,1,1,1,2,148.8032,145.6037,1.710441,857.088,1,2,1,1,2,7.753973,139.1438,245.546,14.22712,1.719944,1.277956,0.732068,0.3066329,2,1,247.4366,1.009195,185.4813,0,1,1,1,Attack
 2/1/2016 11:52:13 AM,2.524741,497.8035,2,2,1,170.0526,8.623943,303.717,2.455643,2,2,1,2,1,2,1,20.37903,2.197483,821.9847,1,2,1,1,1,2,148.8032,145.6037,1.711595,857.3956,1,2,1,1,2,7.753973,139.1438,245.546,14.22712,1.719944,1.281927,0.732068,0.3066329,2,1,247.4366,1.009195,185.4813,0,1,1,1,Attack
 2/1/2016 11:52:14 AM,2.510649,497.725,2,2,1,170.0526,8.623943,303.717,2.452568,2,2,1,2,1,2,1,20.37903,2.195945,822.3453,1,2,1,1,1,2,148.8032,145.6037,1.711595,857.78,1,2,1,1,2,7.753973,139.1438,245.546,14.22712,1.719944,1.27296,0.732068,0.3066329,2,1,247.4366,1.009195,185.4813,0,1,1,1,Attack
 2/1/2016 11:52:15 AM,2.505845,497.6465,2,2,1,170.0526,8.623943,303.717,2.452568,2,2,1,2,1,2,1,20.27018,2.195945,822.1851,1,2,1,1,1,2,148.8032,145.6037,1.712107,858.3184,1,2,1,1,2,7.753973,139.1438,245.546,14.22712,1.719944,1.280902,0.732068,0.3066329,2,1,247.4366,1.009195,185.4813,0,1,1,1,Attack
 2/1/2016 11:52:16 AM,2.507446,497.725,2,2,1,170.0526,8.623943,303.717,2.452568,2,2,1,2,1,2,1,20.23177,2.195945,822.2251,1,2,1,1,1,2,148.8032,145.6037,1.713261,857.9338,1,2,1,1,2,7.752692,139.1438,245.546,14.34248,1.719944,1.280902,0.732068,0.3072735,2,1,247.4366,0.945119,185.4813,0,1,1,1,Attack
 2/1/2016 11:52:17 AM,2.52314,497.4502,2,2,1,170.0526,8.623943,303.717,2.452568,2,2,1,2,1,2,1,20.23177,2.195945,822.4254,1,2,1,1,1,2,148.8032,145.6037,1.713261,858.3184,1,2,1,1,2,7.752692,139.1438,245.546,14.34248,1.719944,1.276547,0.732068,0.3079781,2,1,247.4366,0.9291,185.4813,0,1,1,1,Attack
 2/1/2016 11:52:18 AM,2.52314,497.2539,2,2,1,170.0526,8.625546,303.717,2.452568,2,2,1,2,1,2,1,20.23177,2.195945,822.3853,1,2,1,1,1,2,148.8032,145.6037,1.711466,858.1646,1,2,1,1,2,7.752692,139.1438,245.546,14.34248,1.719944,1.282183,0.7325801,0.3079781,2,1,247.4366,0.9291,185.4813,0,1,1,1,Attack
 2/1/2016 11:52:19 AM,2.52314,497.1362,2,2,1,170.0526,8.626827,303.717,2.452568,2,2,1,2,1,2,1,20.27018,2.195945,822.5856,1,2,1,1,1,2,148.8032,145.6037,1.710185,858.1261,1,2,1,1,2,7.752692,139.1438,245.546,14.34248,1.719944,1.268733,0.7328362,0.3066329,2,1,247.4366,0.9291,185.4813,0,1,1,1,Attack
 2/1/2016 11:52:20 AM,2.524421,497.1754,2,2,1,170.0526,8.626827,303.717,2.455259,2,2,1,2,1,2,1,20.27018,2.195945,822.2251,1,2,1,1,1,2,148.8032,145.6037,0,858.203,1,2,1,1,2,7.752692,139.1438,245.546,14.34248,1.719944,1.262073,0.7328362,0.3066329,2,1,247.4366,0.9771569,185.4813,0,1,1,1,Attack
 2/1/2016 11:52:21 AM,2.528264,497.5287,2,2,1,170.0526,8.626827,303.717,2.4559,2,2,1,2,1,2,1,20.27018,2.195945,822.3853,1,2,1,1,1,2,148.8032,145.6037,0,858.3184,1,2,1,1,1,7.752692,139.1438,245.546,14.34248,1.719944,1.272064,0.7328362,0.3066329,1,1,247.1321,0.9771569,185.4813,0,1,1,1,Attack
 2/1/2016 11:52:22 AM,2.536271,497.9212,2,2,1,170.0526,8.626827,303.717,2.456541,2,2,1,2,1,2,1,20.27018,2.195945,822.0248,1,2,1,1,1,2,148.8032,145.6037,0,858.3568,1,2,1,1,1,7.752692,139.1438,245.546,14.03486,1.719944,1.257077,0.7328362,0.3066329,1,1,244.3284,0.6247397,184.4559,0,1,1,1,Attack
 2/1/2016 11:52:23 AM,2.543638,497.9998,2,2,1,170.0526,8.624264,303.717,2.456541,2,2,1,2,1,2,1,20.18695,2.197995,821.6643,1,2,1,1,1,2,148.8032,145.6037,0,858.5106,1,2,1,1,1,7.752692,139.1438,245.546,14.03486,1.703666,1.198284,0.7206734,0.3037504,1,1,238.08,0,180.5306,0,1,1,1,Attack
 2/1/2016 11:52:24 AM,2.54588,497.8427,2,2,1,170.0526,8.624264,303.717,2.456541,2,2,1,2,1,2,1,20.18695,2.197995,822.0248,1,2,1,1,1,2,148.8032,145.6037,0,858.3184,1,2,1,1,1,7.752692,139.1438,245.546,14.03486,1.668547,1.115025,0.6960919,0.2796016,1,1,228.6273,0,175.1474,0,1,1,1,Attack
 2/1/2016 11:52:25 AM,2.54684,498.3923,2,2,1,170.0526,8.624264,303.717,2.456541,2,2,1,2,1,2,1,20.15174,2.197995,821.7845,1,2,1,1,1,2,148.8032,145.6037,0,858.5875,1,2,1,1,1,7.752692,139.1438,245.546,14.03486,1.612663,1.023825,0.6523061,0.2464209,1,1,219.0144,0,167.7935,0,1,1,1,Attack
 2/1/2016 11:52:26 AM,2.54684,498.7848,2,2,1,170.0526,8.624264,303.717,2.456541,2,2,1,2,1,2,1,20.15174,2.197995,821.5842,1,2,1,1,1,2,148.8032,145.6037,0,858.5875,1,2,1,1,1,7.752692,139.1438,245.6101,14.03486,1.541656,0.9378763,0.5971258,0.1992762,1,1,208.6004,0,161.2087,0,1,1,1,Attack
 2/1/2016 11:52:27 AM,2.54684,499.1381,2,2,1,170.0526,8.624264,303.717,2.456541,2,2,1,2,1,2,1,20.15174,2.196073,821.384,1,2,1,1,1,2,148.8032,145.6037,0,858.8182,1,2,1,1,1,7.752692,139.1438,245.7703,14.34248,1.458216,0.8845907,0.5347758,0.1445729,1,1,198.2504,0,155.8254,0,1,1,1,Attack
 2/1/2016 11:52:28 AM,2.54684,498.9026,2,2,1,170.0526,8.624264,303.717,2.456541,2,2,1,2,1,2,1,20.17415,2.194664,821.3439,1,2,1,1,1,2,148.8032,145.6037,0,858.5875,1,2,1,1,1,7.752692,139.1438,245.8664,14.34248,1.368495,0.8533368,0.4724258,0.08775581,1,1,190.2878,0,151.019,0,1,1,1,Attack
 2/1/2016 11:52:29 AM,2.54684,498.7455,2,2,1,170.0526,8.624264,303.717,2.456541,2,2,1,2,1,2,1,20.19976,2.194664,820.8232,1,2,1,1,1,2,148.8032,145.6037,0,858.3953,1,2,1,1,1,7.752692,139.4514,245.8664,14.34248,1.293643,0.8304086,0.4102039,0.0450309,1,1,182.5493,0,145.5717,0,1,1,1,Attack
 2/1/2016 11:52:30 AM,2.539474,498.5885,2,2,1,170.0526,8.622021,303.717,2.455259,2,2,1,2,1,2,1,20.19976,2.193639,820.8633,1,2,1,1,1,2,148.8032,145.6037,0,858.5491,1,2,1,1,1,7.752692,139.4514,245.8664,14.34248,1.250192,0.818112,0.375124,0.02293181,1,1,177.3584,0,142.9281,0,1,1,1,Attack
 2/1/2016 11:52:31 AM,2.539474,498.3923,2,2,1,170.0526,8.622021,303.717,2.455259,2,2,1,2,1,2,1,20.17095,2.193639,820.5428,1,2,1,1,1,2,148.8032,145.6037,0,859.1259,1,2,1,1,1,7.752692,139.4514,246.0267,14.18867,1.226993,0.8173434,0.3542553,0.01088941,1,1,174.138,0,140.1243,0,1,1,1,Attack
 2/1/2016 11:52:32 AM,2.539474,498.353,2,2,1,170.0526,8.622021,303.717,2.457566,2,2,1,2,1,2,1,20.17095,2.193639,820.663,1,2,1,1,1,2,148.8032,145.6037,0,859.1643,1,2,1,1,1,7.752692,139.4514,246.315,14.18867,1.208536,0.8214423,0.3410684,0.000384332,1,1,171.3343,0,138.1216,0,1,1,1,Attack
 2/1/2016 11:52:33 AM,2.539474,498.353,2,2,1,170.0526,8.622021,303.717,2.457566,2,2,1,2,1,2,1,20.17095,2.193639,820.663,1,2,1,1,1,2,148.8032,145.6037,0,859.1643,1,2,1,1,1,7.752692,139.4514,246.315,14.18867,1.208536,0.8214423,0.3410684,0.000384332,1,1,171.3343,0,138.1216,0,1,1,1,Attack
 2/1/2016 11:52:34 AM,2.539474,497.9212,2,2,1,170.0526,8.622021,303.717,2.457566,2,2,1,2,1,2,1,20.17095,2.193639,820.7431,1,2,1,1,1,2,148.8032,145.6037,0,859.2797,1,2,1,1,1,7.752692,139.4001,246.4753,14.18867,1.207767,0.8170872,0.3410684,0,1,1,169.7001,0,137.8333,0,1,1,1,Attack
 2/1/2016 11:52:35 AM,2.54588,497.725,2,2,1,170.0526,8.622021,303.717,2.458078,2,2,1,2,1,2,1,20.22857,2.193383,820.4227,1,2,1,1,1,2,148.8032,145.6037,0,859.3181,1,2,1,1,1,7.752692,139.3489,246.4753,14.18867,1.207767,0.826694,0.3410684,0,1,1,168.13,0,137.2725,0,1,1,1,Attack
 2/1/2016 11:52:36 AM,2.54588,497.9212,2,2,1,170.0526,8.622021,303.8195,2.460257,2,2,1,2,1,2,1,20.26058,2.193383,820.3826,1,2,1,1,1,2,148.8032,145.6037,0,859.4719,1,2,1,1,1,7.752692,139.3489,246.4753,14.18867,1.20828,0.8277187,0.339404,0,1,1,167.7775,0,136.872,0,1,1,1,Attack
 2/1/2016 11:52:37 AM,2.543958,498.2353,2,2,1,170.0526,8.622021,303.8195,2.460257,2,2,1,2,1,2,1,20.28299,2.194536,820.6229,1,2,1,1,1,2,148.8032,145.6037,0,859.6642,1,2,1,1,1,7.752692,139.3489,246.4753,14.18867,1.208921,0.8350199,0.339404,0,1,1,167.5852,0,136.872,0,1,1,1,Attack
 2/1/2016 11:52:38 AM,2.543317,498.4315,2,2,1,170.0526,8.622021,303.8195,2.460257,2,2,1,2,1,2,1,20.28299,2.196458,820.2224,1,2,1,1,1,2,148.8032,145.4243,0,859.5488,1,2,1,1,1,7.752692,139.3489,246.4753,14.53473,1.208921,0.829512,0.339404,0,1,1,167.5852,0,136.872,0,1,1,1,Attack
 2/1/2016 11:52:39 AM,2.537873,498.51,2,2,1,170.0526,8.622021,303.8964,2.460257,2,2,1,2,1,2,1,20.28299,2.196458,820.5829,1,2,1,1,1,2,148.8032,145.4243,0,859.7411,1,2,1,1,1,7.752692,139.3489,246.6355,14.53473,1.208921,0.8160625,0.3406843,0,1,1,167.5852,0,136.872,0,1,1,1,Attack
 2/1/2016 11:52:40 AM,2.535631,498.039,2,2,1,170.0526,8.622021,303.8964,2.460129,2,2,1,2,1,2,1,20.18695,2.196458,820.5428,1,2,1,1,1,2,148.8032,145.4243,0,860.241,1,2,1,1,1,7.752692,139.3489,246.7957,14.53473,1.208921,0.8092737,0.3406843,0,1,1,167.5852,0,136.872,0,1,1,1,Attack
 2/1/2016 11:52:41 AM,2.535631,498.039,2,2,1,170.0526,8.622021,303.8964,2.459104,2,2,1,2,1,2,1,20.16454,2.196458,821.0635,1,2,1,1,1,2,148.8032,145.4243,0,860.5486,1,2,1,1,1,7.752692,139.3489,246.7957,14.53473,1.208921,0.8092737,0.3406843,0,1,1,167.5852,0,136.872,0,1,1,1,Attack
 2/1/2016 11:52:42 AM,2.535631,498.1567,2,2,1,170.0526,8.622021,303.8964,2.459104,2,2,1,2,1,2,1,20.15494,2.19902,821.0235,1,2,1,1,1,2,148.8032,145.4243,0,861.01,1,2,1,1,1,7.752692,139.3489,246.7957,14.53473,1.210331,0.8245165,0.3401722,0,1,1,167.5852,0,136.872,0,1,1,1,Attack
 2/1/2016 11:52:43 AM,2.527303,498.5885,2,2,1,170.0526,8.622021,303.8964,2.459104,2,2,1,2,1,2,1,20.15494,2.19902,821.0235,1,2,1,1,1,2,148.8032,145.4243,0,861.1254,1,2,1,1,1,7.752692,139.3489,246.7957,14.53473,1.210843,0.8272064,0.3401722,0,1,1,167.5852,0,136.872,0,1,1,1,Attack
 2/1/2016 11:52:44 AM,2.517695,498.7063,2,2,1,170.0526,8.622021,303.8964,2.4559,2,2,1,2,1,2,1,20.19015,2.198636,821.2638,1,2,1,1,1,2,148.8032,145.4243,0,861.4714,1,2,1,1,1,7.752692,139.4001,246.7957,14.53473,1.210843,0.8279749,0.3401722,0,1,1,167.8416,0,137.0642,0,1,1,1,Attack
 2/1/2016 11:52:45 AM,2.51225,498.824,2,2,1,170.0526,8.622021,303.8964,2.4559,2,2,1,2,1,2,1,20.23177,2.197226,821.3439,1,2,1,1,1,2,148.8032,145.4243,0,861.6637,1,2,1,1,1,7.752692,139.4001,246.7957,14.53473,1.209305,0.8359165,0.339148,0,1,1,167.9377,0,137.2244,0,1,1,1,Attack
 2/1/2016 11:52:46 AM,2.506806,499.1381,2,2,1,170.0526,8.622021,303.8964,2.457181,2,2,1,2,1,2,1,20.24778,2.197226,821.5442,1,2,1,1,1,2,148.8032,145.1679,0,861.6252,1,2,1,1,1,7.752692,139.5027,246.7957,14.53473,1.209177,0.8250288,0.339148,0,1,1,167.9377,0,137.2404,0,1,1,1,Attack
 2/1/2016 11:52:47 AM,2.505204,499.4913,2,2,1,170.0526,8.622021,303.8964,2.457438,2,2,1,2,1,2,1,20.26378,2.196458,821.8245,1,2,1,1,1,2,148.8032,145.1679,0,862.0098,1,2,1,1,1,7.752692,139.5027,246.7957,14.53473,1.210843,0.8175996,0.3397881,0,1,1,167.6173,0,137.1924,0,1,1,1,Attack
 2/1/2016 11:52:48 AM,2.505204,499.6091,2,2,1,170.0526,8.622021,303.8964,2.457438,2,2,1,2,1,2,1,20.10052,2.195433,822.0649,1,2,1,1,1,2,148.8032,145.1679,0,861.7791,1,2,1,1,1,7.752692,139.5027,246.7957,14.53473,1.212253,0.8147816,0.3401722,0,1,1,167.409,0,136.8559,0,1,1,1,Attack
 2/1/2016 11:52:49 AM,2.516734,499.7661,2,2,1,170.0526,8.622021,303.8964,2.455772,2,2,1,2,1,2,1,19.99488,2.195433,822.0248,1,2,1,1,1,2,148.8032,145.1679,0,861.8175,1,2,1,1,1,7.752692,139.5027,246.7957,14.53473,1.212253,0.8008198,0.3401722,0,1,1,167.409,0,136.7438,0,1,1,1,Attack
 2/1/2016 11:52:50 AM,2.521538,499.6876,2,2,1,170.0526,8.622021,303.8964,2.455259,2,2,1,2,1,2,1,19.99168,2.195433,822.3453,1,2,1,1,1,2,148.8032,145.1679,0,862.0482,1,2,1,1,1,7.752692,139.5027,246.7957,14.53473,1.210203,0.8099142,0.3401722,0,1,1,167.409,0,136.7438,0,1,1,1,Attack
 2/1/2016 11:52:51 AM,2.527624,499.7269,2,2,1,170.0526,8.622021,303.8964,2.455259,2,2,1,2,1,2,1,19.99168,2.195433,822.1851,1,2,1,1,1,2,148.8032,145.1679,0,861.8175,1,2,1,1,1,7.752692,139.5027,246.7957,15.03461,1.20828,0.8145254,0.3423487,0,1,1,167.409,0,136.7438,0,1,1,1,Attack
 2/1/2016 11:52:52 AM,2.532748,499.3343,2,2,1,170.0526,8.622021,303.717,2.455259,2,2,1,2,1,2,1,19.99168,2.195433,822.2651,1,2,1,1,1,2,148.8032,145.1679,0,861.5868,1,2,1,1,1,7.752692,139.5027,246.7957,15.03461,1.208024,0.8304086,0.3423487,0,1,1,167.5692,0,136.8239,0,1,1,1,Attack
 2/1/2016 11:52:53 AM,2.539154,499.5699,2,2,1,170.0526,8.622021,303.717,2.455259,2,2,1,2,1,2,1,20.07171,2.197098,822.5455,1,2,1,1,1,2,148.8032,145.1679,0,861.856,1,2,1,1,1,7.752692,139.5027,246.7957,15.03461,1.206614,0.836557,0.3405563,0,1,1,167.5692,0,136.8239,0,1,1,1,Attack
 2/1/2016 11:52:54 AM,2.539154,499.1773,2,2,1,170.0526,8.622021,303.717,2.455259,2,2,1,2,1,2,1,20.08771,2.197098,822.5455,1,2,1,1,1,2,148.8032,145.1679,0,861.7791,1,2,1,1,1,7.752692,139.5027,246.7957,15.03461,1.206614,0.8310491,0.3395321,0,1,1,167.5692,0,136.8239,0,1,1,1,Attack
 2/1/2016 11:52:55 AM,2.539154,499.0988,2,2,1,170.0526,8.622021,303.717,2.455259,2,2,1,2,1,2,1,20.11653,2.197098,822.3853,1,2,1,1,1,2,148.8032,145.1679,0,861.8944,1,2,1,1,1,7.752692,139.5027,246.7957,14.9577,1.208024,0.8329704,0.3395321,0,1,1,167.5692,0,136.8239,0,1,1,1,Attack
 2/1/2016 11:52:56 AM,2.539154,499.0203,2,2,1,170.0526,8.622021,303.717,2.457181,2,2,1,2,1,2,1,20.15814,2.196458,822.6256,1,2,1,1,1,2,148.8032,145.1679,0,862.0098,1,2,1,1,1,7.752692,139.5027,246.7957,14.9577,1.208024,0.8291277,0.3397881,0,1,1,167.5692,0,136.8239,0,1,1,1,Attack
 2/1/2016 11:52:57 AM,2.535951,498.7455,2,2,1,170.0526,8.624264,303.717,2.459488,2,2,1,2,1,2,1,20.19656,2.196458,822.5455,1,2,1,1,1,2,148.8032,145.1679,0,861.6637,1,2,1,1,1,7.752692,139.5027,246.7957,14.9577,1.208024,0.8275906,0.3420926,0,1,1,167.5692,0,137.0322,0,1,1,1,Attack
 2/1/2016 11:52:58 AM,2.535631,498.824,2,2,1,170.0526,8.624264,303.717,2.459488,2,2,1,2,1,2,1,20.23177,2.196458,822.6256,1,2,1,1,1,2,148.8032,145.1679,0,861.5099,1,2,1,1,1,7.752692,139.5027,246.7957,15.30377,1.208024,0.8273345,0.3420926,0,1,1,167.5692,0,137.0322,0,1,1,1,Attack
 2/1/2016 11:52:59 AM,2.535631,499.2166,2,2,1,170.0526,8.624264,303.717,2.459488,2,2,1,2,1,2,1,20.23177,2.195177,822.5455,1,2,1,1,1,2,148.8032,145.1679,0,861.5099,1,2,1,1,1,7.752692,139.5027,246.7957,15.38067,1.208024,0.8273345,0.3417085,0,1,1,167.2007,0,136.5035,0,1,1,1,Attack
 2/1/2016 11:53:00 AM,2.535631,499.6876,2,2,1,170.0526,8.624264,303.717,2.46077,2,2,1,2,1,2,1,20.17095,2.19492,822.3453,1,2,1,1,1,2,148.8032,145.0654,0,861.433,1,2,1,1,1,7.752692,139.5027,246.7957,15.38067,1.208024,0.8273345,0.3406843,0,1,1,167.1046,0,136.5035,0,1,1,1,Attack
 2/1/2016 11:53:01 AM,2.535631,499.7269,2,2,1,170.0526,8.624264,303.717,2.46077,2,2,1,2,1,2,1,20.12613,2.19492,822.7458,1,2,1,1,1,2,148.8032,145.0654,0,861.6252,1,2,1,1,1,7.752692,139.5027,246.7957,15.38067,1.208024,0.8363008,0.3406843,0,1,1,167.1046,0,136.5035,0,1,1,1,Attack
 2/1/2016 11:53:02 AM,2.535631,499.5306,2,2,1,170.0526,8.624264,303.5119,2.461282,2,2,1,2,1,2,1,20.09092,2.196842,822.866,1,2,1,1,1,2,148.8032,145.0654,0,861.8944,1,2,1,1,1,7.752692,139.6052,246.7957,15.38067,1.208024,0.837966,0.3401722,0,1,1,167.1046,0,136.5035,0,1,1,1,Attack
 2/1/2016 11:53:03 AM,2.540115,499.3736,2,2,1,170.0526,8.624264,303.435,2.461282,2,2,1,2,1,2,1,20.09092,2.196842,822.9861,1,2,1,1,1,2,148.8032,145.0654,0,861.8944,1,2,1,1,1,7.752692,139.6052,246.7957,15.95745,1.208024,0.837966,0.339148,0,1,1,167.2007,0,136.5996,0,1,1,1,Attack
 2/1/2016 11:53:04 AM,2.540115,499.4128,2,2,1,170.0526,8.624264,303.435,2.461282,2,2,1,2,1,2,1,20.13253,2.196842,823.4667,1,2,1,1,1,2,148.8032,145.0654,0,862.4327,1,2,1,1,1,7.752692,139.6052,246.7957,15.95745,1.208024,0.837966,0.339148,0,1,1,167.3609,0,136.6957,0,1,1,1,Attack
 2/1/2016 11:53:05 AM,2.542677,499.2166,2,2,1,170.0526,8.624264,303.435,2.459104,2,2,1,2,1,2,1,20.13893,2.196842,823.627,1,2,1,1,1,2,148.8032,145.0654,0,862.6249,1,2,1,1,1,7.752692,139.7078,246.7957,15.95745,1.207126,0.837966,0.339276,0,1,1,167.3609,0,136.6957,0,1,1,1,Attack
 2/1/2016 11:53:06 AM,2.542677,499.2166,2,2,1,170.0526,8.624264,303.435,2.459104,2,2,1,2,1,2,1,20.13893,2.196842,823.627,1,2,1,1,1,2,148.8032,145.0654,0,862.6249,1,2,1,1,1,7.752692,139.7078,246.7957,15.95745,1.207126,0.837966,0.339276,0,1,1,167.3609,0,136.6957,0,1,1,1,Attack
 2/1/2016 11:53:07 AM,2.54588,499.1773,2,2,1,170.0526,8.622662,303.435,2.459104,2,2,1,2,1,2,1,20.18695,2.196842,823.9474,1,2,1,1,1,2,148.8032,145.0654,0,863.2017,1,2,1,1,1,7.752692,139.7334,246.7957,15.95745,1.207126,0.837966,0.3411964,0,1,1,167.3609,0,136.6957,0,1,1,1,Attack
 2/1/2016 11:53:08 AM,2.54588,499.4913,2,2,1,170.0526,8.622662,303.435,2.459104,2,2,1,2,1,2,1,20.26698,2.196842,824.0676,1,2,1,1,1,2,148.8032,144.7834,0,863.394,1,2,1,1,1,7.752692,139.7334,246.7957,16.38041,1.207383,0.8371974,0.3411964,0,1,1,167.3609,0,136.6957,0,1,1,1,Attack
 2/1/2016 11:53:09 AM,2.551645,499.4128,2,2,1,170.0526,8.622662,303.435,2.459104,2,2,1,2,1,2,1,20.3086,2.196842,823.5869,1,2,1,1,1,2,148.8032,144.7834,0,863.7785,1,2,1,1,1,7.752692,139.7334,246.7957,16.49577,1.209177,0.8215704,0.3411964,0,1,1,167.3609,0,136.6957,0,1,1,1,Attack
 2/1/2016 11:53:10 AM,2.551645,499.3736,2,2,1,170.0526,8.622662,303.435,2.458976,2,2,1,2,1,2,1,20.3086,2.198379,823.3867,1,2,1,1,1,2,148.8032,144.7834,0,864.1246,1,2,1,1,1,7.752692,139.7334,246.7957,16.49577,1.209177,0.8177277,0.3411964,0,1,1,167.377,0,136.872,0,1,1,1,Attack
 2/1/2016 11:53:11 AM,2.551645,499.5699,2,2,1,170.0526,8.622662,303.4607,2.457566,2,2,1,2,1,2,1,20.3086,2.198379,823.3867,1,2,1,1,1,2,148.8032,144.7834,0,864.4706,1,2,1,1,1,7.752692,139.7334,246.7957,16.68803,1.209177,0.8104265,0.3400442,0,1,1,167.425,0,136.872,0,1,1,1,Attack
 2/1/2016 11:53:12 AM,2.551645,499.6876,2,2,1,170.0526,8.622662,303.5632,2.457566,2,2,1,2,1,2,1,20.3086,2.19902,823.8273,1,2,1,1,1,2,148.8032,144.7834,0,865.2397,1,2,1,1,1,7.752692,139.7334,246.7957,17.111,1.209177,0.8126041,0.3399161,0,1,1,167.3609,0,136.7438,0,1,1,1,Attack
 2/1/2016 11:53:13 AM,2.551645,499.8054,2,2,1,170.0526,8.622662,303.5632,2.457566,2,2,1,2,1,2,1,20.33421,2.200429,823.6671,1,2,1,1,1,2,148.8032,144.7834,0,864.9321,1,2,1,1,1,7.752692,139.7334,246.7957,17.111,1.209177,0.8264378,0.3399161,0,1,1,167.2167,0,136.5355,0,1,1,1,Attack
 2/1/2016 11:53:14 AM,2.545239,499.7269,2,2,1,170.0526,8.622662,303.5632,2.457566,2,2,1,2,1,2,1,20.33421,2.200429,823.7471,1,2,1,1,1,2,148.8032,144.7834,0,865.2781,1,2,1,1,1,7.752692,139.7334,246.9559,17.111,1.209049,0.8374536,0.3399161,0,1,1,167.2167,0,136.5355,0,1,1,1,Attack
 2/1/2016 11:53:15 AM,2.545239,499.4913,2,2,1,170.0526,8.622662,303.5632,2.455643,2,2,1,2,1,2,1,20.22217,2.200429,823.627,1,2,1,1,1,2,148.8032,144.7065,0,865.4704,1,2,1,1,1,7.752692,139.7847,246.9559,17.14945,1.208024,0.848085,0.3399161,0,1,1,167.2167,0,136.6797,0,1,1,1,Attack
 2/1/2016 11:53:16 AM,2.545239,499.4128,2,2,1,170.0526,8.622662,303.5632,2.455643,2,2,1,2,1,2,1,20.22217,2.198764,823.1463,1,2,1,1,1,2,148.8032,144.6808,0,865.8549,1,2,1,1,1,7.752692,140.041,246.9559,17.41861,1.208024,0.8432176,0.3399161,0,1,1,167.3449,0,136.6957,0,1,1,1,Attack
 2/1/2016 11:53:17 AM,2.545239,499.6091,2,2,1,170.0526,8.622662,303.5632,2.455643,2,2,1,2,1,2,1,20.22217,2.198379,823.1864,1,2,1,1,1,2,148.8032,144.6552,0,865.9318,1,2,1,1,1,7.752692,140.041,246.9559,17.49551,1.209305,0.8282311,0.3399161,0,1,1,167.3449,0,136.6957,0,1,1,1,Attack
 2/1/2016 11:53:18 AM,2.545239,500.0801,2,2,1,170.0526,8.622662,303.5632,2.455643,2,2,1,2,1,2,1,20.22217,2.196458,823.0662,1,2,1,1,1,2,148.8032,144.6552,0,866.5855,1,2,1,1,1,7.752692,140.041,246.9559,17.49551,1.209305,0.8265659,0.339148,0,1,1,166.8483,0,136.2631,0,1,1,1,Attack
 2/1/2016 11:53:19 AM,2.542677,500.3156,2,2,1,170.0526,8.622662,303.5632,2.455643,2,2,1,2,1,2,1,20.22217,2.195177,823.1463,1,2,1,1,1,2,148.8032,144.6552,0,866.5855,1,2,1,1,1,7.752692,140.041,246.9559,17.49551,1.209305,0.8168311,0.3379957,0,1,1,166.8483,0,136.2631,0,1,1,1,Attack
 2/1/2016 11:53:20 AM,2.542677,500.0801,2,2,1,170.0526,8.6217,303.5632,2.455643,2,2,1,2,1,2,1,20.15174,2.195177,822.7458,1,2,1,1,1,2,148.8032,144.6552,0,867.0085,1,2,1,1,1,7.752692,140.041,246.9559,17.88003,1.209562,0.8225951,0.3382518,0,1,1,166.8483,0,136.2631,0,1,1,1,Attack
 2/1/2016 11:53:21 AM,2.542677,500.1586,2,2,1,170.0526,8.6217,303.5632,2.455643,2,2,1,2,1,2,1,20.15174,2.197354,822.866,1,2,1,1,1,2,148.8032,144.6552,0,866.8547,1,2,1,1,1,7.752692,140.2717,246.9559,17.88003,1.209562,0.8373255,0.3404283,0,1,1,166.7842,0,136.2631,0,1,1,1,Attack
 2/1/2016 11:53:22 AM,2.548442,500.0801,2,2,1,170.0526,8.6217,303.5632,2.455643,2,2,1,2,1,2,1,20.10692,2.197995,822.7458,1,2,1,1,1,2,148.8032,144.8859,0,867.0469,1,2,1,1,1,7.752692,140.2717,246.9559,18.03384,1.209562,0.8375817,0.3404283,0,1,1,166.7842,0,136.2631,0,1,1,1,Attack
 2/1/2016 11:53:23 AM,2.548442,500.2764,2,2,1,170.0526,8.6217,303.8195,2.456797,2,2,1,2,1,2,1,20.09412,2.200045,822.7458,1,2,1,1,1,2,148.8032,144.8859,0,866.97,1,2,1,1,1,7.752692,140.2974,246.9559,18.07229,1.208921,0.8375817,0.3404283,0,1,1,166.7842,0,136.2631,0,1,1,1,Attack
 2/1/2016 11:53:24 AM,2.543958,499.9231,2,2,1,170.0526,8.6217,303.8195,2.456797,2,2,1,2,1,2,1,20.08771,2.200045,822.7858,1,2,1,1,1,2,148.8032,144.8859,0,866.97,1,2,1,1,1,7.752692,140.6819,246.9559,18.11074,1.208408,0.8375817,0.3388919,0,1,1,166.7842,0,136.2631,0,1,1,1,Attack
 2/1/2016 11:53:25 AM,2.543317,499.4913,2,2,1,170.0526,8.6217,303.8195,2.456797,2,2,1,2,1,2,1,20.08771,2.197867,823.1463,1,2,1,1,1,2,148.8032,144.8859,0,867.0469,1,2,1,1,1,7.752692,140.6819,246.9559,18.11074,1.208408,0.8464199,0.3388919,0,1,1,166.7842,0,136.2631,0,1,1,1,Attack
 2/1/2016 11:53:26 AM,2.543317,499.2166,2,2,1,170.0526,8.6217,303.8195,2.455772,2,2,1,2,1,2,1,20.15494,2.197867,823.2264,1,2,1,1,1,2,148.8032,145.1423,0,867.393,1,2,1,1,1,7.752692,140.6819,246.9559,18.45681,1.208408,0.8397592,0.3388919,0,1,1,166.7842,0,136.2631,0,1,1,1,Attack
 2/1/2016 11:53:27 AM,2.539154,498.9418,2,2,1,170.0526,8.6217,303.5119,2.455515,2,2,1,2,1,2,1,20.15494,2.200685,823.2665,1,2,1,1,1,2,148.8032,145.3986,0,867.1623,1,2,1,1,1,7.752692,140.6819,246.9559,18.45681,1.208408,0.8346356,0.339276,0,1,1,167.0565,0,136.2631,0,1,1,1,Attack
 2/1/2016 11:53:28 AM,2.539154,498.6278,2,2,1,170.0526,8.6217,303.5119,2.455515,2,2,1,2,1,2,1,20.15494,2.200685,823.5469,1,2,1,1,1,2,148.8032,145.5268,0,867.4315,1,2,1,1,1,7.752692,140.6819,246.9559,18.45681,1.208408,0.8233637,0.3401722,0,1,1,167.1046,0,136.5035,0,1,1,1,Attack
 2/1/2016 11:53:29 AM,2.543638,498.2353,2,2,1,170.0526,8.6217,303.5119,2.455515,2,2,1,2,1,2,1,20.15494,2.200685,823.3867,1,2,1,1,1,2,148.8032,145.7062,0,867.739,1,2,1,1,1,7.752692,140.6819,246.9559,18.64907,1.210587,0.8118355,0.3401722,0,1,1,167.1046,0,136.5035,0,1,1,1,Attack
 2/1/2016 11:53:30 AM,2.543638,497.9998,2,2,1,170.0526,8.6217,303.5119,2.455515,2,2,1,2,1,2,1,20.11973,2.200685,823.8273,1,2,1,1,1,2,148.8032,145.86,0,867.9697,1,2,1,1,1,7.752692,140.6819,246.9559,18.64907,1.211741,0.8014603,0.3385078,0,1,1,166.5278,0,136.1029,0,1,1,1,Attack
 2/1/2016 11:53:31 AM,2.537232,498.196,2,2,1,170.0526,8.6217,303.6657,2.455515,2,2,1,2,1,2,1,20.11973,2.200685,824.1877,1,2,1,1,1,2,148.8032,146.2189,0,868.2004,1,2,1,1,1,7.752692,140.6819,246.9559,18.76442,1.211741,0.8099142,0.3385078,0,1,1,166.4157,0,136.0709,0,1,1,1,Attack
 2/1/2016 11:53:32 AM,2.537232,498.4315,2,2,1,170.0526,8.6217,303.6657,2.455515,2,2,1,2,1,2,1,20.13253,2.199404,824.2278,1,2,1,1,1,2,148.8032,146.2958,0,868.0466,1,2,1,1,1,7.752692,140.6819,246.9559,18.84132,1.211741,0.8104265,0.3395321,0,1,1,166.4157,0,136.0709,0,1,1,1,Attack
 2/1/2016 11:53:33 AM,2.537232,498.6278,2,2,1,170.0526,8.6217,303.6657,2.455515,2,2,1,2,1,2,1,20.20616,2.198636,824.5482,1,2,1,1,1,2,148.8032,146.2958,0,868.5081,1,2,1,1,1,7.752692,140.9895,246.9559,19.03358,1.211741,0.8126041,0.3395321,0,1,1,166.656,0,136.0709,0,1,1,1,Attack
 2/1/2016 11:53:34 AM,2.537232,498.5885,2,2,1,170.0526,8.6217,303.6657,2.455515,2,2,1,2,1,2,1,20.21576,2.197867,824.6283,1,2,1,1,1,2,148.8032,146.8085,0,868.7388,1,2,1,1,1,7.752692,141.0664,246.9559,19.34119,1.211741,0.8260536,0.3395321,0,1,1,166.656,0,136.0709,0,1,1,1,Attack
 2/1/2016 11:53:35 AM,2.537232,498.7848,2,2,1,170.0526,8.6217,303.6657,2.455515,2,2,1,2,1,2,1,20.21576,2.197867,824.6684,1,2,1,1,1,2,148.8032,147.0905,0,868.7772,1,2,1,1,1,7.752692,141.3227,246.9559,19.34119,1.210843,0.8219547,0.3395321,0,1,1,166.7201,0,136.2792,0,1,1,1,Attack
 2/1/2016 11:53:36 AM,2.532748,498.7848,2,2,1,170.0526,8.6217,303.6657,2.455515,2,2,1,2,1,2,1,20.24457,2.197867,824.9888,1,2,1,1,1,2,148.8032,147.0905,0,869.2771,1,2,1,1,1,7.752692,141.4509,246.9559,19.34119,1.210843,0.8260536,0.3395321,0,1,1,166.7201,0,136.2792,0,1,1,1,Attack
 2/1/2016 11:53:37 AM,2.532748,498.824,2,2,1,170.1807,8.6217,303.6657,2.455515,2,2,1,2,1,2,1,20.24457,2.196458,824.8687,1,2,1,1,1,2,148.8032,147.7314,0,869.3156,1,2,1,1,1,7.752692,141.656,246.9559,19.34119,1.210843,0.8368132,0.3395321,0,1,1,166.7201,0,136.2792,0,1,1,1,Attack
 2/1/2016 11:53:38 AM,2.532748,498.9418,2,2,1,170.1807,8.6217,303.6657,2.455515,2,2,1,2,1,2,1,20.24457,2.195433,824.8286,1,2,1,1,1,2,148.8032,148.0133,0,869.5847,1,2,1,1,1,7.752692,142.0405,246.9559,19.72571,1.210843,0.8310491,0.3395321,0,1,1,166.7201,0,136.2792,0,1,1,1,Attack
 2/1/2016 11:53:39 AM,2.531467,498.7455,2,2,1,170.1807,8.6217,303.6657,2.455515,2,2,1,2,1,2,1,20.24457,2.195433,824.7885,1,2,1,1,1,2,148.8032,148.2697,0,869.7001,1,2,1,1,1,7.756217,142.3225,246.9559,19.72571,1.210843,0.8375817,0.3395321,0,1,1,166.9604,0,136.2792,0,1,1,1,Attack
 2/1/2016 11:53:40 AM,2.531467,498.824,2,2,1,170.1807,8.6217,303.6657,2.455515,2,2,1,2,1,2,1,20.24457,2.195433,824.5883,1,2,1,1,1,2,148.8032,148.6798,0,869.6616,1,2,1,1,1,7.756217,142.6045,246.9559,19.72571,1.210843,0.8375817,0.3395321,0,1,1,167.0886,0,136.3753,0,1,1,1,Attack
 2/1/2016 11:53:41 AM,2.536912,499.0203,2,2,1,170.1807,8.6217,303.6657,2.455515,2,2,1,2,1,2,1,20.26058,2.194024,824.388,1,2,1,1,1,2,148.8032,148.9874,0,870.2,1,2,1,1,1,7.756217,142.8095,246.9559,19.72571,1.210843,0.8442423,0.3395321,0,1,1,167.0886,0,136.3913,0,1,1,1,Attack
 2/1/2016 11:53:42 AM,2.536912,499.3343,2,2,1,170.1807,8.6217,303.6657,2.455515,2,2,1,2,1,2,1,20.29579,2.193255,824.7885,1,2,1,1,1,2,148.8032,149.2951,0,870.3538,1,2,1,1,1,7.756217,143.0659,246.9559,19.72571,1.212381,0.8468041,0.3395321,0,1,1,166.7681,0,136.3913,0,1,1,1,Attack
 2/1/2016 11:53:43 AM,2.532428,499.5699,2,2,1,170.1807,8.6217,303.6657,2.455515,2,2,1,2,1,2,1,20.29579,2.193255,824.428,1,2,1,1,1,2,148.8032,149.9359,0,870.0077,1,2,1,1,1,7.756217,143.5786,246.9559,19.72571,1.212381,0.8378379,0.3395321,0,1,1,166.7681,0,136.3913,0,1,1,1,Attack
 2/1/2016 11:53:44 AM,2.532428,499.8839,2,2,1,170.1166,8.6217,303.6657,2.455515,2,2,1,2,1,2,1,20.3086,2.195305,824.8286,1,2,1,1,1,2,148.8032,150.2692,0,870.123,1,2,1,1,1,7.757178,143.8862,246.9559,19.72571,1.212381,0.8275906,0.3395321,0,1,1,166.7681,0,136.3913,0,1,1,1,Attack
 2/1/2016 11:53:45 AM,2.532428,499.8054,2,2,1,170.0846,8.6217,303.6657,2.456412,2,2,1,2,1,2,1,20.33421,2.195305,824.9888,1,2,1,1,1,2,148.8032,150.7306,0,870.2,1,2,1,1,1,7.760703,143.8862,246.8598,19.72571,1.212381,0.8275906,0.3395321,0,1,1,167.0886,0,136.3913,0,1,1,1,Attack
 2/1/2016 11:53:46 AM,2.539474,499.9624,2,2,1,170.0846,8.6217,303.6657,2.457822,2,2,1,2,1,2,1,20.33421,2.195305,824.4681,1,2,1,1,1,2,148.8032,151.2176,0,870.3538,1,2,1,1,1,7.761984,144.4501,246.7957,19.72571,1.212381,0.8329704,0.3395321,0,1,1,167.2007,0,136.3913,0,1,1,1,Attack
 2/1/2016 11:53:47 AM,2.539474,499.6091,2,2,1,170.0846,8.6217,303.6657,2.457822,2,2,1,2,1,2,1,20.27979,2.195305,824.5482,1,2,1,1,1,2,148.8032,151.3714,0,870.1615,1,2,1,1,1,7.762625,144.7065,246.6675,19.72571,1.212381,0.8186243,0.3395321,0,1,1,166.8963,0,136.3913,0,1,1,1,Attack
 2/1/2016 11:53:48 AM,2.531147,499.6091,2,2,1,170.0846,8.6217,303.6657,2.457822,2,2,1,2,1,2,1,20.22857,2.195305,824.6283,1,2,1,1,1,2,148.8032,152.0636,0,870.1615,1,2,1,1,1,7.764227,144.7065,246.6675,19.72571,1.212381,0.8170872,0.3395321,0,1,1,166.656,0,136.0709,0,1,1,1,Attack
 2/1/2016 11:53:49 AM,2.531147,499.4128,2,2,1,170.0846,8.6217,303.435,2.457822,2,2,1,2,1,2,1,20.19015,2.195561,824.348,1,2,1,1,1,2,148.8032,152.3199,0,870.5845,1,2,1,1,1,7.767432,145.2961,246.6675,19.91797,1.214176,0.8106827,0.3395321,0,1,1,166.5759,0,136.0228,0,1,1,1,Attack
 2/1/2016 11:53:50 AM,2.536271,499.1773,2,2,1,170.0846,8.6217,303.435,2.460001,2,2,1,2,1,2,1,20.15494,2.195561,824.348,1,2,1,1,1,2,148.8032,153.0377,0,870.546,1,2,1,1,1,7.767432,145.5012,246.6675,19.95642,1.214176,0.8106827,0.3395321,0,1,1,166.5759,0,136.0228,0,1,1,1,Attack
 2/1/2016 11:53:51 AM,2.540115,498.7063,2,2,1,170.0846,8.6217,303.435,2.460001,2,2,1,2,1,2,1,20.15494,2.195561,824.428,1,2,1,1,1,2,148.8032,153.6016,0,870.546,1,2,1,1,1,7.769034,145.7575,246.8598,19.95642,1.214176,0.8260536,0.3395321,0,1,1,166.5759,0,136.2311,0,1,1,1,Attack
 2/1/2016 11:53:52 AM,2.540115,498.7063,2,2,1,170.0846,8.6217,303.435,2.460001,2,2,1,2,1,2,1,20.15494,2.195561,824.428,1,2,1,1,1,2,148.8032,153.6016,0,870.546,1,2,1,1,1,7.769034,145.7575,246.8598,19.95642,1.214176,0.8260536,0.3395321,0,1,1,166.5759,0,136.2311,0,1,1,1,Attack
 2/1/2016 11:53:53 AM,2.540115,498.7063,2,2,1,170.0846,8.6217,303.435,2.460001,2,2,1,2,1,2,1,20.15494,2.195561,824.428,1,2,1,1,1,2,148.8032,154.0631,0,870.8536,1,2,1,1,1,7.771277,146.1676,246.8598,19.95642,1.214176,0.8270783,0.3395321,0,1,1,166.7201,0,136.2792,0,1,1,1,Attack
 2/1/2016 11:53:54 AM,2.544278,498.7848,2,2,1,170.0846,8.6217,303.5119,2.460001,2,2,1,2,1,2,1,20.22857,2.195561,824.2278,1,2,1,1,1,2,148.8032,154.6783,0,870.7383,1,2,1,1,1,7.77384,146.4496,246.8598,19.95642,1.214176,0.8360446,0.3395321,0,1,1,166.7201,0,136.2792,0,1,1,1,Attack
 2/1/2016 11:53:55 AM,2.545239,498.7848,2,2,1,170.0846,8.6217,303.5119,2.460001,2,2,1,2,1,2,1,20.26698,2.197739,824.348,1,2,1,1,1,2,148.8032,155.191,0,870.5845,1,2,1,1,1,7.775122,146.7829,246.8598,19.95642,1.214176,0.8373255,0.3395321,0,1,1,166.7201,0,136.1189,0,1,1,1,Attack
 2/1/2016 11:53:56 AM,2.545239,498.824,2,2,1,170.0846,8.6217,303.5119,2.460001,2,2,1,2,1,2,1,20.26698,2.197739,824.9487,1,2,1,1,1,2,148.8032,155.5499,0,870.7383,1,2,1,1,1,7.778006,147.3212,246.8598,19.95642,1.214176,0.8373255,0.3395321,0,1,1,166.7201,0,136.0709,0,1,1,1,Attack
 2/1/2016 11:53:57 AM,2.54684,498.51,2,2,1,170.0846,8.6217,303.6401,2.460001,2,2,1,2,1,2,1,20.26698,2.197739,825.3493,1,2,1,1,1,2,148.8032,156.3445,0,871.2766,1,2,1,1,1,7.778006,147.6801,246.8598,20.34094,1.214176,0.8373255,0.3395321,0,1,1,166.7201,0,136.0709,0,1,1,1,Attack
 2/1/2016 11:53:58 AM,2.54684,498.7455,2,2,1,170.0846,8.6217,303.6401,2.460001,2,2,1,2,1,2,1,20.26698,2.197739,825.5896,1,2,1,1,1,2,148.8032,156.5496,0,871.4304,1,2,1,1,1,7.784094,147.7314,246.8598,20.37939,1.214176,0.8373255,0.3395321,0,1,1,166.7201,0,136.0709,0,1,1,1,Attack
 2/1/2016 11:53:59 AM,2.54684,498.3138,2,2,1,170.0846,8.6217,303.6401,2.460001,2,2,1,2,1,2,1,20.19015,2.197739,825.4694,1,2,1,1,1,2,148.8032,157.3443,0,871.8149,1,2,1,1,1,7.784414,148.3209,246.8598,20.22558,1.214176,0.8462918,0.3395321,0,1,1,166.7201,0,136.2311,0,1,1,1,Attack
 2/1/2016 11:54:00 AM,2.54684,498.51,2,2,1,170.0846,8.6217,303.6401,2.458078,2,2,1,2,1,2,1,20.18695,2.197739,825.4694,1,2,1,1,1,2,148.8032,157.8826,0,871.6611,1,2,1,1,1,7.784414,148.5773,246.8598,20.11023,1.214176,0.8443704,0.3395321,0,1,1,166.7201,0,136.2792,0,1,1,1,Attack
 2/1/2016 11:54:01 AM,2.54684,498.1175,2,2,1,170.0846,8.6217,303.6401,2.457053,2,2,1,2,1,2,1,20.23497,2.197739,825.7498,1,2,1,1,1,2,148.8032,158.4978,0,872.1226,1,2,1,1,1,7.791143,148.8849,246.8598,20.11023,1.214176,0.8430896,0.3400442,0,1,1,166.2875,0,135.8626,0,1,1,1,Attack
 2/1/2016 11:54:02 AM,2.54684,497.9998,2,2,1,170.0846,8.6217,303.6401,2.457053,2,2,1,2,1,2,1,20.23497,2.197739,825.7498,1,2,1,1,1,2,148.8032,158.8054,0,872.6608,1,2,1,1,1,7.791143,149.2951,246.8598,20.11023,1.214176,0.8432176,0.3400442,0,1,1,166.2875,0,135.7985,0,1,1,1,Attack
 2/1/2016 11:54:03 AM,2.54684,498.3923,2,2,1,170.0846,8.6217,303.6401,2.456412,2,2,1,2,1,2,1,20.23497,2.197739,825.83,1,2,1,1,1,2,148.8032,159.8052,0,872.9684,1,2,1,1,1,7.794668,149.6283,246.8598,20.11023,1.214176,0.8206738,0.3400442,0,1,1,166.2875,0,135.7985,0,1,1,1,Attack
 2/1/2016 11:54:04 AM,2.54684,498.9026,2,2,1,170.0846,8.6217,303.6401,2.453721,2,2,1,2,1,2,1,20.23497,2.197739,825.4694,1,2,1,1,1,2,148.8032,160.2153,0,873.2376,1,2,1,1,1,7.799475,149.9359,246.8598,20.11023,1.214176,0.8218266,0.3400442,0,1,1,166.2875,0,135.7985,0,1,1,1,Attack
 2/1/2016 11:54:05 AM,2.54684,499.8054,2,2,1,170.0846,8.6217,303.6401,2.451158,2,2,1,2,1,2,1,20.23497,2.195305,825.87,1,2,1,1,1,2,148.8032,160.7024,0,873.4683,1,2,1,1,1,7.801077,150.2692,246.8598,20.11023,1.213022,0.8205457,0.3400442,0,1,1,166.2875,0,135.9427,0,1,1,1,Attack
 2/1/2016 11:54:06 AM,2.54684,499.9624,2,2,1,170.0846,8.6217,303.435,2.451158,2,2,1,2,1,2,1,20.18695,2.195177,826.2705,1,2,1,1,1,2,148.8032,161.3432,0,873.2761,1,2,1,1,1,7.803961,150.8331,246.8598,20.11023,1.2111,0.816703,0.3400442,0,1,1,166.2875,0,135.9427,0,1,1,1,Attack
 2/1/2016 11:54:07 AM,2.54684,500.3549,2,2,1,170.0846,8.6217,303.435,2.45244,2,2,1,2,1,2,1,20.18695,2.195177,826.4708,1,2,1,1,1,2,148.8032,161.8047,0,874.0067,1,2,1,1,1,7.805883,151.1407,246.8598,20.11023,1.2111,0.8247727,0.3388919,0,1,1,166.2875,0,135.8145,0,1,1,1,Attack
 2/1/2016 11:54:08 AM,2.549723,500.4727,2,2,1,170.0846,8.6217,303.435,2.453849,2,2,1,2,1,2,1,20.18695,2.195177,826.4708,1,2,1,1,1,2,148.8032,162.6506,0,874.3912,1,2,1,1,1,7.811651,151.3202,246.8598,20.11023,1.21251,0.8233637,0.3388919,0,1,1,166.2875,0,135.7504,0,1,1,1,Attack
 2/1/2016 11:54:09 AM,2.549723,500.7082,2,2,1,170.0846,8.624905,303.435,2.454362,2,2,1,2,1,2,1,20.18695,2.194152,827.0316,1,2,1,1,1,2,148.8032,163.1376,0,874.1605,1,2,1,1,1,7.813894,151.8585,246.8598,20.11023,1.21251,0.8174715,0.3378677,0,1,1,166.2875,0,135.7504,0,1,1,1,Attack
 2/1/2016 11:54:10 AM,2.549723,500.5512,2,2,1,170.0846,8.624905,303.435,2.450517,2,2,1,2,1,2,1,20.23497,2.193895,826.8713,1,2,1,1,1,2,148.8032,163.6247,0,874.0451,1,2,1,1,1,7.816778,152.2174,246.8598,20.11023,1.21251,0.8174715,0.3378677,0,1,1,166.2875,0,136.0388,0,1,1,1,Attack
 2/1/2016 11:54:11 AM,2.553246,500.5119,2,2,1,170.0846,8.624905,303.435,2.450517,2,2,1,2,1,2,1,20.20616,2.193895,826.9915,1,2,1,1,1,2,148.8032,164.1887,0,874.968,1,2,1,1,1,7.817739,152.7301,246.8598,20.11023,1.21251,0.8174715,0.3378677,0,1,1,166.5759,0,136.0709,0,1,1,1,Attack
 2/1/2016 11:54:12 AM,2.555488,500.3156,2,2,1,170.0846,8.624905,303.435,2.450517,2,2,1,2,1,2,1,20.18375,2.196201,827.2719,1,2,1,1,1,2,148.8032,164.7014,0,875.4678,1,2,1,1,1,7.824468,153.089,246.8598,20.11023,1.21251,0.8231075,0.3379957,0,1,1,166.3676,0,136.0709,0,1,1,1,Attack
 2/1/2016 11:54:13 AM,2.557089,500.9044,2,2,1,170.0846,8.624905,303.435,2.452568,2,2,1,2,1,2,1,20.25418,2.196201,827.0716,1,2,1,1,1,2,148.8032,165.4448,0,875.4678,1,2,1,1,1,7.827352,153.4478,246.8598,20.11023,1.213535,0.8269502,0.339276,0,1,1,166.0792,0,135.5742,0,1,1,1,Attack
 2/1/2016 11:54:14 AM,2.557089,501.297,2,2,1,170.0846,8.624905,303.435,2.452568,2,2,1,2,1,2,1,20.3118,2.196201,827.4722,1,2,1,1,1,2,148.8032,165.9574,0,875.3909,1,2,1,1,1,7.832799,153.7554,246.8598,20.11023,1.214176,0.8190086,0.339276,0,1,1,166.0792,0,135.5742,0,1,1,1,Attack
 2/1/2016 11:54:15 AM,2.557089,502.239,2,2,1,170.0846,8.624905,303.435,2.452568,2,2,1,2,1,2,1,20.3118,2.197483,827.4321,1,2,1,1,1,2,148.8032,166.6752,0,875.5832,1,2,1,1,1,7.832799,154.2681,246.8598,20.11023,1.214176,0.816703,0.339276,0,1,1,166.0632,0,135.5742,0,1,1,1,Attack
 2/1/2016 11:54:16 AM,2.560933,502.7101,2,2,1,170.0846,8.624905,303.435,2.452568,2,2,1,2,1,2,1,20.3118,2.197483,827.4722,1,2,1,1,1,2,148.8032,167.1879,0,876.0831,1,2,1,1,1,7.838888,154.7296,246.8598,20.11023,1.214176,0.816703,0.3379957,0,1,1,166.0632,0,135.7184,0,1,1,1,Attack
 2/1/2016 11:54:17 AM,2.560933,502.9063,2,2,1,170.0846,8.624905,303.4607,2.452568,2,2,1,2,1,2,1,20.23497,2.197483,827.392,1,2,1,1,1,2,148.8032,167.9826,0,876.1215,1,2,1,1,1,7.842733,155.1141,246.8598,20.11023,1.214176,0.8296401,0.3379957,0,1,1,166.3836,0,135.9747,0,1,1,1,Attack
 2/1/2016 11:54:18 AM,2.560933,503.1418,2,2,1,170.0846,8.624905,303.4607,2.452568,2,2,1,2,1,2,1,20.21256,2.197483,827.7926,1,2,1,1,1,2,148.8032,168.3927,0,876.5445,1,2,1,1,1,7.844335,155.4217,246.8598,20.11023,1.214176,0.8380941,0.3379957,0,1,1,166.3996,0,135.9747,0,1,1,1,Attack
 2/1/2016 11:54:19 AM,2.550043,503.0241,2,2,1,170.0846,8.624905,303.4607,2.454362,2,2,1,2,1,2,1,20.15494,2.197483,827.6724,1,2,1,1,1,2,148.8032,169.1105,0,877.3904,1,2,1,1,1,7.852987,155.7037,246.8598,20.11023,1.214176,0.8380941,0.339404,0,1,1,166.3996,0,135.9747,0,1,1,1,Attack
 2/1/2016 11:54:20 AM,2.550043,502.6316,2,2,1,170.0846,8.624905,303.4607,2.454362,2,2,1,2,1,2,1,20.15494,2.197483,827.8727,1,2,1,1,1,2,148.8032,169.5206,0,877.4673,1,2,1,1,1,7.853307,156.3189,246.8598,20.11023,1.214176,0.8233637,0.339404,0,1,1,166.3996,0,135.9747,0,1,1,1,Attack
 2/1/2016 11:54:21 AM,2.550043,502.3568,2,2,1,170.0846,8.624905,303.4607,2.454362,2,2,1,2,1,2,1,20.15494,2.197483,827.5923,1,2,1,1,1,2,148.8032,170.2897,0,877.5826,1,2,1,1,1,7.859715,156.5752,246.8598,20.11023,1.214176,0.818112,0.339404,0,1,1,166.4637,0,135.9747,0,1,1,1,Attack
 2/1/2016 11:54:22 AM,2.548121,502.239,2,2,1,170.0846,8.624905,303.7682,2.454362,2,2,1,2,1,2,1,20.19656,2.197483,828.0329,1,2,1,1,1,2,148.8032,171.0331,0,877.8518,1,2,1,1,1,7.865163,157.1648,246.8598,20.11023,1.216996,0.8170872,0.339404,0,1,1,166.688,0,135.9747,0,1,1,1,Attack
 2/1/2016 11:54:23 AM,2.551645,502.0428,2,2,1,170.0846,8.624905,303.7682,2.455003,2,2,1,2,1,2,1,20.19656,2.196458,827.9528,1,2,1,1,1,2,148.8032,171.5458,0,877.8518,1,2,1,1,1,7.869008,157.3186,246.8598,20.11023,1.21738,0.8263097,0.339404,0,1,1,166.8803,0,136.2311,0,1,1,1,Attack
 2/1/2016 11:54:24 AM,2.554847,501.7288,2,2,1,170.0846,8.622341,303.7682,2.455515,2,2,1,2,1,2,1,20.21256,2.196458,828.1531,1,2,1,1,1,2,148.8032,171.8277,0,878.3517,1,2,1,1,1,7.875737,157.8826,246.8598,20.11023,1.21738,0.830921,0.339404,0,1,1,166.8803,0,136.2631,0,1,1,1,Attack
 2/1/2016 11:54:25 AM,2.554847,501.5325,2,2,1,170.0846,8.622341,303.7682,2.455515,2,2,1,2,1,2,1,20.21256,2.196458,827.9528,1,2,1,1,1,2,148.8032,172.3404,0,878.3901,1,2,1,1,1,7.875737,157.8826,246.8598,20.11023,1.21738,0.836557,0.339404,0,1,1,166.8803,0,136.2631,0,1,1,1,Attack
 2/1/2016 11:54:26 AM,2.549723,501.3755,2,2,1,170.0846,8.622341,303.5376,2.452568,2,2,1,2,1,2,1,20.21256,2.194664,827.9528,1,2,1,1,1,2,148.8032,172.7506,0,878.7362,1,2,1,1,1,7.880864,158.626,246.8598,20.11023,1.216098,0.8382221,0.339404,0,1,1,166.8002,0,136.2631,0,1,1,1,Attack
 2/1/2016 11:54:27 AM,2.54652,501.3755,2,2,1,170.0846,8.622341,303.5376,2.452568,2,2,1,2,1,2,1,20.21256,2.194664,827.6724,1,2,1,1,1,2,148.8032,172.8531,0,879.1592,1,2,1,1,1,7.889195,158.8567,246.8598,20.11023,1.215073,0.8382221,0.339404,0,1,1,166.7681,0,136.1189,0,1,1,1,Attack
 2/1/2016 11:54:28 AM,2.545239,501.14,2,2,1,170.0846,8.622341,303.5376,2.452568,2,2,1,2,1,2,1,20.21256,2.194664,827.352,1,2,1,1,1,2,148.8032,172.8531,0,879.1976,1,2,1,1,1,7.891759,159.3694,246.9879,20.11023,1.215073,0.8534648,0.339404,0,1,1,166.7681,0,136.1189,0,1,1,1,Attack
 2/1/2016 11:54:29 AM,2.545239,501.297,2,2,1,170.0846,8.622341,303.5376,2.452568,2,2,1,2,1,2,1,20.15814,2.195817,827.4321,1,2,1,1,1,2,148.8032,173.2376,0,879.1592,1,2,1,1,1,7.894963,159.4207,246.9879,20.11023,1.215073,0.8514154,0.339404,0,1,1,166.7681,0,136.1189,0,1,1,1,Attack
 2/1/2016 11:54:30 AM,2.538513,500.7082,2,2,1,170.0846,8.622341,303.5376,2.452568,2,2,1,2,1,2,1,20.11653,2.197354,827.1517,1,2,1,1,1,2,148.8032,173.2633,0,879.1976,1,2,1,1,1,7.902012,159.9333,246.9879,20.11023,1.21597,0.8514154,0.339404,0,1,1,166.7681,0,136.1189,0,1,1,1,Attack
 2/1/2016 11:54:31 AM,2.536912,500.4727,2,2,1,170.0846,8.622341,303.5376,2.45449,2,2,1,2,1,2,1,20.11653,2.197354,827.0716,1,2,1,1,1,2,148.8032,173.6221,0,879.0438,1,2,1,1,1,7.906178,160.3691,246.9879,20.11023,1.21597,0.8400154,0.339404,0,1,1,166.3356,0,136.1189,0,1,1,1,Attack
 2/1/2016 11:54:32 AM,2.536912,500.1194,2,2,1,170.0846,8.622341,303.5376,2.457053,2,2,1,2,1,2,1,20.20616,2.197354,827.2318,1,2,1,1,1,2,148.8032,173.6221,0,879.3899,1,2,1,1,1,7.910664,160.4973,246.9879,20.11023,1.217508,0.8272064,0.339404,0,1,1,166.3356,0,135.7825,0,1,1,1,Attack
 2/1/2016 11:54:33 AM,2.536912,500.1586,2,2,1,170.0846,8.622341,303.5376,2.459104,2,2,1,2,1,2,1,20.20616,2.197354,827.0316,1,2,1,1,1,2,148.8032,173.9041,0,879.2361,1,2,1,1,1,7.914509,161.2151,246.9879,20.11023,1.217508,0.8270783,0.339404,0,1,1,166.3356,0,135.7344,0,1,1,1,Attack
 2/1/2016 11:54:34 AM,2.542356,500.2764,2,2,1,170.0846,8.622341,303.5376,2.460001,2,2,1,2,1,2,1,20.22217,2.197354,826.8713,1,2,1,1,1,2,148.8032,174.0836,0,879.3514,1,2,1,1,1,7.9222,161.2151,246.9879,20.11023,1.217508,0.8270783,0.3386359,0,1,1,166.3356,0,135.7344,0,1,1,1,Attack
 2/1/2016 11:54:35 AM,2.549723,500.3549,2,2,1,170.0846,8.622341,303.5376,2.460001,2,2,1,2,1,2,1,20.22217,2.197354,826.8713,1,2,1,1,1,2,148.8032,174.0836,0,879.5052,1,2,1,1,1,7.926686,161.9072,246.9879,20.11023,1.215329,0.8432176,0.3386359,0,1,1,166.3356,0,135.9107,0,1,1,1,Attack
 2/1/2016 11:54:36 AM,2.549723,500.1194,2,2,1,170.0846,8.622341,303.5376,2.460001,2,2,1,2,1,2,1,20.21256,2.197354,826.4307,1,2,1,1,1,2,148.8032,174.4168,0,879.6206,1,2,1,1,1,7.930851,162.1123,246.9879,20.11023,1.215329,0.8471884,0.3381237,0,1,1,166.3356,0,135.9107,0,1,1,1,Attack
 2/1/2016 11:54:37 AM,2.550364,500.7082,2,2,1,170.0846,8.622341,303.5376,2.460001,2,2,1,2,1,2,1,20.17415,2.197354,826.2705,1,2,1,1,1,2,148.8032,174.5963,0,879.8129,1,2,1,1,1,7.938221,162.4455,246.9879,20.11023,1.214176,0.8474446,0.3381237,0,1,1,166.3356,0,135.9107,0,1,1,1,Attack
 2/1/2016 11:54:38 AM,2.555488,500.8652,2,2,1,170.0846,8.622341,303.5376,2.457181,2,2,1,2,1,2,1,20.17415,2.197354,826.2705,1,2,1,1,1,2,148.8032,175.1859,0,880.3896,1,2,1,1,1,7.943027,162.83,246.9879,19.61036,1.214176,0.8359165,0.3381237,0,1,1,166.3356,0,135.7985,0,1,1,1,Attack
 2/1/2016 11:54:39 AM,2.555488,501.2577,2,2,1,170.0846,8.622341,303.5376,2.457181,2,2,1,2,1,2,1,20.24778,2.195561,826.5509,1,2,1,1,1,2,148.8032,175.7242,0,880.2743,1,2,1,1,1,7.949436,163.2402,246.9879,19.61036,1.214176,0.8273345,0.3381237,0,1,1,166.3356,0,135.7985,0,1,1,1,Attack
 2/1/2016 11:54:40 AM,2.555488,501.925,2,2,1,170.0846,8.622341,303.5376,2.457181,2,2,1,2,1,2,1,20.27018,2.195561,826.7912,1,2,1,1,1,2,148.8032,176.3138,0,880.3127,1,2,1,1,1,7.955845,163.5734,247.1161,19.80261,1.214432,0.8273345,0.3382518,0,1,1,166.3356,0,135.7985,0,1,1,1,Attack
 2/1/2016 11:54:41 AM,2.559972,502.5531,2,2,1,170.0846,8.622341,303.5376,2.457181,2,2,1,2,1,2,1,20.27018,2.195561,826.7512,1,2,1,1,1,2,148.8032,176.6983,0,880.6588,1,2,1,1,1,7.960331,164.0092,247.1161,19.80261,1.214432,0.8369412,0.339148,0,1,1,166.4958,0,136.0228,0,1,1,1,Attack
 2/1/2016 11:54:42 AM,2.559972,503.0241,2,2,1,170.0846,8.622341,303.5376,2.457181,2,2,1,2,1,2,1,20.26058,2.195561,827.392,1,2,1,1,1,2,148.8032,177.8518,0,880.7357,1,2,1,1,1,7.962574,164.4706,247.1161,19.95642,1.215329,0.8369412,0.339148,0,1,1,166.4958,0,136.0228,0,1,1,1,Attack
 2/1/2016 11:54:43 AM,2.562534,503.2204,2,2,1,170.0846,8.624264,303.5376,2.457181,2,2,1,2,1,2,1,20.24457,2.195561,827.2719,1,2,1,1,1,2,148.8032,178.6721,0,881.351,1,2,1,1,1,7.973148,164.6757,247.1161,19.95642,1.216355,0.8282311,0.339148,0,1,1,166.1753,0,135.6383,0,1,1,1,Attack
 2/1/2016 11:54:44 AM,2.564135,503.6914,2,2,1,170.0846,8.624264,303.5376,2.456925,2,2,1,2,1,2,1,20.23497,2.195561,827.7525,1,2,1,1,1,2,148.8032,179.595,0,881.4663,1,2,1,1,1,7.975711,165.1884,247.1161,19.95642,1.21738,0.8200333,0.3379957,0,1,1,166.1753,0,135.6383,0,1,1,1,Attack
 2/1/2016 11:54:45 AM,2.564776,503.7307,2,2,1,170.0846,8.624264,303.5376,2.455259,2,2,1,2,1,2,1,20.23497,2.195305,828.1531,1,2,1,1,1,2,148.8032,180.5435,0,881.4279,1,2,1,1,1,7.982761,165.291,247.1161,19.95642,1.21738,0.8179839,0.3379957,0,1,1,166.1753,0,135.6383,0,1,1,1,Attack
 2/1/2016 11:54:46 AM,2.556449,503.4951,2,2,1,170.0846,8.624264,303.5376,2.455259,2,2,1,2,1,2,1,20.23497,2.195305,828.2332,1,2,1,1,1,2,148.8032,181.5176,0,882.0431,1,2,1,1,1,7.986927,165.6242,247.1161,19.76416,1.21738,0.8352761,0.3381237,0,1,1,166.1753,0,135.8786,0,1,1,1,Attack
 2/1/2016 11:54:47 AM,2.556449,503.4166,2,2,1,170.0846,8.624264,303.5376,2.455259,2,2,1,2,1,2,1,20.23497,2.195305,828.2732,1,2,1,1,1,2,148.8032,182.5173,0,882.3892,1,2,1,1,1,7.993015,166.2907,247.1161,19.76416,1.21738,0.8469322,0.3399161,0,1,1,166.6239,0,135.9427,0,1,1,1,Attack
 2/1/2016 11:54:48 AM,2.547161,503.4559,2,2,1,170.0846,8.624264,303.5376,2.455259,2,2,1,2,1,2,1,20.13573,2.195305,828.4735,1,2,1,1,1,2,148.8032,183.3889,0,882.889,1,2,1,1,1,7.999424,166.2907,247.1161,19.76416,1.217893,0.848085,0.3399161,0,1,1,166.6239,0,135.9427,0,1,1,1,Attack
 2/1/2016 11:54:49 AM,2.542677,503.2596,2,2,1,170.0846,8.624264,303.5376,2.455259,2,2,1,2,1,2,1,20.13573,2.195305,828.6337,1,2,1,1,1,2,148.8032,184.3374,0,883.2735,1,2,1,1,1,8.001987,166.8034,247.1161,19.76416,1.218149,0.8532087,0.3399161,0,1,1,166.3836,0,135.9427,0,1,1,1,Attack
 2/1/2016 11:54:50 AM,2.539474,503.2204,2,2,1,170.0846,8.624905,303.5376,2.455259,2,2,1,2,1,2,1,20.13573,2.195305,828.3533,1,2,1,1,1,2,148.8032,185.0295,0,883.3504,1,2,1,1,1,8.008396,167.2392,247.1161,19.76416,1.218149,0.8585885,0.3378677,0,1,1,166.3836,0,135.8145,0,1,1,1,Attack
 2/1/2016 11:54:51 AM,2.535631,502.9456,2,2,1,170.0846,8.625546,303.5376,2.455259,2,2,1,2,1,2,1,20.16454,2.195305,828.4735,1,2,1,1,1,2,148.8032,185.4909,0,883.235,1,2,1,1,1,8.012562,167.4186,247.4366,19.76416,1.218149,0.8571795,0.3378677,0,1,1,166.3836,0,135.7504,0,1,1,1,Attack
 2/1/2016 11:54:52 AM,2.535631,502.9456,2,2,1,170.0846,8.625546,303.5376,2.457181,2,2,1,2,1,2,1,20.18695,2.197226,828.6738,1,2,1,1,1,2,148.8032,186.2599,0,883.2735,1,2,1,1,1,8.018649,167.8288,247.4366,19.76416,1.218149,0.8482131,0.3378677,0,1,1,166.3836,0,135.8946,0,1,1,1,Attack
 2/1/2016 11:54:53 AM,2.535631,503.2204,2,2,1,170.0846,8.625546,303.5376,2.457694,2,2,1,2,1,2,1,20.18695,2.197226,829.0342,1,2,1,1,1,2,148.8032,186.9777,0,883.9656,1,2,1,1,1,8.023135,167.8288,247.4366,19.76416,1.218149,0.8388626,0.3381237,0,1,1,166.5599,0,136.0388,0,1,1,1,Attack
 2/1/2016 11:54:54 AM,2.537552,503.0634,2,2,1,170.0846,8.625546,303.5376,2.458206,2,2,1,2,1,2,1,20.18695,2.19492,829.2745,1,2,1,1,1,2,148.8032,187.4904,0,883.658,1,2,1,1,1,8.027942,168.1107,247.4366,19.76416,1.217252,0.8289996,0.3381237,0,1,1,166.5599,0,136.0388,0,1,1,1,Attack
 2/1/2016 11:54:55 AM,2.538833,503.4166,2,2,1,170.0846,8.625546,303.5376,2.458463,2,2,1,2,1,2,1,20.18695,2.194536,829.7552,1,2,1,1,1,2,148.8032,188.1312,0,884.0041,1,2,1,1,1,8.03403,168.3158,247.4366,19.76416,1.216996,0.8273345,0.3382518,0,1,1,166.0952,0,135.5742,0,1,1,1,Attack
 2/1/2016 11:54:56 AM,2.541716,503.2989,2,2,1,170.0846,8.625546,303.5376,2.458463,2,2,1,2,1,2,1,20.18695,2.194536,829.8353,1,2,1,1,1,2,148.8032,188.285,0,884.0041,1,2,1,1,1,8.038836,168.5722,247.4366,19.76416,1.216996,0.8273345,0.3386359,0,1,1,166.0151,0,135.4941,0,1,1,1,Attack
 2/1/2016 11:54:57 AM,2.549082,503.5344,2,2,1,170.0846,8.625546,303.5376,2.458463,2,2,1,2,1,2,1,20.15814,2.194664,830.0756,1,2,1,1,1,2,148.8032,189.0541,0,884.0425,1,2,1,1,1,8.0414,168.9054,247.4366,19.76416,1.215073,0.8329704,0.3386359,0,1,1,166.0151,0,135.4781,0,1,1,1,Attack
 2/1/2016 11:54:58 AM,2.552285,503.9269,2,2,1,170.0846,8.625546,303.5376,2.456156,2,2,1,2,1,2,1,20.15174,2.194664,830.1958,1,2,1,1,1,2,148.8032,189.4386,0,884.3502,1,2,1,1,1,8.047488,168.9054,247.4366,19.72571,1.215073,0.8302805,0.3386359,0,1,1,166.0151,0,135.4781,0,1,1,1,Attack
 2/1/2016 11:54:59 AM,2.553886,503.6521,2,2,1,170.0846,8.625546,303.5376,2.456156,2,2,1,2,1,2,1,20.15174,2.194664,829.9955,1,2,1,1,1,2,148.8032,190.0538,0,884.0425,1,2,1,1,1,8.047809,169.1618,247.4366,19.53345,1.215073,0.846548,0.3386359,0,1,1,166.0151,0,135.4781,0,1,1,1,Attack
 2/1/2016 11:55:00 AM,2.553886,503.6129,2,2,1,170.0846,8.625546,303.3069,2.456156,2,2,1,2,1,2,1,20.19015,2.194664,830.0756,1,2,1,1,1,2,148.8032,190.3358,0,883.7734,1,2,1,1,1,8.053576,169.1618,247.4366,19.53345,1.215073,0.8470603,0.3386359,0,1,1,166.0952,0,135.4781,0,1,1,1,Attack
 2/1/2016 11:55:01 AM,2.553886,503.5344,2,2,1,170.0846,8.625546,303.3069,2.456156,2,2,1,2,1,2,1,20.21256,2.194664,829.9955,1,2,1,1,1,2,148.8032,191.0536,0,883.7734,1,2,1,1,1,8.053576,169.3668,247.4366,19.53345,1.215073,0.8284873,0.3386359,0,1,1,165.6947,0,135.1096,0,1,1,1,Attack
 2/1/2016 11:55:02 AM,2.557089,502.9063,2,2,1,170.0846,8.622662,303.3069,2.456156,2,2,1,2,1,2,1,20.21256,2.194664,829.8353,1,2,1,1,1,2,148.8032,191.4381,0,884.1579,1,2,1,1,1,8.058062,169.4181,247.4366,19.53345,1.215073,0.8175996,0.3386359,0,1,1,165.6947,0,135.1096,0,1,1,1,Attack
 2/1/2016 11:55:03 AM,2.557089,502.7101,2,2,1,170.0846,8.622662,303.3069,2.455515,2,2,1,2,1,2,1,20.21256,2.196201,830.2759,1,2,1,1,1,2,148.8032,191.8226,0,884.1964,1,2,1,1,1,8.061266,169.8795,247.4366,19.53345,1.215073,0.8174715,0.3386359,0,1,1,165.6947,0,135.1096,0,1,1,1,Attack
 2/1/2016 11:55:04 AM,2.550043,502.1213,2,2,1,170.0846,8.622662,303.3069,2.455131,2,2,1,2,1,2,1,20.21256,2.196201,830.2358,1,2,1,1,1,2,148.8032,192.4122,0,884.6578,1,2,1,1,1,8.062227,170.264,247.4366,19.53345,1.215073,0.8174715,0.3386359,0,1,1,165.6947,0,135.1096,0,1,1,1,Attack
 2/1/2016 11:55:05 AM,2.550043,502.1213,2,2,1,170.0846,8.622662,303.3069,2.455131,2,2,1,2,1,2,1,20.21256,2.196201,830.2358,1,2,1,1,1,2,148.8032,192.4122,0,884.6578,1,2,1,1,1,8.062227,170.264,247.4366,19.53345,1.215073,0.8174715,0.3386359,0,1,1,165.6947,0,135.1096,0,1,1,1,Attack
 2/1/2016 11:55:06 AM,2.542356,501.5717,2,2,1,170.0846,8.622662,303.3069,2.455131,2,2,1,2,1,2,1,20.21256,2.196201,830.4762,1,2,1,1,1,2,148.8032,193.0018,0,884.7731,1,2,1,1,1,8.066072,170.6485,247.4366,19.53345,1.216867,0.8173434,0.3386359,0,1,1,165.935,0,135.3179,0,1,1,1,Attack
 2/1/2016 11:55:07 AM,2.541075,501.3362,2,2,1,170.0846,8.622662,303.4094,2.455131,2,2,1,2,1,2,1,20.22857,2.196201,830.5963,1,2,1,1,1,2,148.8032,193.4376,0,885.1961,1,2,1,1,1,8.069918,170.6485,247.4366,19.53345,1.216996,0.8277187,0.3386359,0,1,1,165.935,0,135.414,0,1,1,1,Attack
 2/1/2016 11:55:08 AM,2.541075,500.9044,2,2,1,170.0846,8.622662,303.4094,2.455131,2,2,1,2,1,2,1,20.26058,2.195433,830.5963,1,2,1,1,1,2,148.8032,193.899,0,885.3884,1,2,1,1,1,8.072802,171.2638,247.6929,19.53345,1.216996,0.8361727,0.3386359,0,1,1,165.935,0,135.414,0,1,1,1,Attack
 2/1/2016 11:55:09 AM,2.541075,501.0615,2,2,1,170.0846,8.622662,303.4094,2.455131,2,2,1,2,1,2,1,20.27659,2.19492,831.077,1,2,1,1,1,2,148.8032,194.2835,0,885.4268,1,2,1,1,1,8.075686,171.7765,247.6929,19.53345,1.21879,0.8375817,0.3386359,0,1,1,165.935,0,135.3018,0,1,1,1,Attack
 2/1/2016 11:55:10 AM,2.541075,501.14,2,2,1,170.0846,8.622662,303.4094,2.455131,2,2,1,2,1,2,1,20.27979,2.193895,830.8767,1,2,1,1,1,2,148.8032,194.7706,0,885.9651,1,2,1,1,1,8.080812,172.2122,247.6929,19.53345,1.21879,0.8500064,0.3386359,0,1,1,165.935,0,135.3018,0,1,1,1,Attack
 2/1/2016 11:55:11 AM,2.54652,501.14,2,2,1,170.0846,8.622662,303.4094,2.456412,2,2,1,2,1,2,1,20.27979,2.192999,830.8367,1,2,1,1,1,2,148.8032,195.0526,0,886.1574,1,2,1,1,1,8.084658,172.6993,247.6929,19.53345,1.21879,0.8534648,0.3386359,0,1,1,166.2074,0,135.5742,0,1,1,1,Attack
 2/1/2016 11:55:12 AM,2.54652,501.2577,2,2,1,170.0846,8.622021,303.4094,2.456541,2,2,1,2,1,2,1,20.23497,2.192999,830.9969,1,2,1,1,1,2,148.8032,195.5396,0,886.2728,1,2,1,1,1,8.089785,173.2376,247.6929,19.53345,1.21879,0.8520558,0.3386359,0,1,1,166.2074,0,135.5742,0,1,1,1,Attack
 2/1/2016 11:55:13 AM,2.549082,501.14,2,2,1,170.0846,8.622021,303.4094,2.457566,2,2,1,2,1,2,1,20.21896,2.194024,830.8367,1,2,1,1,1,2,148.8032,196.0523,0,886.3497,1,2,1,1,1,8.094591,173.4427,247.6929,19.53345,1.220072,0.8571795,0.3386359,0,1,1,166.3356,0,135.7024,0,1,1,1,Attack
 2/1/2016 11:55:14 AM,2.552926,501.4932,2,2,1,170.0846,8.622021,303.4094,2.457566,2,2,1,2,1,2,1,20.19656,2.196073,831.0369,1,2,1,1,1,2,148.8032,196.4624,0,886.465,1,2,1,1,1,8.098116,173.981,247.6929,19.53345,1.220072,0.8548738,0.3386359,0,1,1,166.0792,0,135.7024,0,1,1,1,Attack
 2/1/2016 11:55:15 AM,2.552926,501.8465,2,2,1,170.0846,8.622021,303.4094,2.457566,2,2,1,2,1,2,1,20.19656,2.196073,831.0369,1,2,1,1,1,2,148.8032,196.8213,0,886.7726,1,2,1,1,1,8.103243,174.6219,247.6929,19.53345,1.220072,0.8510311,0.3386359,0,1,1,165.919,0,135.2217,0,1,1,1,Attack
 2/1/2016 11:55:16 AM,2.545559,502.0428,2,2,1,170.0846,8.622021,303.4094,2.456412,2,2,1,2,1,2,1,20.19656,2.196073,831.077,1,2,1,1,1,2,148.8032,197.4109,0,887.5032,1,2,1,1,1,8.106127,174.7757,247.6929,19.22584,1.220072,0.8512873,0.3386359,0,1,1,165.8869,0,135.2217,0,1,1,1,Attack
 2/1/2016 11:55:17 AM,2.545559,502.2783,2,2,1,170.0846,8.620739,303.4094,2.456412,2,2,1,2,1,2,1,20.19656,2.196073,831.1971,1,2,1,1,1,2,148.8032,197.6673,0,887.7339,1,2,1,1,1,8.113176,175.314,247.6929,19.22584,1.219559,0.846548,0.3386359,0,1,1,165.8869,0,135.2217,0,1,1,1,Attack
 2/1/2016 11:55:18 AM,2.541716,502.5138,2,2,1,170.0846,8.620739,303.4094,2.456412,2,2,1,2,1,2,1,20.19656,2.196073,831.4375,1,2,1,1,1,2,148.8032,198.0518,0,888.2338,1,2,1,1,1,8.117022,175.5704,247.6929,19.22584,1.218277,0.8380941,0.3386359,0,1,1,165.8869,0,135.43,0,1,1,1,Attack
 2/1/2016 11:55:19 AM,2.541716,502.6708,2,2,1,170.0846,8.620739,303.4094,2.456412,2,2,1,2,1,2,1,20.19656,2.196073,831.3974,1,2,1,1,1,2,148.8032,198.5645,0,888.1953,1,2,1,1,1,8.121187,176.1343,247.6929,19.22584,1.217636,0.8275906,0.3386359,0,1,1,165.9991,0,135.43,0,1,1,1,Attack
 2/1/2016 11:55:20 AM,2.540755,503.1418,2,2,1,170.0846,8.620739,303.4094,2.455131,2,2,1,2,1,2,1,20.26058,2.197098,831.6778,1,2,1,1,1,2,148.8032,199.1284,0,887.9261,1,2,1,1,1,8.125673,176.5445,247.6929,19.22584,1.217636,0.8275906,0.3386359,0,1,1,165.9991,0,135.43,0,1,1,1,Attack
 2/1/2016 11:55:21 AM,2.539154,503.0241,2,2,1,170.0846,8.620739,303.4094,2.455131,2,2,1,2,1,2,1,20.26058,2.197354,831.838,1,2,1,1,1,2,148.8032,199.2822,0,888.0415,1,2,1,1,1,8.128878,176.8008,247.6929,19.22584,1.219303,0.8292558,0.3386359,0,1,1,165.9991,0,135.3018,0,1,1,1,Attack
 2/1/2016 11:55:22 AM,2.537873,502.6316,2,2,1,170.0846,8.624264,303.4094,2.455131,2,2,1,2,1,2,1,20.3182,2.197354,831.7579,1,2,1,1,1,2,148.8032,199.7949,0,888.2338,1,2,1,1,1,8.136568,177.3391,247.757,19.22584,1.220713,0.8378379,0.3386359,0,1,1,165.9991,0,135.3018,0,1,1,1,Attack
 2/1/2016 11:55:23 AM,2.537873,502.5138,2,2,1,170.0846,8.624264,303.4094,2.455131,2,2,1,2,1,2,1,20.3182,2.197354,831.4775,1,2,1,1,1,2,148.8032,200.1538,0,888.6183,1,2,1,1,1,8.136568,177.3391,247.8211,19.22584,1.220713,0.845139,0.3386359,0,1,1,165.9991,0,135.3018,0,1,1,1,Attack
 2/1/2016 11:55:24 AM,2.537873,502.1213,2,2,1,170.0846,8.624264,303.4094,2.455131,2,2,1,2,1,2,1,20.33101,2.197354,831.8781,1,2,1,1,1,2,148.8032,200.6152,0,888.7721,1,2,1,1,1,8.141695,177.698,247.9492,19.22584,1.220713,0.8478289,0.3386359,0,1,1,165.9991,0,135.3018,0,1,1,1,Attack
 2/1/2016 11:55:25 AM,2.545239,501.8858,2,2,1,170.0846,8.622341,303.4094,2.455131,2,2,1,2,1,2,1,20.33101,2.195945,831.5576,1,2,1,1,1,2,148.8032,200.6152,0,888.8875,1,2,1,1,1,8.145861,178.3389,247.9492,19.22584,1.220713,0.8478289,0.3386359,0,1,1,165.9991,0,135.3339,0,1,1,1,Attack
 2/1/2016 11:55:26 AM,2.547161,502.3175,2,2,1,170.0846,8.622341,303.4094,2.455131,2,2,1,2,1,2,1,20.33101,2.195945,831.7579,1,2,1,1,1,2,148.8032,201.2305,0,888.8105,1,2,1,1,1,8.148424,178.7234,247.9492,19.22584,1.219815,0.8478289,0.3386359,0,1,1,165.6787,0,135.0135,0,1,1,1,Attack
 2/1/2016 11:55:27 AM,2.547161,502.082,2,2,1,170.0846,8.622341,303.4094,2.455131,2,2,1,2,1,2,1,20.27018,2.195945,832.1985,1,2,1,1,1,2,148.8032,201.5893,0,888.8875,1,2,1,1,1,8.153231,178.7234,247.9492,18.95668,1.219815,0.8566671,0.3386359,0,1,1,165.5665,0,134.9814,0,1,1,1,Attack
 2/1/2016 11:55:28 AM,2.547161,502.082,2,2,1,170.0846,8.6217,303.4094,2.455131,2,2,1,2,1,2,1,20.26378,2.195945,832.0383,1,2,1,1,1,2,148.8032,201.7431,0,888.7721,1,2,1,1,1,8.154833,179.3899,247.9492,18.95668,1.219815,0.8567952,0.3386359,0,1,1,165.5665,0,134.9814,0,1,1,1,Attack
 2/1/2016 11:55:29 AM,2.547161,502.2783,2,2,1,170.0846,8.6217,303.4094,2.455131,2,2,1,2,1,2,1,20.26378,2.19428,832.0383,1,2,1,1,1,2,148.8032,202.6147,0,889.3489,1,2,1,1,1,8.159639,179.3899,247.9492,18.95668,1.219815,0.8482131,0.3382518,0,1,1,165.5665,0,134.9814,0,1,1,1,Attack
 2/1/2016 11:55:30 AM,2.554847,502.239,2,2,1,170.0846,8.6217,303.4094,2.455131,2,2,1,2,1,2,1,20.26378,2.19428,832.2385,1,2,1,1,1,2,148.8032,202.8711,0,889.4258,1,2,1,1,1,8.159639,180.0051,247.9492,18.95668,1.219815,0.8444985,0.3382518,0,1,1,165.919,0,135.0936,0,1,1,1,Attack
 2/1/2016 11:55:31 AM,2.566698,502.2783,2,2,1,170.0846,8.6217,303.4094,2.455131,2,2,1,2,1,2,1,20.26378,2.194536,832.0783,1,2,1,1,1,2,148.8032,202.8711,0,889.3489,1,2,1,1,1,8.164446,180.0051,247.9492,18.95668,1.219815,0.836557,0.3368435,0,1,1,165.919,0,135.1096,0,1,1,1,Attack
 2/1/2016 11:55:32 AM,2.572142,502.239,2,2,1,170.0846,8.6217,303.4094,2.455131,2,2,1,2,1,2,1,20.26378,2.195561,832.4388,1,2,1,1,1,2,148.8032,203.3837,0,889.5411,1,2,1,1,1,8.166689,180.4409,247.9492,18.95668,1.219815,0.836557,0.3368435,0,1,1,165.919,0,135.1096,0,1,1,1,Attack
 2/1/2016 11:55:33 AM,2.577907,502.3568,2,2,1,170.0846,8.6217,303.4094,2.455131,2,2,1,2,1,2,1,20.26378,2.196201,832.2786,1,2,1,1,1,2,148.8032,203.6145,0,889.3873,1,2,1,1,1,8.171815,180.6716,247.9492,18.95668,1.219815,0.8450109,0.3368435,0,1,1,166.0952,0,135.1096,0,1,1,1,Attack
 2/1/2016 11:55:34 AM,2.582711,502.8671,2,2,1,170.0846,8.6217,303.4094,2.455131,2,2,1,2,1,2,1,20.26378,2.196201,832.2786,1,2,1,1,1,2,148.8032,204.1784,0,889.5796,1,2,1,1,1,8.172456,181.2612,248.0774,18.95668,1.219815,0.8386064,0.3374836,0,1,1,166.0952,0,135.1096,0,1,1,1,Attack
 2/1/2016 11:55:35 AM,2.582711,503.1026,2,2,1,170.0846,8.6217,303.4094,2.455131,2,2,1,2,1,2,1,20.25098,2.196201,832.5991,1,2,1,1,1,2,148.8032,204.5373,0,889.7719,1,2,1,1,1,8.17534,181.2612,248.0774,18.95668,1.219815,0.8366851,0.3386359,0,1,1,166.0952,0,135.1577,0,1,1,1,Attack
 2/1/2016 11:55:36 AM,2.582711,503.3381,2,2,1,170.0846,8.6217,303.4094,2.455131,2,2,1,2,1,2,1,20.24457,2.196201,832.3987,1,2,1,1,1,2,148.8032,204.768,0,890.1564,1,2,1,1,1,8.177903,181.5945,248.0774,18.95668,1.219815,0.8366851,0.3386359,0,1,1,166.0952,0,135.3018,0,1,1,1,Attack
 2/1/2016 11:55:37 AM,2.586875,503.2989,2,2,1,170.0846,8.6217,303.4094,2.455131,2,2,1,2,1,2,1,20.15814,2.196201,832.5991,1,2,1,1,1,2,148.8032,205.05,0,890.0026,1,2,1,1,1,8.179505,182.0559,248.1415,18.95668,1.219815,0.8366851,0.3386359,0,1,1,166.0952,0,135.3018,0,1,1,1,Attack
 2/1/2016 11:55:38 AM,2.586875,503.4559,2,2,1,170.0846,8.6217,303.4094,2.457053,2,2,1,2,1,2,1,20.15814,2.194536,832.4388,1,2,1,1,1,2,148.8032,205.537,0,890.1948,1,2,1,1,1,8.183351,182.3379,248.1415,18.95668,1.219815,0.8414244,0.3386359,0,1,1,166.0952,0,135.3018,0,1,1,1,Attack
 2/1/2016 11:55:39 AM,2.578868,503.7307,2,2,1,170.0846,8.6217,303.4094,2.457053,2,2,1,2,1,2,1,20.13573,2.194536,832.6791,1,2,1,1,1,2,148.8032,205.819,0,890.2333,1,2,1,1,1,8.184632,182.6711,248.1415,18.95668,1.219815,0.8484693,0.3386359,0,1,1,166.0472,0,135.1416,0,1,1,1,Attack
 2/1/2016 11:55:40 AM,2.575986,504.0447,2,2,1,170.0846,8.6217,303.4094,2.455515,2,2,1,2,1,2,1,20.23177,2.194536,832.5991,1,2,1,1,1,2,148.8032,206.2292,0,890.1564,1,2,1,1,1,8.187516,182.9275,248.1415,18.76442,1.219815,0.8501345,0.3386359,0,1,1,165.8549,0,135.1416,0,1,1,1,Attack
 2/1/2016 11:55:41 AM,2.572463,503.8877,2,2,1,170.0846,8.6217,303.4094,2.455515,2,2,1,2,1,2,1,20.23177,2.196073,832.1985,1,2,1,1,1,2,148.8032,206.5624,0,889.8488,1,2,1,1,1,8.188157,183.0556,248.1415,18.76442,1.219815,0.8625593,0.3386359,0,1,1,165.8549,0,135.1416,0,1,1,1,Attack
 2/1/2016 11:55:42 AM,2.572463,503.7307,2,2,1,170.0846,8.6217,303.5376,2.455515,2,2,1,2,1,2,1,20.23177,2.196073,832.0783,1,2,1,1,1,2,148.8032,206.9726,0,889.9257,1,2,1,1,1,8.192643,183.4914,248.1415,18.68752,1.219815,0.8680671,0.3386359,0,1,1,165.903,0,135.1416,0,1,1,1,Attack
 2/1/2016 11:55:43 AM,2.572463,503.5344,2,2,1,170.0846,8.622341,303.5376,2.457694,2,2,1,2,1,2,1,20.23177,2.196073,832.2385,1,2,1,1,1,2,148.8032,207.2289,0,889.9641,1,2,1,1,1,8.194566,183.7734,248.1415,18.68752,1.219815,0.8680671,0.3386359,0,1,1,165.9991,0,135.1416,0,1,1,1,Attack
 2/1/2016 11:55:44 AM,2.575665,503.5344,2,2,1,170.0846,8.622341,303.5376,2.457694,2,2,1,2,1,2,1,20.26058,2.196073,831.9982,1,2,1,1,1,2,148.8032,207.6647,0,890.2333,1,2,1,1,1,8.194566,183.7734,248.1415,18.64907,1.219815,0.8503907,0.3385078,0,1,1,165.9991,0,135.1096,0,1,1,1,Attack
 2/1/2016 11:55:45 AM,2.579188,503.4559,2,2,1,170.0846,8.622341,303.5376,2.457694,2,2,1,2,1,2,1,20.29579,2.196073,832.2786,1,2,1,1,1,2,148.8032,207.7929,0,890.3102,1,2,1,1,1,8.195527,184.3886,248.1415,18.45681,1.219815,0.8420649,0.3376116,0,1,1,165.9991,0,134.9814,0,1,1,1,Attack
 2/1/2016 11:55:46 AM,2.579188,503.3381,2,2,1,170.0846,8.622341,303.5376,2.455515,2,2,1,2,1,2,1,20.29579,2.196073,832.0783,1,2,1,1,1,2,148.8032,208.4337,0,890.3102,1,2,1,1,1,8.201295,184.5424,248.1415,18.45681,1.219815,0.8296401,0.3376116,0,1,1,165.919,0,134.9814,0,1,1,1,Attack
 2/1/2016 11:55:47 AM,2.579188,503.1418,2,2,1,170.0846,8.622341,303.5376,2.455259,2,2,1,2,1,2,1,20.25418,2.196073,832.2786,1,2,1,1,1,2,148.8032,208.5619,0,890.887,1,2,1,1,1,8.201295,184.9013,248.3338,18.45681,1.219815,0.8186243,0.3376116,0,1,1,165.919,0,134.9814,0,1,1,1,Attack
 2/1/2016 11:55:48 AM,2.579188,503.0241,2,2,1,170.0846,8.622341,303.5376,2.455259,2,2,1,2,1,2,1,20.20296,2.196073,832.4789,1,2,1,1,1,2,148.8032,209.049,0,891.4637,1,2,1,1,1,8.201295,185.3115,248.5901,18.45681,1.2202,0.8336109,0.3385078,0,1,1,165.919,0,135.1416,0,1,1,1,Attack
 2/1/2016 11:55:49 AM,2.579188,503.2989,2,2,1,170.0846,8.622341,303.5376,2.454234,2,2,1,2,1,2,1,20.20296,2.195305,832.2786,1,2,1,1,1,2,148.8032,209.3309,0,891.7329,1,2,1,1,1,8.205461,185.5678,248.5901,18.45681,1.2202,0.8444985,0.3372276,0,1,1,165.919,0,135.1416,0,1,1,1,Attack
 2/1/2016 11:55:50 AM,2.585274,503.4951,2,2,1,170.0846,8.622341,303.5376,2.453978,2,2,1,2,1,2,1,20.20296,2.194152,832.7593,1,2,1,1,1,2,148.8032,209.5104,0,892.2328,1,2,1,1,1,8.205461,185.7729,248.3978,18.303,1.2202,0.8580761,0.3367154,0,1,1,165.919,0,135.1416,0,1,1,1,Attack
 2/1/2016 11:55:51 AM,2.586555,503.8091,2,2,1,170.0846,8.622341,303.5376,2.453849,2,2,1,2,1,2,1,20.20296,2.194152,832.5991,1,2,1,1,1,2,148.8032,209.8949,0,892.3097,1,2,1,1,1,8.207704,186.1574,248.3978,18.2261,1.2202,0.8676829,0.3367154,0,1,1,165.919,0,134.8212,0,1,1,1,Attack
 2/1/2016 11:55:52 AM,2.586555,504.3194,2,2,1,170.0846,8.622341,303.5376,2.453849,2,2,1,2,1,2,1,20.24778,2.195561,832.8794,1,2,1,1,1,2,148.8032,210.382,0,892.5403,1,2,1,1,1,8.208985,186.1574,248.3978,18.2261,1.2202,0.8676829,0.3381237,0,1,1,165.919,0,134.8212,0,1,1,1,Attack
 2/1/2016 11:55:53 AM,2.582711,504.6727,2,2,1,170.0846,8.622341,303.5376,2.454875,2,2,1,2,1,2,1,20.24778,2.196073,832.8394,1,2,1,1,1,2,148.8032,210.5614,0,892.6942,1,2,1,1,1,8.210266,186.5932,248.3978,18.2261,1.2202,0.8489817,0.3381237,0,1,1,165.919,0,134.8212,0,1,1,1,Attack
 2/1/2016 11:55:54 AM,2.582711,504.4372,2,2,1,170.0846,8.622341,303.5376,2.454875,2,2,1,2,1,2,1,20.21256,2.196073,832.9996,1,2,1,1,1,2,148.8032,210.9715,0,893.0402,1,2,1,1,1,8.216354,187.029,248.3978,18.2261,1.222635,0.8391188,0.3365874,0,1,1,165.919,0,134.9814,0,1,1,1,Attack
 2/1/2016 11:55:55 AM,2.582711,504.1232,2,2,1,170.0846,8.618816,303.5376,2.455131,2,2,1,2,1,2,1,20.19656,2.196073,832.9996,1,2,1,1,1,2,148.8032,211.2535,0,893.2325,1,2,1,1,1,8.216354,187.2853,248.3978,18.2261,1.222635,0.829512,0.3365874,0,1,1,165.919,0,134.9974,0,1,1,1,Attack
 2/1/2016 11:55:56 AM,2.582711,504.0839,2,2,1,170.0846,8.618816,303.3325,2.456156,2,2,1,2,1,2,1,20.19656,2.197867,833.1998,1,2,1,1,1,2,148.8032,211.715,0,893.8093,1,2,1,1,1,8.216354,187.6698,248.3978,18.2261,1.219303,0.8282311,0.3365874,0,1,1,165.5665,0,134.6289,0,1,1,1,Attack
 2/1/2016 11:55:57 AM,2.582711,503.9269,2,2,1,170.0846,8.618816,303.3325,2.456156,2,2,1,2,1,2,1,20.19656,2.197867,833.4001,1,2,1,1,1,2,148.8032,211.7919,0,893.7708,1,2,1,1,1,8.216354,187.7467,248.3978,18.2261,1.219303,0.8282311,0.3382518,0,1,1,165.4544,0,134.6129,0,1,1,1,Attack
 2/1/2016 11:55:58 AM,2.577587,503.5344,2,2,1,170.0846,8.6217,303.3325,2.456156,2,2,1,2,1,2,1,20.19656,2.197867,833.1598,1,2,1,1,1,2,148.8032,212.2789,0,894.0015,1,2,1,1,1,8.216354,188.1825,248.3978,18.2261,1.22302,0.8455232,0.3382518,0,1,1,165.4544,0,134.6129,0,1,1,1,Attack
 2/1/2016 11:55:59 AM,2.575986,503.0241,2,2,1,170.0846,8.622662,303.3325,2.456156,2,2,1,2,1,2,1,20.14854,2.197867,833.5603,1,2,1,1,1,2,148.8032,212.2789,0,894.0784,1,2,1,1,1,8.219559,188.362,248.5901,17.84158,1.22302,0.856539,0.3382518,0,1,1,165.5986,0,134.6129,0,1,1,1,Attack
 2/1/2016 11:56:00 AM,2.575986,502.6708,2,2,1,170.0846,8.623623,303.3325,2.454875,2,2,1,2,1,2,1,20.14213,2.197867,833.1598,1,2,1,1,1,2,148.8032,212.8685,0,894.6168,1,2,1,1,1,8.223404,188.849,248.5901,17.84158,1.22302,0.8570514,0.3382518,0,1,1,165.7588,0,134.9494,0,1,1,1,Attack
 2/1/2016 11:56:01 AM,2.570861,502.7493,2,2,1,170.0846,8.623623,303.3325,2.454875,2,2,1,2,1,2,1,20.14213,2.197867,833.1598,1,2,1,1,1,2,148.8032,212.8685,0,894.5783,1,2,1,1,1,8.223404,188.849,248.5901,17.84158,1.221225,0.8566671,0.3382518,0,1,1,165.7588,0,134.9494,0,1,1,1,Attack
 2/1/2016 11:56:02 AM,2.568299,502.3175,2,2,1,170.0846,8.625225,303.3325,2.454875,2,2,1,2,1,2,1,20.14213,2.197867,833.0797,1,2,1,1,1,2,148.8032,213.0223,0,894.9244,1,2,1,1,1,8.223404,189.2592,248.5901,17.84158,1.221225,0.8373255,0.3382518,0,1,1,165.7588,0,134.709,0,1,1,1,Attack
 2/1/2016 11:56:03 AM,2.571182,502.6708,2,2,1,170.0846,8.625225,303.3325,2.454875,2,2,1,2,1,2,1,20.14213,2.197867,833.0797,1,2,1,1,1,2,148.8032,213.253,0,895.0013,1,2,1,1,1,8.226288,189.5155,248.5901,17.84158,1.223789,0.8151659,0.3382518,0,1,1,165.6626,0,134.709,0,1,1,1,Attack
 2/1/2016 11:56:04 AM,2.571182,502.6316,2,2,1,170.0846,8.625225,303.3325,2.455515,2,2,1,2,1,2,1,20.18375,2.197867,833.0396,1,2,1,1,1,2,148.8032,213.253,0,895.1551,1,2,1,1,1,8.226288,189.6693,248.5901,17.84158,1.22443,0.8102984,0.3382518,0,1,1,165.6626,0,134.709,0,1,1,1,Attack
 2/1/2016 11:56:05 AM,2.572463,502.7101,2,2,1,170.0846,8.625225,303.3325,2.457438,2,2,1,2,1,2,1,20.21576,2.196714,833.5603,1,2,1,1,1,2,148.8032,213.5863,0,895.3474,1,2,1,1,1,8.22757,190.0538,248.5901,17.84158,1.22443,0.8094018,0.3382518,0,1,1,165.6626,0,134.709,0,1,1,1,Attack
 2/1/2016 11:56:06 AM,2.572463,502.3568,2,2,1,170.0846,8.625225,303.3325,2.457438,2,2,1,2,1,2,1,20.22217,2.195817,833.0396,1,2,1,1,1,2,148.8032,213.6632,0,895.5396,1,2,1,1,1,8.22789,190.2845,248.5901,17.84158,1.22443,0.8254131,0.3382518,0,1,1,165.9991,0,135.0615,0,1,1,1,Attack
 2/1/2016 11:56:07 AM,2.568939,502.3175,2,2,1,170.0846,8.625225,303.3325,2.457438,2,2,1,2,1,2,1,20.23817,2.195305,833.2399,1,2,1,1,1,2,148.8032,213.6632,0,895.5781,1,2,1,1,1,8.231094,190.4896,248.5901,17.84158,1.22443,0.8360446,0.3382518,0,1,1,166.0632,0,135.0615,0,1,1,1,Attack
 2/1/2016 11:56:08 AM,2.564776,501.925,2,2,1,170.0846,8.625225,303.3325,2.457438,2,2,1,2,1,2,1,20.25418,2.195305,833.4001,1,2,1,1,1,2,148.8032,213.6632,0,895.5012,1,2,1,1,1,8.231094,190.746,248.5901,17.84158,1.22443,0.8374536,0.3369715,0,1,1,165.7428,0,134.661,0,1,1,1,Attack
 2/1/2016 11:56:09 AM,2.559331,502.0428,2,2,1,170.0846,8.622021,303.3325,2.457438,2,2,1,2,1,2,1,20.25418,2.195305,832.7993,1,2,1,1,1,2,148.8032,214.2015,0,895.6165,1,2,1,1,1,8.232697,191.0536,248.5901,17.84158,1.22443,0.8462918,0.3369715,0,1,1,165.5345,0,134.661,0,1,1,1,Attack
 2/1/2016 11:56:10 AM,2.559331,501.5717,2,2,1,170.0846,8.622021,303.3325,2.458976,2,2,1,2,1,2,1,20.25418,2.195305,833.0396,1,2,1,1,1,2,148.8032,214.4066,0,895.5781,1,2,1,1,1,8.233978,191.4637,248.5901,17.84158,1.22443,0.8471884,0.3369715,0,1,1,165.5345,0,134.661,0,1,1,1,Attack
 2/1/2016 11:56:11 AM,2.559331,501.6502,2,2,1,170.0846,8.622021,303.3325,2.458976,2,2,1,2,1,2,1,20.25418,2.195305,833.28,1,2,1,1,1,2,148.8032,214.4066,0,896.001,1,2,1,1,1,8.233978,191.4637,248.5901,17.84158,1.22443,0.8375817,0.3369715,0,1,1,165.6787,0,134.661,0,1,1,1,Attack
 2/1/2016 11:56:12 AM,2.559331,501.8858,2,2,1,170.0846,8.622021,303.3325,2.458976,2,2,1,2,1,2,1,20.21576,2.195305,832.9996,1,2,1,1,1,2,148.8032,214.9705,0,896.0779,1,2,1,1,1,8.236221,192.0533,248.7503,17.84158,1.22443,0.8375817,0.3369715,0,1,1,165.8869,0,134.7571,0,1,1,1,Attack
 2/1/2016 11:56:13 AM,2.555168,502.0428,2,2,1,170.0846,8.622662,303.3325,2.458976,2,2,1,2,1,2,1,20.21576,2.195305,833.2399,1,2,1,1,1,2,148.8032,215.3294,0,896.1164,1,2,1,1,1,8.237823,192.0789,248.9105,17.84158,1.22443,0.8433457,0.3373556,0,1,1,165.8869,0,134.9173,0,1,1,1,Attack
 2/1/2016 11:56:14 AM,2.555168,502.0428,2,2,1,170.0846,8.622662,303.3325,2.457566,2,2,1,2,1,2,1,20.21576,2.197226,833.4802,1,2,1,1,1,2,148.8032,215.7395,0,895.8857,1,2,1,1,1,8.237823,192.566,248.9105,17.84158,1.22443,0.8375817,0.3373556,0,1,1,165.5024,0,134.6289,0,1,1,1,Attack
 2/1/2016 11:56:15 AM,2.555168,502.1213,2,2,1,170.0846,8.622662,303.3325,2.457566,2,2,1,2,1,2,1,20.21576,2.197226,833.28,1,2,1,1,1,2,148.8032,215.8934,0,895.8088,1,2,1,1,1,8.240707,192.7455,248.9105,17.84158,1.22443,0.8483412,0.3373556,0,1,1,165.3743,0,134.4527,0,1,1,1,Attack
 2/1/2016 11:56:16 AM,2.555168,502.1213,2,2,1,170.0846,8.622662,303.3325,2.457566,2,2,1,2,1,2,1,20.26058,2.197226,832.8394,1,2,1,1,1,2,148.8032,216.5086,0,895.8857,1,2,1,1,1,8.240707,192.9249,248.9105,17.84158,1.22443,0.8464199,0.3373556,0,1,1,165.3743,0,134.4527,0,1,1,1,Attack
 2/1/2016 11:56:17 AM,2.55837,502.239,2,2,1,170.0846,8.622662,303.3325,2.455003,2,2,1,2,1,2,1,20.26058,2.196586,832.8394,1,2,1,1,1,2,148.8032,216.8418,0,895.7703,1,2,1,1,1,8.240707,193.2581,248.9105,17.84158,1.22443,0.8406559,0.3373556,0,1,1,165.3743,0,134.4527,0,1,1,1,Attack
 2/1/2016 11:56:18 AM,2.55837,502.2783,2,2,1,170.0846,8.622662,303.3325,2.455003,2,2,1,2,1,2,1,20.26698,2.196073,833.2399,1,2,1,1,1,2,148.8032,217.2776,0,895.8088,1,2,1,1,1,8.243912,193.3863,248.9105,17.84158,1.223148,0.8433457,0.3368435,0,1,1,165.5826,0,134.5809,0,1,1,1,Attack
 2/1/2016 11:56:19 AM,2.55837,502.2783,2,2,1,170.0846,8.622662,303.3325,2.455003,2,2,1,2,1,2,1,20.26698,2.196073,833.2399,1,2,1,1,1,2,148.8032,217.2776,0,895.8088,1,2,1,1,1,8.243912,193.3863,248.9105,17.84158,1.223148,0.8433457,0.3368435,0,1,1,165.5826,0,134.5809,0,1,1,1,Attack
 2/1/2016 11:56:20 AM,2.553246,502.4745,2,2,1,170.0846,8.6217,303.3325,2.458078,2,2,1,2,1,2,1,20.26698,2.196073,833.4001,1,2,1,1,1,2,148.8032,217.4827,0,896.0779,1,2,1,1,1,8.243912,193.8221,248.9105,17.34171,1.221482,0.8386064,0.3368435,0,1,1,165.5826,0,134.709,0,1,1,1,Attack
 2/1/2016 11:56:21 AM,2.553246,502.239,2,2,1,170.0846,8.6217,303.3325,2.458078,2,2,1,2,1,2,1,20.26698,2.196073,833.0797,1,2,1,1,1,2,148.8032,217.9185,0,896.1164,1,2,1,1,1,8.247437,193.899,248.9105,17.34171,1.221225,0.8369412,0.3368435,0,1,1,165.5826,0,134.5008,0,1,1,1,Attack
 2/1/2016 11:56:22 AM,2.547481,502.4745,2,2,1,170.0846,8.6217,303.3325,2.458078,2,2,1,2,1,2,1,20.28619,2.196073,833.1998,1,2,1,1,1,2,148.8032,218.2517,0,896.1933,1,2,1,1,1,8.247437,194.3604,248.9105,17.88003,1.2202,0.8275906,0.3368435,0,1,1,165.5345,0,134.4687,0,1,1,1,Attack
 2/1/2016 11:56:23 AM,2.542677,502.5138,2,2,1,170.0846,8.6217,303.3325,2.458463,2,2,1,2,1,2,1,20.28619,2.196073,833.1998,1,2,1,1,1,2,148.8032,218.7901,0,896.6547,1,2,1,1,1,8.247437,194.5911,248.9105,17.88003,1.2202,0.8177277,0.3355632,0,1,1,165.5345,0,134.4687,0,1,1,1,Attack
 2/1/2016 11:56:24 AM,2.535311,502.5531,2,2,1,170.0846,8.6217,303.3325,2.460385,2,2,1,2,1,2,1,20.27659,2.196073,833.4402,1,2,1,1,1,2,148.8032,218.9695,0,896.7316,1,2,1,1,1,8.247437,194.7449,248.9105,17.72622,1.220585,0.819649,0.3355632,0,1,1,165.6146,0,134.661,0,1,1,1,Attack
 2/1/2016 11:56:25 AM,2.532428,502.239,2,2,1,170.0846,8.6217,303.3325,2.460385,2,2,1,2,1,2,1,20.24778,2.196073,833.5603,1,2,1,1,1,2,148.8032,219.2771,0,896.847,1,2,1,1,1,8.248398,195.0269,248.9105,17.61087,1.222763,0.8272064,0.3355632,0,1,1,165.9671,0,134.8693,0,1,1,1,Attack
 2/1/2016 11:56:26 AM,2.532108,502.4353,2,2,1,170.0846,8.6217,303.3325,2.460385,2,2,1,2,1,2,1,20.24778,2.196073,833.6805,1,2,1,1,1,2,148.8032,219.4053,0,897.0392,1,2,1,1,1,8.252243,195.0269,248.9105,17.61087,1.224686,0.8368132,0.3355632,0,1,1,165.9671,0,134.8693,0,1,1,1,Attack
 2/1/2016 11:56:27 AM,2.538833,502.3568,2,2,1,170.0846,8.6217,303.5376,2.460385,2,2,1,2,1,2,1,20.24778,2.196073,834.041,1,2,1,1,1,2,148.8032,219.8411,0,897.27,1,2,1,1,1,8.252243,195.3089,248.9105,17.49551,1.224686,0.8382221,0.3368435,0,1,1,165.5986,0,134.5488,0,1,1,1,Attack
 2/1/2016 11:56:28 AM,2.542677,502.0428,2,2,1,170.0846,8.621059,303.5376,2.460385,2,2,1,2,1,2,1,20.22857,2.196073,834.0009,1,2,1,1,1,2,148.8032,220.123,0,897.6544,1,2,1,1,1,8.252243,195.5652,249.231,17.30326,1.224686,0.8382221,0.3359473,0,1,1,165.5185,0,134.5488,0,1,1,1,Attack
 2/1/2016 11:56:29 AM,2.548762,501.8858,2,2,1,170.0846,8.621059,303.5376,2.460385,2,2,1,2,1,2,1,20.21896,2.196073,834.2012,1,2,1,1,1,2,148.8032,220.4563,0,898.0774,1,2,1,1,1,8.252243,195.5652,249.231,17.30326,1.224686,0.8382221,0.3359473,0,1,1,165.5185,0,134.5488,0,1,1,1,Attack
 2/1/2016 11:56:30 AM,2.550043,502.1605,2,2,1,170.0846,8.621059,303.5376,2.458976,2,2,1,2,1,2,1,20.21896,2.196073,834.081,1,2,1,1,1,2,148.8032,220.7126,0,898.0774,1,2,1,1,1,8.252243,195.6678,249.231,17.30326,1.224686,0.8366851,0.3376116,0,1,1,165.5185,0,134.5488,0,1,1,1,Attack
 2/1/2016 11:56:31 AM,2.550043,502.239,2,2,1,170.0846,8.621059,303.5119,2.458719,2,2,1,2,1,2,1,20.18695,2.196073,834.4415,1,2,1,1,1,2,148.8032,220.8664,0,898.4235,1,2,1,1,1,8.252243,196.001,249.231,17.30326,1.224686,0.8439862,0.3381237,0,1,1,165.5345,0,134.5488,0,1,1,1,Attack
 2/1/2016 11:56:32 AM,2.550043,502.1213,2,2,1,170.0846,8.621059,303.4607,2.456925,2,2,1,2,1,2,1,20.18695,2.196073,834.2012,1,2,1,1,1,2,148.8032,221.1484,0,898.8849,1,2,1,1,1,8.254166,196.001,249.231,17.30326,1.224686,0.8411682,0.3381237,0,1,1,165.7267,0,134.5969,0,1,1,1,Attack
 2/1/2016 11:56:33 AM,2.550043,502.2783,2,2,1,170.0846,8.621059,303.4094,2.456925,2,2,1,2,1,2,1,20.18695,2.196073,834.3614,1,2,1,1,1,2,148.8032,221.4817,0,899.2694,1,2,1,1,1,8.255127,196.001,249.231,17.30326,1.223789,0.8478289,0.3381237,0,1,1,165.7267,0,134.5969,0,1,1,1,Attack
 2/1/2016 11:56:34 AM,2.542677,502.239,2,2,1,170.0846,8.621059,303.4094,2.456156,2,2,1,2,1,2,1,20.18695,2.196073,834.3614,1,2,1,1,1,2,148.8032,221.5842,0,899.6155,1,2,1,1,1,8.255127,196.3855,249.231,17.30326,1.223276,0.8573076,0.3381237,0,1,1,165.7267,0,134.5969,0,1,1,1,Attack
 2/1/2016 11:56:35 AM,2.537552,502.5138,2,2,1,170.0846,8.621059,303.4094,2.454618,2,2,1,2,1,2,1,20.19976,2.197226,834.3614,1,2,1,1,1,2,148.8032,222.0456,0,899.6924,1,2,1,1,1,8.255127,196.565,249.231,16.95719,1.223276,0.8624312,0.3381237,0,1,1,165.7267,0,134.5969,0,1,1,1,Attack
 2/1/2016 11:56:36 AM,2.536912,502.0428,2,2,1,170.0846,8.621059,303.4094,2.454618,2,2,1,2,1,2,1,20.19976,2.197226,834.5616,1,2,1,1,1,2,148.8032,222.3532,0,899.8846,1,2,1,1,1,8.255127,196.6932,249.231,16.95719,1.223276,0.8696042,0.3381237,0,1,1,165.8549,0,134.6289,0,1,1,1,Attack
 2/1/2016 11:56:37 AM,2.532108,502.1213,2,2,1,170.0846,8.621059,303.4094,2.455643,2,2,1,2,1,2,1,20.15814,2.196073,834.041,1,2,1,1,1,2,148.8032,222.5327,0,900.2692,1,2,1,1,1,8.255127,197.1033,249.231,16.95719,1.223276,0.8783144,0.3381237,0,1,1,165.919,0,134.9494,0,1,1,1,Attack
 2/1/2016 11:56:38 AM,2.532108,502.2783,2,2,1,170.0846,8.621059,303.4094,2.455643,2,2,1,2,1,2,1,20.15814,2.195561,833.8807,1,2,1,1,1,2,148.8032,222.7634,0,900.6152,1,2,1,1,1,8.255768,197.3084,249.231,16.95719,1.223276,0.8696042,0.3374836,0,1,1,165.9671,0,134.9494,0,1,1,1,Attack
