 28/12/2015 12:00:55 PM,2.518656,508.5587,2,2,1,263.4581,6,330.0436,2.440265,2,1,1,1,1,2,1,19.67796,2.21324,859.1147,1,2,1,1,1,2,148.808,155.1653,1.721975,904.1143,1,2,1,1,2,7.869969,144.7578,261.888,12.30454,1.735837,1.272832,0.7353967,0.3065048,2,1,249.5354,1.746067,188.5414,0.000128152,1,1,1,Attack
 28/12/2015 12:00:56 PM,2.519297,508.912,2,2,1,263.4581,6,330.0436,2.440265,2,1,1,1,1,2,1,19.63634,2.21324,859.355,1,2,1,1,1,2,148.808,155.1653,1.724282,904.2681,1,2,1,1,2,7.869969,144.7578,261.888,12.30454,1.734427,1.277443,0.7353967,0.3065048,2,1,249.5354,1.746067,188.5414,0.000128152,1,1,1,Attack
 28/12/2015 12:00:57 PM,2.519297,508.7158,2,2,1,263.4581,6,330.0436,2.442444,2,1,1,1,1,2,1,19.62354,2.21324,859.6354,1,2,1,1,1,2,148.808,155.1653,1.725179,904.4604,1,2,1,1,2,7.869969,144.7578,261.888,12.30454,1.734427,1.275138,0.7353967,0.3065048,2,1,249.5354,1.746067,188.5414,0.000128152,1,1,1,Attack
 28/12/2015 12:00:58 PM,2.515453,508.441,2,2,1,263.4581,6,330.0436,2.4427,2,1,1,1,1,2,1,19.62354,2.21324,859.7556,1,2,1,1,1,2,148.808,155.1653,1.725179,904.4219,1,2,1,1,2,7.869969,144.7578,261.888,12.30454,1.733145,1.261688,0.7353967,0.3065048,2,1,249.5354,1.746067,188.285,0.000128152,1,1,1,Attack
 28/12/2015 12:00:59 PM,2.510649,508.5587,2,2,1,263.4581,6,330.0436,2.4427,2,1,1,1,1,2,1,19.62354,2.21324,860.076,1,2,1,1,1,2,148.808,155.1653,1.725179,904.3835,1,2,1,1,2,7.869969,144.7578,261.888,12.30454,1.731992,1.269502,0.7353967,0.3065048,2,1,249.279,1.746067,188.1409,0.000128152,1,1,1,Attack
 28/12/2015 12:01:00 PM,2.510649,508.0485,2,2,1,263.4581,6,330.0436,2.4427,2,1,1,1,1,2,1,19.66195,2.211575,860.2762,1,2,1,1,1,2,148.808,155.1653,1.721847,904.8065,1,2,1,1,2,7.869969,144.7578,261.888,12.30454,1.731992,1.28167,0.7353967,0.3081703,2,1,249.1829,1.617916,188.1409,0.000128152,1,1,1,Attack
 28/12/2015 12:01:01 PM,2.512891,507.8522,2,2,1,263.4581,6,330.0436,2.4427,2,1,1,1,1,2,1,19.66195,2.210037,860.5566,1,2,1,1,1,2,148.808,155.1653,1.721847,904.8834,1,2,1,1,2,7.869969,144.7578,261.888,12.30454,1.731223,1.282311,0.7353967,0.3081703,2,1,249.0547,1.617916,188.1409,0.000128152,1,1,1,Attack
 28/12/2015 12:01:02 PM,2.521859,507.8522,2,2,1,263.4581,6,330.0436,2.4427,2,1,1,1,1,2,1,19.71637,2.210037,860.5165,1,2,1,1,1,2,148.808,155.1653,1.721847,905.191,1,2,1,1,2,7.869969,144.7578,261.888,12.30454,1.731223,1.291405,0.7353967,0.3081703,2,1,249.0387,1.617916,188.1409,0.000128152,1,1,1,Attack
 28/12/2015 12:01:03 PM,2.521859,507.6559,2,2,1,263.4581,6,330.0436,2.4427,2,1,1,1,1,2,1,19.71637,2.210037,860.9572,1,2,1,1,1,2,148.808,155.1653,1.721847,904.9603,1,2,1,1,2,7.869969,144.7578,261.888,12.30454,1.731223,1.282567,0.7353967,0.3081703,2,1,249.0387,1.69801,188.1409,0.000128152,1,1,1,Attack
 28/12/2015 12:01:04 PM,2.521859,507.4597,2,2,1,263.4581,6,330.0436,2.4427,2,1,1,1,1,2,1,19.71637,2.210037,860.9171,1,2,1,1,1,2,148.808,155.1653,1.721847,905.3448,1,2,1,1,2,7.869969,144.7578,261.888,12.30454,1.731223,1.271935,0.7353967,0.3081703,2,1,249.0387,1.730048,188.1409,0.000128152,1,1,1,Attack
 28/12/2015 12:01:05 PM,2.516094,507.2242,2,2,1,263.4581,6,330.0436,2.442188,2,1,1,1,1,2,1,19.71637,2.210037,861.2375,1,2,1,1,1,2,148.808,155.1653,1.721847,905.4217,1,2,1,1,2,7.869969,144.9628,261.888,12.30454,1.731223,1.281286,0.7353967,0.3084905,2,1,249.0387,1.730048,188.1409,0.000128152,1,1,1,Attack
 28/12/2015 12:01:06 PM,2.513211,507.4204,2,2,1,263.4581,6,330.0436,2.440137,2,1,1,1,1,2,1,19.68756,2.210037,861.3577,1,2,1,1,1,2,148.808,155.1653,1.721847,905.1525,1,2,1,1,2,7.869969,144.9628,261.888,12.30454,1.731223,1.30114,0.7353967,0.3084905,2,1,249.0387,1.730048,188.1409,0.000128152,1,1,1,Attack
 28/12/2015 12:01:07 PM,2.513211,507.4204,2,2,1,263.4581,6,330.0436,2.440137,2,1,1,1,1,2,1,19.66195,2.210037,861.2776,1,2,1,1,1,2,148.808,155.1653,1.721847,905.537,1,2,1,1,2,7.869969,144.9628,261.888,12.30454,1.731223,1.30178,0.7353967,0.3084905,2,1,249.215,1.730048,188.1409,0.000128152,1,1,1,Attack
 28/12/2015 12:01:08 PM,2.520898,507.7737,2,2,1,263.4581,6,330.0436,2.440137,2,1,1,1,1,2,1,19.65235,2.210037,861.3176,1,2,1,1,1,2,148.808,155.1653,1.724794,905.5755,1,2,1,1,2,7.869969,144.9628,261.888,12.30454,1.734299,1.290509,0.7353967,0.3084905,2,1,249.279,1.730048,188.1409,0.000128152,1,1,1,Attack
 28/12/2015 12:01:09 PM,2.52314,508.0092,2,2,1,263.4581,6,330.0436,2.440137,2,1,1,1,1,2,1,19.65235,2.212728,861.3577,1,2,1,1,1,2,148.808,155.3448,1.724794,905.5755,1,2,1,1,2,7.869969,144.9628,261.888,12.07383,1.734299,1.277059,0.7353967,0.3084265,2,1,249.279,1.730048,188.3652,0.000128152,1,1,1,Attack
 28/12/2015 12:01:10 PM,2.52314,508.0092,2,2,1,263.4581,6,330.0436,2.440137,2,1,1,1,1,2,1,19.67796,2.213881,861.3176,1,2,1,1,1,2,148.808,155.3448,1.724794,905.96,1,2,1,1,2,7.869969,144.9628,261.888,12.07383,1.734299,1.271935,0.7353967,0.3068251,2,1,249.279,1.730048,188.3652,0.000128152,1,1,1,Attack
 28/12/2015 12:01:11 PM,2.515453,507.8522,2,2,1,263.4581,6,330.0436,2.440137,2,1,1,1,1,2,1,19.67796,2.213881,861.3577,1,2,1,1,1,2,148.808,155.3448,1.724794,905.96,1,2,1,1,2,7.870931,144.9116,261.888,12.07383,1.734299,1.271423,0.7353967,0.3065048,2,1,249.279,1.730048,188.3652,0.000128152,1,1,1,Attack
 28/12/2015 12:01:12 PM,2.51193,508.1662,2,2,1,263.4581,6,330.0436,2.440137,2,1,1,1,1,2,1,19.67796,2.215162,861.3577,1,2,1,1,1,2,148.808,155.3448,1.724794,906.0369,1,2,1,1,2,7.870931,144.9116,261.888,12.07383,1.734299,1.267068,0.7353967,0.3065048,2,1,249.4553,1.778105,188.3652,0.000128152,1,1,1,Attack
 28/12/2015 12:01:13 PM,2.506485,508.1662,2,2,1,263.4581,6,330.0436,2.440137,2,1,1,1,1,2,1,19.62354,2.215546,861.3577,1,2,1,1,1,2,148.808,155.3448,1.724794,905.9985,1,2,1,1,2,7.870931,144.9116,261.888,12.22763,1.734299,1.261048,0.7353967,0.3065048,2,1,249.5033,1.826162,188.3652,0.000128152,1,1,1,Attack
 28/12/2015 12:01:14 PM,2.506485,508.2447,2,2,1,263.4581,6,330.0436,2.440137,2,1,1,1,1,2,1,19.58192,2.215546,861.0773,1,2,1,1,1,2,148.808,155.3448,1.724794,905.9985,1,2,1,1,2,7.870931,144.9116,261.888,12.22763,1.734299,1.261048,0.7353967,0.3065048,2,1,249.5033,1.826162,188.3652,0.000128152,1,1,1,Attack
 28/12/2015 12:01:15 PM,2.513532,508.0092,2,2,1,263.4581,6,330.0436,2.440137,2,1,1,1,1,2,1,19.58192,2.215546,861.2375,1,2,1,1,1,2,148.808,155.3448,1.724794,906.1523,1,2,1,1,2,7.870931,144.9116,261.888,12.22763,1.734299,1.277443,0.7353967,0.3065048,2,1,249.5033,1.746067,188.3652,0.000128152,1,1,1,Attack
 28/12/2015 12:01:16 PM,2.517695,507.7344,2,2,1,263.4581,6,329.8385,2.440137,2,1,1,1,1,2,1,19.58192,2.214009,860.7569,1,2,1,1,1,2,148.808,155.2166,1.724794,906.2292,1,2,1,1,2,7.870931,144.9116,261.888,12.22763,1.732633,1.289612,0.7353967,0.3065048,2,1,249.5033,1.746067,188.3652,0.000128152,1,1,1,Attack
 28/12/2015 12:01:17 PM,2.520257,507.0279,2,2,1,263.4581,6,329.8385,2.440137,2,1,1,1,1,2,1,19.61393,2.214009,860.9171,1,2,1,1,1,2,148.808,155.2166,1.724794,906.5753,1,2,1,1,2,7.870931,144.9116,261.888,12.22763,1.731351,1.298962,0.7353967,0.3065048,2,1,249.5033,1.746067,188.3652,0.000128152,1,1,1,Attack
 28/12/2015 12:01:18 PM,2.520257,507.0279,2,2,1,263.4581,6,329.8385,2.440137,2,1,1,1,1,2,1,19.62354,2.214009,860.7168,1,2,1,1,1,2,148.808,155.2166,1.724794,906.9213,1,2,1,1,2,7.870931,144.9116,261.888,12.22763,1.731351,1.302165,0.7353967,0.3065048,2,1,249.5033,1.746067,188.3652,0.000128152,1,1,1,Attack
 28/12/2015 12:01:19 PM,2.508728,507.1849,2,2,1,263.4581,6,329.8385,2.440906,2,1,1,1,1,2,1,19.62354,2.214009,860.7569,1,2,1,1,1,2,148.808,155.2166,1.724794,907.2674,1,2,1,1,2,7.870931,144.9116,261.888,12.22763,1.731351,1.306904,0.7353967,0.3065048,2,1,249.5033,1.746067,188.4773,0.000128152,1,1,1,Attack
 28/12/2015 12:01:20 PM,2.508087,507.6167,2,2,1,263.4581,6,329.8385,2.441675,2,1,1,1,1,2,1,19.68436,2.214009,860.7569,1,2,1,1,1,2,148.808,155.2166,1.724794,907.152,1,2,1,1,2,7.870931,144.9116,261.888,12.22763,1.731864,1.312668,0.7353967,0.3065048,2,1,249.5033,1.746067,188.4773,0.000128152,1,1,1,Attack
 28/12/2015 12:01:21 PM,2.509048,507.7344,2,2,1,263.4581,6,329.8385,2.441675,2,1,1,1,1,2,1,19.68436,2.212984,860.5165,1,2,1,1,1,2,148.808,155.2166,1.724794,906.9982,1,2,1,1,2,7.870931,144.9116,261.888,12.22763,1.732761,1.312668,0.7353967,0.3065048,2,1,249.5033,1.746067,188.4773,0.000128152,1,1,1,Attack
 28/12/2015 12:01:22 PM,2.514493,507.8129,2,2,1,263.4581,6,329.8385,2.444238,2,1,1,1,1,2,1,19.68436,2.212087,860.5165,1,2,1,1,1,2,148.808,155.2166,1.724794,907.498,1,2,1,1,2,7.870931,144.9116,261.888,12.22763,1.732761,1.312668,0.7353967,0.3065048,2,1,249.5033,1.746067,188.4773,0.000128152,1,1,1,Attack
 28/12/2015 12:01:23 PM,2.518336,508.1662,2,2,1,263.4581,6,329.8385,2.444879,2,1,1,1,1,2,1,19.68436,2.212984,860.0359,1,2,1,1,1,2,148.808,155.2166,1.724794,907.3828,1,2,1,1,2,7.870931,144.9116,261.888,12.22763,1.732761,1.292558,0.7353967,0.3065048,2,1,249.5033,1.746067,188.4773,0.000128152,1,1,1,Attack
 28/12/2015 12:01:24 PM,2.518336,508.127,2,2,1,263.4581,6,329.8385,2.441803,2,1,1,1,1,2,1,19.72598,2.213368,860.4765,1,2,1,1,1,2,148.808,155.2166,1.724794,907.1905,1,2,1,1,2,7.870931,144.9116,261.888,12.22763,1.732761,1.282311,0.7353967,0.3065048,2,1,249.5033,1.746067,188.4773,0.000128152,1,1,1,Attack
 28/12/2015 12:01:25 PM,2.520257,508.127,2,2,1,263.4581,6,329.8385,2.441803,2,1,1,1,1,2,1,19.74198,2.213368,860.2362,1,2,1,1,1,2,148.808,155.2166,1.724794,907.4597,1,2,1,1,2,7.870931,144.9116,261.888,12.22763,1.735068,1.281158,0.7347566,0.3065048,2,1,249.5033,1.746067,188.4773,0.000128152,1,1,1,Attack
 28/12/2015 12:01:26 PM,2.526663,508.2447,2,2,1,263.4581,6,329.8385,2.442956,2,1,1,1,1,2,1,19.74198,2.214009,860.2762,1,2,1,1,1,2,148.808,155.2166,1.724794,907.5365,1,2,1,1,2,7.870931,144.9116,261.888,12.22763,1.735068,1.285513,0.7347566,0.3065048,2,1,249.5033,1.746067,188.4773,0.000128152,1,1,1,Attack
 28/12/2015 12:01:27 PM,2.535951,508.127,2,2,1,263.4581,6,329.8385,2.443597,2,1,1,1,1,2,1,19.65555,2.214009,860.6367,1,2,1,1,1,2,148.808,155.2166,1.724794,907.6903,1,2,1,1,2,7.870931,144.9116,261.7278,12.22763,1.735324,1.292046,0.7347566,0.3065048,2,1,249.5033,1.746067,188.4773,0.000128152,1,1,1,Attack
 28/12/2015 12:01:28 PM,2.539154,508.2054,2,2,1,263.4581,6,329.9667,2.443597,2,1,1,1,1,2,1,19.62994,2.214009,860.4765,1,2,1,1,1,2,148.808,155.2166,1.724794,907.7672,1,2,1,1,2,7.870931,144.9116,261.7278,12.22763,1.735324,1.292046,0.7347566,0.3065048,2,1,249.5033,1.746067,188.4773,0.000128152,1,1,1,Attack
 28/12/2015 12:01:29 PM,2.543638,508.127,2,2,1,263.4581,6,329.9667,2.443597,2,1,1,1,1,2,1,19.62674,2.214009,860.5566,1,2,1,1,1,2,148.808,155.2166,1.722231,907.6519,1,2,1,1,2,7.870931,144.9116,261.7278,12.22763,1.736478,1.285513,0.7347566,0.3049034,2,1,249.5033,1.746067,188.4773,0.000128152,1,1,1,Attack
 28/12/2015 12:01:30 PM,2.545559,508.0485,2,2,1,263.4581,6,329.9667,2.443597,2,1,1,1,1,2,1,19.62674,2.214009,860.5165,1,2,1,1,1,2,148.808,155.2166,1.722231,907.498,1,2,1,1,2,7.870931,144.9116,261.7278,12.22763,1.736991,1.285129,0.7347566,0.3046472,2,1,249.5033,1.746067,188.4773,0.000128152,1,1,1,Attack
 28/12/2015 12:01:31 PM,2.545559,508.441,2,2,1,263.4581,6,329.9667,2.443597,2,1,1,1,1,2,1,19.62674,2.214009,860.837,1,2,1,1,1,2,148.808,155.2166,1.724538,907.3443,1,2,1,1,2,7.870931,144.8603,261.7278,12.22763,1.736991,1.302037,0.7353967,0.3046472,2,1,249.5033,1.746067,188.4773,0.000128152,1,1,1,Attack
 28/12/2015 12:01:32 PM,2.540115,508.4017,2,2,1,263.4581,6,329.8385,2.443597,2,1,1,1,1,2,1,19.67476,2.210934,860.7168,1,2,1,1,1,2,148.808,155.2166,1.724794,907.7672,1,2,1,1,2,7.870931,144.8347,261.7278,12.22763,1.736991,1.297297,0.7353967,0.3046472,2,1,249.5033,1.746067,188.4773,0.000128152,1,1,1,Attack
 28/12/2015 12:01:33 PM,2.536912,508.2054,2,2,1,263.4581,6,329.8385,2.443597,2,1,1,1,1,2,1,19.67476,2.210037,861.0773,1,2,1,1,1,2,148.808,155.2166,1.724794,907.575,1,2,1,1,2,7.870931,144.8347,261.7278,12.22763,1.736991,1.29781,0.7353967,0.3046472,2,1,249.5033,1.746067,188.4773,0.000128152,1,1,1,Attack
 28/12/2015 12:01:34 PM,2.535631,508.5195,2,2,1,263.4581,6,329.8385,2.443597,2,1,1,1,1,2,1,19.67476,2.210037,861.1574,1,2,1,1,1,2,148.808,155.2166,1.724794,907.6519,1,2,1,1,2,7.870931,144.8347,261.7278,12.22763,1.735581,1.293198,0.7353967,0.3046472,2,1,249.5033,1.746067,188.4773,0.000128152,1,1,1,Attack
 28/12/2015 12:01:35 PM,2.535631,508.5195,2,2,1,263.4581,6,329.8385,2.443597,2,1,1,1,1,2,1,19.67476,2.210037,861.1574,1,2,1,1,1,2,148.808,155.2166,1.724794,907.6519,1,2,1,1,2,7.870931,144.8347,261.7278,12.22763,1.735581,1.293198,0.7353967,0.3046472,2,1,249.5033,1.746067,188.4773,0.000128152,1,1,1,Attack
 28/12/2015 12:01:36 PM,2.542356,508.7943,2,2,1,263.4581,6,329.8385,2.443085,2,1,1,1,1,2,1,19.67476,2.210037,861.8383,1,2,1,1,1,2,148.808,155.2166,1.724794,907.6903,1,2,1,1,2,7.870931,144.8347,261.7278,12.22763,1.735581,1.282567,0.7353967,0.3059924,2,1,249.5033,1.746067,188.4773,0.000128152,1,1,1,Attack
 28/12/2015 12:01:37 PM,2.54684,508.598,2,2,1,263.4581,6,329.8385,2.443085,2,1,1,1,1,2,1,19.67476,2.210037,861.9585,1,2,1,1,1,2,148.808,155.2166,1.724794,907.7288,1,2,1,1,2,7.870931,144.7578,261.7278,12.22763,1.733786,1.287562,0.7353967,0.3064407,2,1,249.5033,1.746067,188.4773,0.000128152,1,1,1,Attack
 28/12/2015 12:01:38 PM,2.54684,508.7943,2,2,1,263.4581,6,329.7103,2.443725,2,1,1,1,1,2,1,19.67476,2.210037,862.319,1,2,1,1,1,2,148.808,155.2166,1.724794,907.921,1,2,1,1,2,7.870931,144.7578,262.0161,12.22763,1.733786,1.291533,0.7353967,0.3068251,2,1,249.5033,1.746067,188.4773,0.000128152,1,1,1,Attack
 28/12/2015 12:01:39 PM,2.54684,508.7158,2,2,1,263.4581,6,329.7103,2.443725,2,1,1,1,1,2,1,19.67476,2.210037,862.7195,1,2,1,1,1,2,148.808,155.2166,1.724794,907.6903,1,2,1,1,2,7.870931,144.7578,262.0161,12.22763,1.73212,1.302677,0.7353967,0.3068251,2,1,249.5033,1.746067,188.4773,0.000128152,1,1,1,Attack
 28/12/2015 12:01:40 PM,2.543638,508.8335,2,2,1,263.4581,6,329.7103,2.444366,2,1,1,1,1,2,1,19.65235,2.212087,862.7596,1,2,1,1,1,2,148.808,155.2166,1.724794,907.7672,1,2,1,1,2,7.870931,144.7578,262.0161,12.22763,1.731864,1.297297,0.7353967,0.3068251,2,1,249.5033,1.746067,188.4773,0.000128152,1,1,1,Attack
 28/12/2015 12:01:41 PM,2.543638,509.1475,2,2,1,263.4581,6,329.7103,2.444366,2,1,1,1,1,2,1,19.62674,2.212087,862.5593,1,2,1,1,1,2,148.808,155.2166,1.724794,907.6903,1,2,1,1,2,7.870931,144.7578,262.0161,12.22763,1.731864,1.297297,0.7353967,0.3068251,2,1,249.5033,1.746067,188.4773,0.000128152,1,1,1,Attack
 28/12/2015 12:01:42 PM,2.548121,509.1083,2,2,1,263.4581,6,329.7103,2.445007,2,1,1,1,1,2,1,19.62674,2.212343,862.9598,1,2,1,1,1,2,148.808,155.2166,1.723128,907.6903,1,2,1,1,2,7.870931,144.7578,262.0161,12.22763,1.731864,1.292174,0.7353967,0.3068251,2,1,249.5033,1.746067,188.4773,0.000128152,1,1,1,Attack
 28/12/2015 12:01:43 PM,2.548121,508.755,2,2,1,263.4581,6,329.7103,2.445007,2,1,1,1,1,2,1,19.65875,2.212343,862.4792,1,2,1,1,1,2,148.808,155.2166,1.722616,907.6903,1,2,1,1,2,7.870931,144.527,262.0161,12.22763,1.731479,1.276034,0.7353967,0.3068251,2,1,249.5033,1.746067,188.4773,0.000128152,1,1,1,Attack
 28/12/2015 12:01:44 PM,2.548121,508.3232,2,2,1,263.4581,6,329.7103,2.445007,2,1,1,1,1,2,1,19.70997,2.212343,863.08,1,2,1,1,1,2,148.808,155.2166,1.722359,907.8826,1,2,1,1,2,7.870931,144.527,262.0161,12.22763,1.731479,1.281158,0.7353967,0.3068251,2,1,249.5033,1.746067,188.4773,0.000128152,1,1,1,Attack
 28/12/2015 12:01:45 PM,2.545239,508.4017,2,2,1,263.4581,6,329.7103,2.442956,2,1,1,1,1,2,1,19.70997,2.212343,863.2402,1,2,1,1,1,2,148.808,155.2166,1.722359,907.921,1,2,1,1,2,7.870931,144.527,262.0161,12.22763,1.731479,1.274113,0.7353967,0.3068251,2,1,249.5033,1.746067,188.4773,0.000128152,1,1,1,Attack
 28/12/2015 12:01:46 PM,2.544919,508.3232,2,2,1,263.4581,6,329.7103,2.4427,2,1,1,1,1,2,1,19.70997,2.212343,863.5607,1,2,1,1,1,2,148.808,155.2166,1.722359,908.1133,1,2,1,1,2,7.870931,144.527,262.0161,12.22763,1.733786,1.271423,0.7353967,0.3074656,2,1,249.6635,1.746067,188.4773,0.000128152,1,1,1,Attack
 28/12/2015 12:01:47 PM,2.544919,508.3625,2,2,1,263.4581,6,329.7103,2.4427,2,1,1,1,1,2,1,19.70997,2.21119,863.841,1,2,1,1,1,2,148.808,155.2166,1.72505,908.2286,1,2,1,1,2,7.870931,144.527,262.0161,12.22763,1.733786,1.275778,0.7336044,0.3074656,2,1,249.6635,1.746067,188.4773,0.000128152,1,1,1,Attack
 28/12/2015 12:01:48 PM,2.544919,508.3625,2,2,1,263.4581,6,329.7103,2.441419,2,1,1,1,1,2,1,19.70677,2.21119,864.1614,1,2,1,1,1,2,148.808,155.2166,1.72505,908.344,1,2,1,1,2,7.870931,144.527,261.9841,12.22763,1.733786,1.272192,0.7329642,0.3068891,2,1,249.6635,1.746067,188.4773,0.000128152,1,1,1,Attack
 28/12/2015 12:01:49 PM,2.544919,508.2054,2,2,1,263.4581,6,329.7616,2.44206,2,1,1,1,1,2,1,19.70677,2.21119,864.0413,1,2,1,1,1,2,148.808,155.2166,1.72505,908.4594,1,2,1,1,2,7.870931,144.527,261.9841,12.22763,1.733786,1.268733,0.7328362,0.3066329,2,1,249.6635,1.730048,188.4773,0.000128152,1,1,1,Attack
 28/12/2015 12:01:50 PM,2.547161,508.0092,2,2,1,263.4581,6,329.8898,2.443982,2,1,1,1,1,2,1,19.70677,2.211575,864.2816,1,2,1,1,1,2,148.808,155.2166,1.72505,908.2671,1,2,1,1,2,7.870931,144.527,261.9841,12.22763,1.733786,1.277443,0.7328362,0.3064407,2,1,249.6635,1.730048,188.4773,0.000128152,1,1,1,Attack
 28/12/2015 12:01:51 PM,2.547161,507.7737,2,2,1,263.4581,6,329.8898,2.443982,2,1,1,1,1,2,1,19.67796,2.212856,864.1214,1,2,1,1,1,2,148.808,155.2166,1.72505,908.1517,1,2,1,1,2,7.870931,144.527,261.9841,12.22763,1.734555,1.286666,0.7328362,0.3064407,2,1,249.6635,1.730048,188.6375,0.000128152,1,1,1,Attack
 28/12/2015 12:01:52 PM,2.547161,507.6559,2,2,1,263.4581,6,329.8898,2.443982,2,1,1,1,1,2,1,19.64274,2.215802,863.7209,1,2,1,1,1,2,148.808,155.2166,1.72505,908.344,1,2,1,1,2,7.870931,144.527,261.9841,12.22763,1.735965,1.299859,0.7351407,0.3064407,2,1,249.6635,1.730048,188.6375,0.000128152,1,1,1,Attack
 28/12/2015 12:01:53 PM,2.549082,507.9699,2,2,1,263.4581,6,329.8898,2.444623,2,1,1,1,1,2,1,19.70997,2.216187,863.7209,1,2,1,1,1,2,148.808,155.2166,1.72505,908.5363,1,2,1,1,2,7.870931,144.527,261.9841,12.22763,1.735965,1.297169,0.7351407,0.3064407,2,1,249.6635,1.730048,188.6375,0.000128152,1,1,1,Attack
 28/12/2015 12:01:54 PM,2.549082,507.7737,2,2,1,263.4581,6,329.8898,2.444623,2,1,1,1,1,2,1,19.77079,2.21734,863.5206,1,2,1,1,1,2,148.808,155.2166,1.72505,908.4978,1,2,1,1,2,7.870931,144.527,261.9841,12.22763,1.73494,1.29781,0.7351407,0.3064407,2,1,249.6635,1.730048,188.5414,0.000128152,1,1,1,Attack
 28/12/2015 12:01:55 PM,2.549082,507.7344,2,2,1,263.4581,6,329.8898,2.444623,2,1,1,1,1,2,1,19.77079,2.218108,863.7209,1,2,1,1,1,2,148.808,155.2166,1.72505,908.344,1,2,1,1,2,7.870931,144.3989,261.9841,12.22763,1.733914,1.291533,0.7351407,0.3064407,2,1,249.6635,1.730048,188.5414,0.000128152,1,1,1,Attack
 28/12/2015 12:01:56 PM,2.548121,507.9699,2,2,1,263.4581,6,329.8898,2.442188,2,1,1,1,1,2,1,19.81241,2.217724,863.7209,1,2,1,1,1,2,148.808,155.2166,1.72505,908.4978,1,2,1,1,2,7.870931,144.3989,261.9841,12.22763,1.733914,1.291533,0.7352687,0.3064407,2,1,249.6635,1.730048,188.4933,0.000128152,1,1,1,Attack
 28/12/2015 12:01:57 PM,2.548121,507.9699,2,2,1,263.4581,6,329.8898,2.442188,2,1,1,1,1,2,1,19.81241,2.214906,863.841,1,2,1,1,1,2,148.808,155.2166,1.72505,908.344,1,2,1,1,2,7.870931,144.3989,261.9841,12.22763,1.733914,1.291533,0.7352687,0.3064407,2,1,249.5995,1.730048,188.4933,0.000128152,1,1,1,Attack
 28/12/2015 12:01:58 PM,2.548121,508.0485,2,2,1,263.4581,6,329.8898,2.442188,2,1,1,1,1,2,1,19.75799,2.213496,863.7209,1,2,1,1,1,2,148.808,155.2166,1.72505,908.5363,1,2,1,1,2,7.870931,144.5783,261.6957,12.22763,1.733914,1.291533,0.7352687,0.3064407,2,1,249.4713,1.730048,188.4933,0.000128152,1,1,1,Attack
 28/12/2015 12:01:59 PM,2.548121,508.2447,2,2,1,263.4581,6,329.8898,2.442188,2,1,1,1,1,2,1,19.72598,2.212087,863.7209,1,2,1,1,1,2,148.808,155.2166,1.72505,908.6516,1,2,1,1,2,7.870931,144.6552,261.6957,12.22763,1.733914,1.285769,0.7352687,0.3064407,2,1,249.4713,1.730048,188.4933,0.000128152,1,1,1,Attack
 28/12/2015 12:02:00 PM,2.548121,508.2054,2,2,1,263.4581,6,329.8898,2.442188,2,1,1,1,1,2,1,19.67476,2.212087,863.4405,1,2,1,1,1,2,148.808,155.2166,1.72505,908.8054,1,2,1,1,2,7.870931,144.6552,261.6957,12.22763,1.733914,1.28436,0.7352687,0.3064407,2,1,249.4713,1.730048,188.4933,0.000128152,1,1,1,Attack
 28/12/2015 12:02:01 PM,2.548121,508.441,2,2,1,263.4581,6,329.8898,2.442188,2,1,1,1,1,2,1,19.67476,2.212087,863.9211,1,2,1,1,1,2,148.808,155.2166,1.72505,909.1899,1,2,1,1,2,7.870931,144.6552,261.888,12.22763,1.733914,1.288203,0.7352687,0.3064407,2,1,249.4713,1.730048,188.4933,0.000128152,1,1,1,Attack
 28/12/2015 12:02:02 PM,2.548121,508.598,2,2,1,263.4581,6,329.8898,2.442188,2,1,1,1,1,2,1,19.67476,2.212087,863.6407,1,2,1,1,1,2,148.808,155.2166,1.72505,909.3053,1,2,1,1,2,7.870931,144.527,261.888,12.22763,1.733914,1.281798,0.7345005,0.3064407,2,1,249.4713,1.730048,188.4933,0.000128152,1,1,1,Attack
 28/12/2015 12:02:03 PM,2.548121,508.4017,2,2,1,263.4581,6,329.8898,2.442188,2,1,1,1,1,2,1,19.73238,2.212087,863.7209,1,2,1,1,1,2,148.808,155.2166,1.72505,909.4591,1,2,1,1,2,7.870931,144.527,261.888,12.22763,1.733914,1.281542,0.7341164,0.3064407,2,1,249.4713,1.730048,188.4933,0.000128152,1,1,1,Attack
 28/12/2015 12:02:04 PM,2.548121,508.441,2,2,1,263.4581,6,329.8898,2.444238,2,1,1,1,1,2,1,19.75159,2.213496,863.6808,1,2,1,1,1,2,148.808,155.2166,1.72505,909.6514,1,2,1,1,2,7.870931,144.527,261.888,12.22763,1.732504,1.281542,0.7339884,0.3074016,2,1,249.6155,1.730048,188.4933,0.000128152,1,1,1,Attack
 28/12/2015 12:02:05 PM,2.548121,507.7737,2,2,1,263.4581,6,329.8898,2.445648,2,1,1,1,1,2,1,19.75159,2.213881,864.1214,1,2,1,1,1,2,148.808,155.2166,1.72505,909.8821,1,2,1,1,2,7.870931,144.527,261.888,12.22763,1.731095,1.290124,0.7339884,0.3074016,2,1,249.6155,1.730048,188.4933,0.000128152,1,1,1,Attack
 28/12/2015 12:02:06 PM,2.548121,507.3419,2,2,1,263.4581,6,329.8898,2.446288,2,1,1,1,1,2,1,19.75159,2.214009,864.1614,1,2,1,1,1,2,148.808,155.2166,1.72505,910.2666,1,2,1,1,2,7.870931,144.527,261.888,12.22763,1.731095,1.302165,0.7339884,0.3063127,2,1,249.6155,1.730048,188.4933,0.000128152,1,1,1,Attack
 28/12/2015 12:02:07 PM,2.548121,507.1456,2,2,1,263.4581,6,329.8898,2.446288,2,1,1,1,1,2,1,19.67796,2.214265,864.4418,1,2,1,1,1,2,148.808,155.2166,1.72505,910.2666,1,2,1,1,2,7.870931,144.527,261.888,12.22763,1.731095,1.302165,0.7339884,0.3063127,2,1,249.6155,1.730048,188.4933,0.000128152,1,1,1,Attack
 28/12/2015 12:02:08 PM,2.548121,507.0279,2,2,1,263.4581,6,329.8898,2.44616,2,1,1,1,1,2,1,19.67796,2.214265,864.1214,1,2,1,1,1,2,148.808,155.2166,1.72505,910.382,1,2,1,1,2,7.870931,144.527,261.888,12.22763,1.731095,1.302165,0.7339884,0.3063127,2,1,249.4553,1.730048,188.4933,0.000128152,1,1,1,Attack
 28/12/2015 12:02:09 PM,2.548121,507.2634,2,2,1,263.4581,6,329.8898,2.445904,2,1,1,1,1,2,1,19.67796,2.214265,864.0413,1,2,1,1,1,2,148.808,155.2166,1.72505,910.3435,1,2,1,1,2,7.870931,144.7321,261.888,12.22763,1.731095,1.29512,0.7352687,0.3063127,2,1,249.4553,1.730048,188.4933,0.000128152,1,1,1,Attack
 28/12/2015 12:02:10 PM,2.548121,507.9307,2,2,1,263.4581,6,329.8898,2.445904,2,1,1,1,1,2,1,19.73238,2.213368,864.2816,1,2,1,1,1,2,148.808,155.2166,1.72505,910.3435,1,2,1,1,2,7.870931,144.7321,261.888,12.22763,1.733914,1.274113,0.7352687,0.3063127,2,1,249.4553,1.730048,188.4933,0.000128152,1,1,1,Attack
 28/12/2015 12:02:11 PM,2.550043,507.9307,2,2,1,263.4581,6,329.8898,2.445904,2,1,1,1,1,2,1,19.73878,2.212087,864.2816,1,2,1,1,1,2,148.808,155.2166,1.72505,910.5358,1,2,1,1,2,7.870931,144.7321,261.888,12.22763,1.733914,1.261816,0.7352687,0.3063127,2,1,249.6155,1.730048,188.4933,0.000128152,1,1,1,Attack
 28/12/2015 12:02:12 PM,2.550043,508.2447,2,2,1,263.4581,6,329.8898,2.445904,2,1,1,1,1,2,1,19.70037,2.212087,864.562,1,2,1,1,1,2,148.808,155.2166,1.72505,910.4204,1,2,1,1,2,7.870931,144.7321,261.888,12.22763,1.733914,1.254003,0.7352687,0.3063127,2,1,249.6315,1.730048,188.4933,0.000128152,1,1,1,Attack
 28/12/2015 12:02:13 PM,2.550043,508.441,2,2,1,263.4581,6,329.8898,2.445648,2,1,1,1,1,2,1,19.68436,2.212087,864.1214,1,2,1,1,1,2,148.808,155.2166,1.72505,910.9587,1,2,1,1,2,7.870931,144.7321,261.888,12.22763,1.733914,1.255924,0.7352687,0.3063127,2,1,249.6635,1.730048,188.5574,0.000128152,1,1,1,Attack
 28/12/2015 12:02:14 PM,2.548762,508.6372,2,2,1,263.4581,6,329.8898,2.444623,2,1,1,1,1,2,1,19.73558,2.212087,864.2416,1,2,1,1,1,2,148.808,155.2166,1.72505,910.6511,1,2,1,1,2,7.870931,144.7321,261.888,12.22763,1.735581,1.271423,0.7352687,0.3063127,2,1,249.6635,1.730048,188.5574,0.000128152,1,1,1,Attack
 28/12/2015 12:02:15 PM,2.548762,508.6372,2,2,1,263.4581,6,329.8898,2.444366,2,1,1,1,1,2,1,19.73558,2.212087,864.0413,1,2,1,1,1,2,148.808,155.0372,1.72505,910.4589,1,2,1,1,2,7.870931,144.7321,261.888,12.22763,1.735581,1.281286,0.7352687,0.3063127,2,1,249.6635,1.730048,188.5574,0.000128152,1,1,1,Attack
 28/12/2015 12:02:16 PM,2.550364,508.598,2,2,1,263.4581,6,329.8898,2.444366,2,1,1,1,1,2,1,19.73558,2.212087,863.7609,1,2,1,1,1,2,148.808,155.0372,1.72505,910.728,1,2,1,1,2,7.870931,144.7321,261.888,12.22763,1.735581,1.299731,0.7352687,0.3063127,2,1,249.6635,1.730048,188.5734,0.000128152,1,1,1,Attack
 28/12/2015 12:02:17 PM,2.550364,508.2054,2,2,1,263.4581,6,329.6847,2.444366,2,1,1,1,1,2,1,19.73558,2.212215,863.9612,1,2,1,1,1,2,148.808,155.0372,1.72505,910.382,1,2,1,1,2,7.870931,144.7065,261.888,12.22763,1.735581,1.30178,0.7352687,0.3069532,2,1,249.6635,1.730048,188.5734,0.000128152,1,1,1,Attack
 28/12/2015 12:02:18 PM,2.550364,508.5587,2,2,1,263.4261,6,329.6847,2.444366,2,1,1,1,1,2,1,19.73558,2.212215,863.7209,1,2,1,1,1,2,148.808,155.0372,1.72505,910.3435,1,2,1,1,2,7.870931,144.7065,261.888,12.22763,1.735581,1.302933,0.7352687,0.3069532,2,1,249.4713,1.730048,188.5734,0.000128152,1,1,1,Attack
 28/12/2015 12:02:19 PM,2.548121,508.598,2,2,1,263.2018,6,329.6847,2.444366,2,1,1,1,1,2,1,19.67476,2.212215,863.8811,1,2,1,1,1,2,148.808,155.0372,1.724538,910.0743,1,2,1,1,2,7.870931,144.7065,261.888,12.22763,1.735581,1.297169,0.7352687,0.3069532,2,1,249.3912,1.730048,188.3812,0.000128152,1,1,1,Attack
 28/12/2015 12:02:20 PM,2.54588,509.3045,2,2,1,263.2018,6,329.6847,2.444366,2,1,1,1,1,2,1,19.65875,2.210166,863.6808,1,2,1,1,1,2,148.808,155.0372,1.723769,910.1512,1,2,1,1,2,7.870931,144.7065,261.888,12.22763,1.735196,1.276419,0.7352687,0.3069532,2,1,249.3912,1.730048,188.285,0.000128152,1,1,1,Attack
 28/12/2015 12:02:21 PM,2.54588,509.6186,2,2,1,263.2018,6,329.6847,2.444366,2,1,1,1,1,2,1,19.72598,2.210166,863.3203,1,2,1,1,1,2,148.808,155.0372,1.722359,909.9974,1,2,1,1,2,7.870931,144.6039,261.888,12.22763,1.733017,1.262073,0.7352687,0.306761,2,1,249.279,1.730048,188.285,0.000128152,1,1,1,Attack
 28/12/2015 12:02:22 PM,2.54588,509.6186,2,2,1,263.2018,6,329.6847,2.444366,2,1,1,1,1,2,1,19.72598,2.210166,863.3203,1,2,1,1,1,2,148.808,155.0372,1.722359,909.9974,1,2,1,1,2,7.870931,144.6039,261.888,12.22763,1.733017,1.262073,0.7352687,0.306761,2,1,249.279,1.730048,188.285,0.000128152,1,1,1,Attack
 28/12/2015 12:02:23 PM,2.54588,510.0896,2,2,1,263.2018,6,329.6847,2.444366,2,1,1,1,1,2,1,19.75159,2.210166,863.2803,1,2,1,1,1,2,148.808,155.0372,1.722359,910.0359,1,2,1,1,2,7.870931,144.6039,261.888,12.22763,1.733017,1.261176,0.7338604,0.3064407,2,1,249.279,1.730048,188.285,0.000128152,1,1,1,Attack
 28/12/2015 12:02:24 PM,2.54588,510.3251,2,2,1,263.4261,6,329.6847,2.444366,2,1,1,1,1,2,1,19.75159,2.2126,863.0399,1,2,1,1,1,2,148.808,155.0372,1.722231,910.2281,1,2,1,1,2,7.870931,144.6039,261.888,12.22763,1.733017,1.254515,0.7333483,0.3064407,2,1,249.279,1.730048,188.285,0.000128152,1,1,1,Attack
 28/12/2015 12:02:25 PM,2.548762,510.3251,2,2,1,263.4261,6,329.7872,2.444366,2,1,1,1,1,2,1,19.68436,2.2126,862.5593,1,2,1,1,1,2,148.808,155.0372,1.72095,910.0743,1,2,1,1,2,7.870931,144.6039,261.888,12.22763,1.733017,1.260407,0.7333483,0.3064407,2,1,249.279,1.730048,188.285,0.000128152,1,1,1,Attack
 28/12/2015 12:02:26 PM,2.548762,510.1681,2,2,1,263.4261,6,329.9154,2.444366,2,1,1,1,1,2,1,19.68436,2.2126,862.7195,1,2,1,1,1,2,148.808,155.0372,1.72095,909.7667,1,2,1,1,2,7.870931,144.6039,261.5675,12.22763,1.733274,1.263225,0.7333483,0.3064407,2,1,249.215,1.730048,188.1729,0.000128152,1,1,1,Attack
 28/12/2015 12:02:27 PM,2.548762,510.2073,2,2,1,263.4261,6,329.9154,2.444366,2,1,1,1,1,2,1,19.74838,2.2126,862.5593,1,2,1,1,1,2,148.808,155.0372,1.72095,909.6129,1,2,1,1,2,7.870931,144.6039,261.5675,12.22763,1.733274,1.278724,0.7333483,0.3064407,2,1,249.215,1.730048,188.1729,0.000128152,1,1,1,Attack
 28/12/2015 12:02:28 PM,2.548762,510.1288,2,2,1,263.4261,6,329.9154,2.444366,2,1,1,1,1,2,1,19.7836,2.2126,862.9598,1,2,1,1,1,2,148.808,155.0372,1.72095,909.7667,1,2,1,1,2,7.870931,144.6039,261.5675,12.22763,1.733274,1.298194,0.7341164,0.3064407,2,1,249.215,1.730048,188.1729,0.000128152,1,1,1,Attack
 28/12/2015 12:02:29 PM,2.553886,510.1681,2,2,1,263.4261,6,329.9154,2.444366,2,1,1,1,1,2,1,19.7836,2.2126,862.8798,1,2,1,1,1,2,148.808,155.0372,1.72095,910.2281,1,2,1,1,2,7.870931,144.6039,261.7278,12.22763,1.733274,1.297041,0.7352687,0.3064407,2,1,249.215,1.730048,188.253,0.000128152,1,1,1,Attack
 28/12/2015 12:02:30 PM,2.553886,510.0111,2,2,1,263.4261,6,329.8898,2.442188,2,1,1,1,1,2,1,19.7836,2.2126,863.08,1,2,1,1,1,2,148.808,155.0372,1.725179,910.6511,1,2,1,1,2,7.870931,144.6039,261.888,12.22763,1.733274,1.302933,0.7359089,0.306761,2,1,249.4232,1.730048,188.3812,0.000128152,1,1,1,Attack
 28/12/2015 12:02:31 PM,2.554527,509.8148,2,2,1,263.4261,6,329.7616,2.442188,2,1,1,1,1,2,1,19.7836,2.2126,862.8798,1,2,1,1,1,2,148.808,155.0372,1.725179,910.5358,1,2,1,1,2,7.870931,144.6039,261.888,12.22763,1.733274,1.297169,0.7359089,0.306761,2,1,249.4232,1.730048,188.3812,0.000128152,1,1,1,Attack
 28/12/2015 12:02:32 PM,2.554527,509.9718,2,2,1,263.4261,6,329.7616,2.442188,2,1,1,1,1,2,1,19.73878,2.212856,863.08,1,2,1,1,1,2,148.808,155.0372,1.725179,910.8049,1,2,1,1,2,7.870931,144.6039,261.888,12.22763,1.734555,1.282439,0.7359089,0.306761,2,1,249.4713,1.730048,188.3812,0.000128152,1,1,1,Attack
 28/12/2015 12:02:33 PM,2.549082,510.1288,2,2,1,263.4261,6,329.7616,2.442188,2,1,1,1,1,2,1,19.70677,2.213496,863.1601,1,2,1,1,1,2,148.808,155.0372,1.725179,910.9203,1,2,1,1,2,7.870931,144.6039,261.888,12.22763,1.734555,1.292174,0.7359089,0.306761,2,1,249.4713,1.730048,188.3812,0.000128152,1,1,1,Attack
 28/12/2015 12:02:34 PM,2.548442,510.2859,2,2,1,263.4261,6,329.7616,2.439753,2,1,1,1,1,2,1,19.70037,2.214265,863.4805,1,2,1,1,1,2,148.808,155.0372,1.725179,911.3433,1,2,1,1,2,7.870931,144.6039,261.888,12.22763,1.734555,1.304983,0.7359089,0.306761,2,1,249.4713,1.730048,188.3812,0.000128152,1,1,1,Attack
 28/12/2015 12:02:35 PM,2.545239,509.5793,2,2,1,263.4261,6,329.7616,2.439753,2,1,1,1,1,2,1,19.67796,2.216571,863.6808,1,2,1,1,1,2,148.808,155.0372,1.725179,911.1895,1,2,1,1,2,7.870931,144.6039,261.888,12.22763,1.734555,1.311772,0.7359089,0.306761,2,1,249.3111,1.730048,188.3812,0.000128152,1,1,1,Attack
 28/12/2015 12:02:36 PM,2.543638,509.3045,2,2,1,263.4261,6,329.7616,2.441419,2,1,1,1,1,2,1,19.67155,2.216571,864.0814,1,2,1,1,1,2,148.808,155.0884,1.725179,911.4971,1,2,1,1,2,7.870931,144.6039,261.6957,12.22763,1.734555,1.311772,0.7352687,0.306761,2,1,249.263,1.730048,188.3812,0.000128152,1,1,1,Attack
 28/12/2015 12:02:37 PM,2.543638,508.5195,2,2,1,263.4261,6,329.7616,2.441675,2,1,1,1,1,2,1,19.66835,2.214137,864.3217,1,2,1,1,1,2,148.808,155.0884,1.725179,911.7278,1,2,1,1,2,7.869969,144.6039,261.6957,12.22763,1.733658,1.302293,0.7352687,0.306761,2,1,249.263,1.730048,188.3652,0.000128152,1,1,1,Attack
 28/12/2015 12:02:38 PM,2.543638,508.441,2,2,1,263.4261,6,329.7616,2.441547,2,1,1,1,1,2,1,19.66835,2.214137,864.5219,1,2,1,1,1,2,148.808,155.0884,1.725179,911.6124,1,2,1,1,2,7.869969,144.6039,261.6957,12.22763,1.733658,1.302293,0.7352687,0.306761,2,1,249.263,1.730048,188.237,0.000128152,1,1,1,Attack
 28/12/2015 12:02:39 PM,2.543638,508.3232,2,2,1,263.4261,6,329.7616,2.440521,2,1,1,1,1,2,1,19.60753,2.214137,864.7623,1,2,1,1,1,2,148.808,155.0884,1.723769,911.92,1,2,1,1,2,7.869969,144.6039,261.6957,12.22763,1.733658,1.317023,0.7352687,0.306761,2,1,249.263,1.730048,188.237,0.000128152,1,1,1,Attack
 28/12/2015 12:02:40 PM,2.543638,508.0092,2,2,1,263.4261,6,329.7616,2.440521,2,1,1,1,1,2,1,19.60753,2.212215,865.0427,1,2,1,1,1,2,148.808,155.0884,1.722616,911.9969,1,2,1,1,2,7.869969,144.6039,261.9841,12.22763,1.733658,1.321506,0.7352687,0.306761,2,1,249.263,1.730048,188.237,0.000128152,1,1,1,Attack
 28/12/2015 12:02:41 PM,2.552926,508.0092,2,2,1,263.4261,6,329.7616,2.440521,2,1,1,1,1,2,1,19.66195,2.21055,865.1628,1,2,1,1,1,2,148.808,155.0884,1.721719,912.1123,1,2,1,1,2,7.869969,144.6039,261.9841,12.22763,1.733658,1.321506,0.7352687,0.306761,2,1,249.2951,1.730048,188.237,0.000128152,1,1,1,Attack
 28/12/2015 12:02:42 PM,2.552926,507.7737,2,2,1,263.4261,6,329.7616,2.441034,2,1,1,1,1,2,1,19.70997,2.209525,865.283,1,2,1,1,1,2,148.808,155.0884,1.721719,912.2661,1,2,1,1,2,7.869969,144.6039,261.9841,12.22763,1.733658,1.322147,0.7352687,0.3072735,2,1,249.2951,1.730048,188.237,0.000128152,1,1,1,Attack
 28/12/2015 12:02:43 PM,2.552926,508.1662,2,2,1,263.4261,6,329.6334,2.441803,2,1,1,1,1,2,1,19.72277,2.209525,865.9238,1,2,1,1,1,2,148.808,155.0884,1.721719,912.1123,1,2,1,1,2,7.869969,144.6039,261.9841,12.22763,1.73212,1.307929,0.7352687,0.3082983,2,1,249.2951,1.730048,188.237,0.000128152,1,1,1,Attack
 28/12/2015 12:02:44 PM,2.553246,509.0298,2,2,1,263.4261,6,329.6334,2.44206,2,1,1,1,1,2,1,19.72277,2.209525,865.8437,1,2,1,1,1,2,148.808,155.0884,1.721719,912.2661,1,2,1,1,2,7.869969,144.6039,261.9841,12.22763,1.731223,1.286153,0.7352687,0.3083624,2,1,249.1829,1.730048,188.237,0.000128152,1,1,1,Attack
 28/12/2015 12:02:45 PM,2.553246,509.9326,2,2,1,263.4261,6,329.6334,2.44206,2,1,1,1,1,2,1,19.72277,2.209525,866.1641,1,2,1,1,1,2,148.808,155.191,1.721078,912.2661,1,2,1,1,2,7.869969,144.6039,261.9841,12.22763,1.731223,1.275394,0.7352687,0.3083624,2,1,249.1188,1.730048,188.237,0.000128152,1,1,1,Attack
 28/12/2015 12:02:46 PM,2.553246,510.5999,2,2,1,263.4261,6,329.6334,2.439753,2,1,1,1,1,2,1,19.65555,2.209525,866.084,1,2,1,1,1,2,148.808,155.2679,1.719924,912.1892,1,2,1,1,2,7.869969,144.6039,261.9841,12.22763,1.731223,1.272064,0.7352687,0.3083624,2,1,249.1188,1.730048,188.237,0.000128152,1,1,1,Attack
 28/12/2015 12:02:47 PM,2.553246,511.1102,2,2,1,263.4261,6,329.6334,2.439753,2,1,1,1,1,2,1,19.61393,2.209653,866.3644,1,2,1,1,1,2,148.808,155.2679,1.719924,912.3046,1,2,1,1,2,7.869969,144.6039,261.9841,12.22763,1.731223,1.27834,0.7334763,0.3083624,2,1,249.1188,1.730048,188.237,0.000128152,1,1,1,Attack
 28/12/2015 12:02:48 PM,2.549723,511.5027,2,2,1,263.4261,6,329.6334,2.439753,2,1,1,1,1,2,1,19.61393,2.209653,866.3644,1,2,1,1,1,2,148.808,155.2679,1.719924,912.4584,1,2,1,1,2,7.869969,144.6039,261.9841,12.22763,1.733786,1.272576,0.7334763,0.3072094,2,1,249.4553,1.730048,188.237,0.000128152,1,1,1,Attack
 28/12/2015 12:02:49 PM,2.549723,511.6597,2,2,1,263.4261,6,329.7103,2.439753,2,1,1,1,1,2,1,19.61393,2.2126,866.5647,1,2,1,1,1,2,148.808,155.2679,1.723128,912.7659,1,2,1,1,2,7.869969,144.6039,261.9841,12.22763,1.73494,1.271935,0.7334763,0.3072094,2,1,249.4553,1.826162,188.4453,0.000128152,1,1,1,Attack
 28/12/2015 12:02:50 PM,2.549723,511.9737,2,2,1,263.4261,6,329.7872,2.439753,2,1,1,1,1,2,1,19.61393,2.2126,866.6448,1,2,1,1,1,2,148.808,155.2679,1.723897,912.7275,1,2,1,1,2,7.869969,144.6039,261.9841,12.22763,1.736991,1.271935,0.7334763,0.3072094,2,1,249.4553,1.826162,188.4453,0.000128152,1,1,1,Attack
 28/12/2015 12:02:51 PM,2.554527,511.856,2,2,1,263.4261,6,329.7872,2.439753,2,1,1,1,1,2,1,19.63634,2.2126,866.5647,1,2,1,1,1,2,148.808,155.2679,1.723897,912.8813,1,2,1,1,2,7.869969,144.527,261.9841,12.22763,1.737247,1.271935,0.7327082,0.3065048,2,1,249.5193,1.826162,188.5734,0.000128152,1,1,1,Attack
 28/12/2015 12:02:52 PM,2.556129,512.2877,2,2,1,263.4261,6,329.7872,2.439753,2,1,1,1,1,2,1,19.63634,2.212215,866.5647,1,2,1,1,1,2,148.808,155.2679,1.724794,913.1505,1,2,1,1,2,7.869969,144.527,261.9841,12.22763,1.73776,1.271935,0.7323241,0.3059283,2,1,249.5834,1.69801,188.5734,0.000128152,1,1,1,Attack
 28/12/2015 12:02:53 PM,2.556129,512.17,2,2,1,263.4261,6,329.7872,2.439753,2,1,1,1,1,2,1,19.66195,2.212215,866.4445,1,2,1,1,1,2,148.808,155.2679,1.724794,913.1505,1,2,1,1,2,7.869969,144.527,261.9841,12.22763,1.73776,1.271935,0.7323241,0.3059283,2,1,249.5834,1.69801,188.5734,0.000128152,1,1,1,Attack
 28/12/2015 12:02:54 PM,2.556769,511.9737,2,2,1,263.4261,6,329.7872,2.441034,2,1,1,1,1,2,1,19.74838,2.212215,866.5247,1,2,1,1,1,2,148.808,155.2679,1.724794,913.0351,1,2,1,1,2,7.869969,144.4758,261.9841,12.22763,1.73776,1.281158,0.7323241,0.3059283,2,1,249.5834,1.69801,188.5734,0.000128152,1,1,1,Attack
 28/12/2015 12:02:55 PM,2.556769,512.0522,2,2,1,263.4261,6,329.7872,2.441034,2,1,1,1,1,2,1,19.7836,2.212215,866.5647,1,2,1,1,1,2,148.808,155.2679,1.724794,912.8428,1,2,1,1,2,7.869969,144.4758,261.7598,12.22763,1.73776,1.295248,0.7323241,0.3061845,2,1,249.6635,1.69801,188.5734,0.000128152,1,1,1,Attack
 28/12/2015 12:02:56 PM,2.556769,511.5812,2,2,1,263.4261,6,329.7872,2.441034,2,1,1,1,1,2,1,19.81881,2.212215,866.4445,1,2,1,1,1,2,148.808,155.2679,1.724794,913.0351,1,2,1,1,2,7.869969,144.4758,261.7598,12.22763,1.735581,1.300884,0.7323241,0.3066329,2,1,249.6635,1.69801,188.5734,0.000128152,1,1,1,Attack
 28/12/2015 12:02:57 PM,2.553566,511.3849,2,2,1,263.4261,6,329.7872,2.442828,2,1,1,1,1,2,1,19.81881,2.213496,866.5247,1,2,1,1,1,2,148.808,155.2679,1.724794,912.8428,1,2,1,1,2,7.869969,144.4758,261.7598,12.22763,1.735324,1.302165,0.7323241,0.3068251,2,1,249.6635,1.69801,188.5734,0.000128152,1,1,1,Attack
 28/12/2015 12:02:58 PM,2.549723,511.3457,2,2,1,263.4261,6,329.7872,2.443982,2,1,1,1,1,2,1,19.73558,2.214009,866.4846,1,2,1,1,1,2,148.808,155.2679,1.724794,912.8813,1,2,1,1,2,7.869969,144.4758,261.7598,12.22763,1.735324,1.302165,0.7323241,0.3068251,2,1,249.6635,1.746067,188.5734,0.000128152,1,1,1,Attack
 28/12/2015 12:02:59 PM,2.549723,510.9924,2,2,1,263.4261,6,329.7872,2.443982,2,1,1,1,1,2,1,19.72598,2.214009,866.1641,1,2,1,1,1,2,148.808,155.2679,1.724794,912.7275,1,2,1,1,2,7.869969,144.4758,261.7598,12.22763,1.735324,1.296913,0.7323241,0.3068251,2,1,249.6635,1.826162,188.5734,0.000128152,1,1,1,Attack
 28/12/2015 12:03:00 PM,2.552285,510.6784,2,2,1,263.4261,6,329.7872,2.44206,2,1,1,1,1,2,1,19.72598,2.214009,866.4445,1,2,1,1,1,2,148.808,155.2679,1.724794,912.5352,1,2,1,1,2,7.869969,144.4758,261.7598,12.22763,1.733914,1.288843,0.7333483,0.3068251,2,1,249.6635,1.826162,188.5734,0.000128152,1,1,1,Attack
 28/12/2015 12:03:01 PM,2.554527,510.3251,2,2,1,263.4261,6,329.7872,2.441034,2,1,1,1,1,2,1,19.72598,2.214009,866.1241,1,2,1,1,1,2,148.808,155.2679,1.724794,912.6506,1,2,1,1,2,7.869969,144.4758,261.7598,12.22763,1.733914,1.289868,0.7333483,0.3068251,2,1,249.6635,1.826162,188.5734,0.000128152,1,1,1,Attack
 28/12/2015 12:03:02 PM,2.55837,510.1681,2,2,1,263.4261,6,329.7872,2.441034,2,1,1,1,1,2,1,19.72598,2.214009,866.5247,1,2,1,1,1,2,148.808,155.2679,1.724794,912.7275,1,2,1,1,2,7.869969,144.4758,261.7598,12.22763,1.733914,1.291789,0.7333483,0.3068251,2,1,249.6635,1.681991,188.5734,0.000128152,1,1,1,Attack
 28/12/2015 12:03:03 PM,2.55837,510.1681,2,2,1,263.4261,6,329.7872,2.441034,2,1,1,1,1,2,1,19.77079,2.214009,866.8851,1,2,1,1,1,2,148.808,155.2679,1.724794,912.7659,1,2,1,1,2,7.869969,144.4758,261.7598,12.22763,1.733914,1.306648,0.7353967,0.3068251,2,1,249.6635,1.681991,188.5734,0.000128152,1,1,1,Attack
 28/12/2015 12:03:04 PM,2.55837,510.2859,2,2,1,263.4261,6,329.7872,2.441419,2,1,1,1,1,2,1,19.77079,2.214009,867.2856,1,2,1,1,1,2,148.808,155.2679,1.724794,912.3046,1,2,1,1,2,7.869969,144.4758,261.7598,12.22763,1.733914,1.312028,0.7357808,0.3068251,2,1,249.6635,1.681991,188.5734,0.000128152,1,1,1,Attack
 28/12/2015 12:03:05 PM,2.55837,510.4036,2,2,1,263.4261,6,329.7872,2.441419,2,1,1,1,1,2,1,19.7836,2.214009,867.526,1,2,1,1,1,2,148.808,155.2679,1.724794,912.1123,1,2,1,1,2,7.869969,144.4758,261.7598,12.22763,1.733914,1.312028,0.7357808,0.3068251,2,1,249.6635,1.681991,188.5734,0.000128152,1,1,1,Attack
 28/12/2015 12:03:06 PM,2.556129,510.5999,2,2,1,263.4261,6,329.7872,2.441419,2,1,1,1,1,2,1,19.82201,2.214009,867.4859,1,2,1,1,1,2,148.808,155.2679,1.724794,912.2661,1,2,1,1,2,7.869969,144.4758,261.7598,12.22763,1.735965,1.312028,0.7357808,0.3068251,2,1,249.7757,1.681991,188.8138,0.000128152,1,1,1,Attack
 28/12/2015 12:03:07 PM,2.555168,510.6784,2,2,1,263.4261,6,329.7872,2.440137,2,1,1,1,1,2,1,19.7964,2.214009,868.0467,1,2,1,1,1,2,148.808,155.2679,1.724794,912.3046,1,2,1,1,2,7.869969,144.4758,261.7598,12.22763,1.737119,1.306264,0.7336044,0.3068251,2,1,249.8238,1.746067,188.8138,0.000128152,1,1,1,Attack
 28/12/2015 12:03:08 PM,2.555168,510.5999,2,2,1,263.4261,6,329.7872,2.440137,2,1,1,1,1,2,1,19.74838,2.214906,867.9666,1,2,1,1,1,2,148.808,155.2679,1.724794,912.6506,1,2,1,1,2,7.869969,144.4758,261.7598,12.22763,1.73776,1.29243,0.7336044,0.3068251,2,1,249.8238,1.746067,188.8138,0.000128152,1,1,1,Attack
 28/12/2015 12:03:09 PM,2.555168,510.4821,2,2,1,263.4261,6,329.7872,2.440137,2,1,1,1,1,2,1,19.74838,2.21529,868.0467,1,2,1,1,1,2,148.808,155.2679,1.725435,912.6506,1,2,1,1,2,7.869969,144.4758,261.7598,12.22763,1.73776,1.291789,0.7336044,0.306761,2,1,249.8238,1.746067,188.8138,0.000128152,1,1,1,Attack
 28/12/2015 12:03:10 PM,2.555168,510.4821,2,2,1,263.4261,6,329.7872,2.440137,2,1,1,1,1,2,1,19.72277,2.21529,868.327,1,2,1,1,1,2,148.808,155.2679,1.727357,912.8428,1,2,1,1,2,7.869969,144.4758,261.7598,12.22763,1.73776,1.291789,0.7336044,0.3061205,2,1,249.8238,1.746067,188.8138,0.000128152,1,1,1,Attack
 28/12/2015 12:03:11 PM,2.555168,510.2859,2,2,1,263.4261,6,329.7872,2.440137,2,1,1,1,1,2,1,19.71637,2.213368,867.8865,1,2,1,1,1,2,148.808,155.2679,1.727357,912.7659,1,2,1,1,2,7.869969,144.4758,261.7598,12.22763,1.73776,1.298834,0.732068,0.3061205,2,1,249.8238,1.746067,188.8138,0.000128152,1,1,1,Attack
 28/12/2015 12:03:12 PM,2.551324,510.0111,2,2,1,263.4261,6,329.7872,2.440137,2,1,1,1,1,2,1,19.71637,2.213368,868.4472,1,2,1,1,1,2,148.808,155.2679,1.727357,912.9582,1,2,1,1,2,7.869969,144.4758,261.7598,12.22763,1.735324,1.312284,0.732068,0.3065048,2,1,249.8238,1.746067,188.8138,0.000128152,1,1,1,Attack
 28/12/2015 12:03:13 PM,2.551324,509.6971,2,2,1,263.4261,6,329.7872,2.440137,2,1,1,1,1,2,1,19.74198,2.213368,868.3671,1,2,1,1,1,2,148.808,155.2679,1.727357,913.4581,1,2,1,1,2,7.869969,144.4758,261.7598,12.22763,1.735068,1.312284,0.7355248,0.3065689,2,1,249.8238,1.746067,188.8138,0.000128152,1,1,1,Attack
 28/12/2015 12:03:14 PM,2.551324,509.5793,2,2,1,263.4261,6,329.7872,2.440137,2,1,1,1,1,2,1,19.77399,2.212215,868.3671,1,2,1,1,1,2,148.808,155.2679,1.727357,913.8426,1,2,1,1,2,7.869969,144.4758,261.7598,12.22763,1.735068,1.321378,0.7355248,0.306761,2,1,249.8238,1.746067,188.8138,0.000128152,1,1,1,Attack
 28/12/2015 12:03:15 PM,2.54588,509.5008,2,2,1,263.4261,6,329.7872,2.441803,2,1,1,1,1,2,1,19.79,2.211959,868.4472,1,2,1,1,1,2,148.808,155.2679,1.727357,914.1887,1,2,1,1,2,7.869969,144.4758,261.7598,12.22763,1.735068,1.318176,0.7355248,0.306761,2,1,249.8238,1.746067,188.7817,0.000128152,1,1,1,Attack
 28/12/2015 12:03:16 PM,2.54588,509.8933,2,2,1,263.4261,6,329.7872,2.441803,2,1,1,1,1,2,1,19.79,2.209653,868.3671,1,2,1,1,1,2,148.808,155.2679,1.727357,914.6885,1,2,1,1,2,7.869969,144.4758,261.7598,12.22763,1.734043,1.297297,0.7355248,0.306761,2,1,249.8238,1.746067,188.6055,0.000128152,1,1,1,Attack
 28/12/2015 12:03:17 PM,2.54588,509.5793,2,2,1,263.4261,6,329.7872,2.439496,2,1,1,1,1,2,1,19.77399,2.209653,868.0867,1,2,1,1,1,2,148.808,155.2679,1.727357,914.9962,1,2,1,1,2,7.869969,144.4758,261.5675,12.22763,1.734043,1.282951,0.7355248,0.306761,2,1,249.6796,1.746067,188.6055,0.000128152,1,1,1,Attack
 28/12/2015 12:03:18 PM,2.54588,509.383,2,2,1,263.4261,6,329.7872,2.439496,2,1,1,1,1,2,1,19.77079,2.209653,868.1668,1,2,1,1,1,2,148.808,155.2679,1.725563,914.8423,1,2,1,1,2,7.869969,144.4758,261.5675,12.22763,1.734043,1.272704,0.7355248,0.306761,2,1,249.5995,1.746067,188.6055,0.000128152,1,1,1,Attack
 28/12/2015 12:03:19 PM,2.548442,509.3045,2,2,1,263.4261,6,329.7872,2.439496,2,1,1,1,1,2,1,19.86043,2.209653,867.9265,1,2,1,1,1,2,148.808,155.2679,1.724282,915.1115,1,2,1,1,2,7.869969,144.4758,261.5675,12.22763,1.734043,1.275778,0.7355248,0.306761,2,1,249.5995,1.746067,188.6055,0.000128152,1,1,1,Attack
 28/12/2015 12:03:20 PM,2.548442,509.5793,2,2,1,263.4261,6,329.7872,2.439496,2,1,1,1,1,2,1,19.86043,2.212856,867.8865,1,2,1,1,1,2,148.808,155.2679,1.723897,915.3807,1,2,1,1,2,7.869969,144.4758,261.5675,12.22763,1.734043,1.290509,0.7355248,0.306761,2,1,249.5995,1.746067,188.6055,0.000128152,1,1,1,Attack
 28/12/2015 12:03:21 PM,2.548442,509.9718,2,2,1,263.4261,6,329.6847,2.439496,2,1,1,1,1,2,1,19.77079,2.212856,867.7263,1,2,1,1,1,2,148.808,155.2679,1.723897,915.6883,1,2,1,1,2,7.869969,144.527,261.5675,12.22763,1.734043,1.29243,0.7355248,0.306761,2,1,249.4713,1.746067,188.3972,0.000128152,1,1,1,Attack
 28/12/2015 12:03:22 PM,2.548442,510.2073,2,2,1,263.4261,6,329.5565,2.439496,2,1,1,1,1,2,1,19.66835,2.212856,867.3658,1,2,1,1,1,2,148.808,155.2679,1.723897,916.0728,1,2,1,1,2,7.869969,144.527,261.5675,12.22763,1.734043,1.288587,0.7345005,0.306761,2,1,249.3431,1.746067,188.3972,0.000128152,1,1,1,Attack
 28/12/2015 12:03:23 PM,2.548442,509.8148,2,2,1,263.4261,6,329.5565,2.437062,2,1,1,1,1,2,1,19.62354,2.212856,867.6461,1,2,1,1,1,2,148.808,155.2679,1.723641,916.1497,1,2,1,1,2,7.869969,144.527,261.5675,12.22763,1.734043,1.281927,0.7333483,0.306761,2,1,249.3431,1.746067,188.3972,0.000128152,1,1,1,Attack
 28/12/2015 12:03:24 PM,2.548442,509.6186,2,2,1,263.4261,6,329.5565,2.437062,2,1,1,1,1,2,1,19.62354,2.215162,867.4859,1,2,1,1,1,2,148.808,155.2679,1.723641,916.342,1,2,1,1,2,7.869969,144.7321,261.5675,12.22763,1.734043,1.271935,0.7327082,0.306761,2,1,249.3431,1.746067,188.3972,0.000128152,1,1,1,Attack
 28/12/2015 12:03:25 PM,2.550684,509.6971,2,2,1,263.4261,6,329.5565,2.439112,2,1,1,1,1,2,1,19.62354,2.215162,867.6862,1,2,1,1,1,2,148.808,155.2679,1.723641,916.7265,1,2,1,1,2,7.869969,144.7321,261.7598,12.22763,1.734043,1.271551,0.7327082,0.306761,2,1,249.3431,1.746067,188.3972,0.000128152,1,1,1,Attack
 28/12/2015 12:03:26 PM,2.550684,510.0111,2,2,1,263.4261,6,329.5565,2.440393,2,1,1,1,1,2,1,19.68756,2.215162,867.3257,1,2,1,1,1,2,148.808,155.2679,1.723641,916.8419,1,2,1,1,2,7.869969,144.7321,261.888,12.22763,1.734043,1.271551,0.7327082,0.306761,2,1,249.3431,1.746067,188.3011,0.000128152,1,1,1,Attack
 28/12/2015 12:03:27 PM,2.550684,509.8148,2,2,1,263.4261,6,329.5565,2.440393,2,1,1,1,1,2,1,19.70357,2.213881,867.0854,1,2,1,1,1,2,148.808,155.2679,1.723641,917.0341,1,2,1,1,2,7.869969,144.7321,261.888,12.22763,1.734043,1.271551,0.7327082,0.306761,2,1,249.3431,1.746067,188.221,0.000128152,1,1,1,Attack
 28/12/2015 12:03:28 PM,2.550684,509.6186,2,2,1,263.4261,6,329.5565,2.440393,2,1,1,1,1,2,1,19.67796,2.213881,867.1655,1,2,1,1,1,2,148.808,155.2679,1.723641,917.2264,1,2,1,1,2,7.869969,144.7321,261.888,12.30454,1.735581,1.282183,0.7327082,0.306761,2,1,249.3431,1.746067,188.221,0.000128152,1,1,1,Attack
 28/12/2015 12:03:29 PM,2.550684,509.383,2,2,1,263.4261,6,329.5565,2.441675,2,1,1,1,1,2,1,19.65235,2.216187,866.8851,1,2,1,1,1,2,148.808,155.2679,1.724922,917.111,1,2,1,1,2,7.869969,144.7321,261.7598,12.30454,1.736222,1.284104,0.7327082,0.306761,2,1,249.3431,1.746067,188.221,0.000128152,1,1,1,Attack
 28/12/2015 12:03:30 PM,2.54652,509.5008,2,2,1,263.4261,6,329.5565,2.441675,2,1,1,1,1,2,1,19.65235,2.216699,866.3243,1,2,1,1,1,2,148.808,155.2679,1.724922,917.3033,1,2,1,1,2,7.869969,144.6552,261.7598,12.30454,1.736222,1.282311,0.7327082,0.306761,2,1,249.3431,1.746067,188.221,0.000128152,1,1,1,Attack
 28/12/2015 12:03:31 PM,2.54652,509.5008,2,2,1,263.4261,6,329.5565,2.441675,2,1,1,1,1,2,1,19.65235,2.216699,866.3243,1,2,1,1,1,2,148.808,155.2679,1.724922,917.3033,1,2,1,1,2,7.869969,144.6552,261.7598,12.30454,1.736222,1.282311,0.7327082,0.306761,2,1,249.3431,1.746067,188.221,0.000128152,1,1,1,Attack
 28/12/2015 12:03:32 PM,2.54652,509.8933,2,2,1,263.4261,6,329.5565,2.441675,2,1,1,1,1,2,1,19.67796,2.213368,866.3644,1,2,1,1,1,2,148.808,155.2679,1.724922,917.3802,1,2,1,1,2,7.869969,144.6552,261.7598,12.30454,1.736222,1.281286,0.7327082,0.306761,2,1,249.5354,1.746067,188.5414,0.000128152,1,1,1,Attack
 28/12/2015 12:03:33 PM,2.54652,510.3643,2,2,1,263.4261,6,329.5565,2.440137,2,1,1,1,1,2,1,19.70357,2.212984,866.3243,1,2,1,1,1,2,148.808,155.2679,1.724922,917.3417,1,2,1,1,2,7.869969,144.6552,261.7598,12.30454,1.736222,1.288587,0.7348846,0.306761,2,1,249.5514,1.746067,188.5414,0.000128152,1,1,1,Attack
 28/12/2015 12:03:34 PM,2.54652,510.9139,2,2,1,263.4261,6,329.6334,2.439881,2,1,1,1,1,2,1,19.70357,2.212984,866.2443,1,2,1,1,1,2,148.808,155.2679,1.724922,917.3417,1,2,1,1,2,7.869969,144.6552,261.7598,12.30454,1.736606,1.301396,0.7348846,0.306761,2,1,249.5514,1.746067,188.5414,0.000128152,1,1,1,Attack
 28/12/2015 12:03:35 PM,2.54652,511.2672,2,2,1,263.4261,6,329.7103,2.439881,2,1,1,1,1,2,1,19.70357,2.212984,866.4445,1,2,1,1,1,2,148.808,155.2679,1.726845,917.1495,1,2,1,1,2,7.869969,144.6296,261.7598,12.30454,1.737247,1.311259,0.7348846,0.306761,2,1,249.6155,1.746067,188.5414,0.000128152,1,1,1,Attack
 28/12/2015 12:03:36 PM,2.549723,511.4634,2,2,1,263.4261,6,329.7103,2.439881,2,1,1,1,1,2,1,19.70357,2.211318,866.044,1,2,1,1,1,2,148.808,155.2679,1.727357,917.3417,1,2,1,1,2,7.869969,144.6296,261.7598,12.30454,1.739041,1.312412,0.7348846,0.306761,2,1,249.6155,1.746067,188.5414,0.000128152,1,1,1,Attack
 28/12/2015 12:03:37 PM,2.552285,511.2672,2,2,1,263.4261,6,329.7103,2.44206,2,1,1,1,1,2,1,19.65235,2.211318,865.9639,1,2,1,1,1,2,148.808,155.2679,1.727613,917.2264,1,2,1,1,2,7.869969,144.6296,261.7598,12.30454,1.739041,1.306648,0.7348846,0.306761,2,1,249.6796,1.746067,188.5414,0.000128152,1,1,1,Attack
 28/12/2015 12:03:38 PM,2.552285,511.4634,2,2,1,263.4261,6,329.7103,2.44206,2,1,1,1,1,2,1,19.68756,2.211318,866.3644,1,2,1,1,1,2,148.808,155.2679,1.726716,917.1495,1,2,1,1,2,7.869969,144.6296,261.7598,12.30454,1.739041,1.302165,0.7348846,0.306761,2,1,249.6796,1.746067,188.5414,0.000128152,1,1,1,Attack
 28/12/2015 12:03:39 PM,2.553566,511.1102,2,2,1,263.4261,6,329.7103,2.44206,2,1,1,1,1,2,1,19.74198,2.211318,866.1241,1,2,1,1,1,2,148.808,155.2679,1.72646,917.1495,1,2,1,1,2,7.869969,144.6296,261.7598,12.30454,1.737631,1.302165,0.7348846,0.306761,2,1,249.6796,1.746067,188.5414,0.000128152,1,1,1,Attack
 28/12/2015 12:03:40 PM,2.556129,511.2672,2,2,1,263.4261,6,329.7103,2.44206,2,1,1,1,1,2,1,19.74198,2.211318,866.5247,1,2,1,1,1,2,148.808,155.2679,1.72646,917.4186,1,2,1,1,2,7.869969,144.6296,261.7598,12.30454,1.737631,1.302165,0.7348846,0.306761,2,1,249.6796,1.746067,188.5414,0.000128152,1,1,1,Attack
 28/12/2015 12:03:41 PM,2.558691,511.3064,2,2,1,263.4261,6,329.7103,2.44206,2,1,1,1,1,2,1,19.74198,2.212343,866.4846,1,2,1,1,1,2,148.808,155.2679,1.72646,917.5724,1,2,1,1,2,7.869969,144.6296,261.7598,12.22763,1.735068,1.292814,0.7348846,0.306761,2,1,249.4392,1.746067,188.4613,0.000128152,1,1,1,Attack
 28/12/2015 12:03:42 PM,2.55773,511.3849,2,2,1,263.4261,6,329.7103,2.440778,2,1,1,1,1,2,1,19.74198,2.213496,867.0453,1,2,1,1,1,2,148.808,155.2679,1.72646,917.6108,1,2,1,1,2,7.869969,144.6296,261.7598,12.22763,1.73494,1.291277,0.7348846,0.306761,2,1,249.1989,1.746067,188.237,0.000128152,1,1,1,Attack
 28/12/2015 12:03:43 PM,2.554847,511.3849,2,2,1,263.4261,6,329.7103,2.440265,2,1,1,1,1,2,1,19.74198,2.212343,866.845,1,2,1,1,1,2,148.808,155.2679,1.72646,917.6108,1,2,1,1,2,7.869969,144.6296,261.7598,12.22763,1.734555,1.277315,0.7348846,0.306761,2,1,249.1989,1.746067,188.237,0.000128152,1,1,1,Attack
 28/12/2015 12:03:44 PM,2.554847,511.5419,2,2,1,263.4261,6,329.7103,2.440137,2,1,1,1,1,2,1,19.74198,2.211831,866.7249,1,2,1,1,1,2,148.808,155.2679,1.72646,917.88,1,2,1,1,2,7.869969,144.7321,261.7598,12.22763,1.733914,1.271679,0.7348846,0.306761,2,1,249.1989,1.746067,188.237,0.000128152,1,1,1,Attack
 28/12/2015 12:03:45 PM,2.554847,511.6597,2,2,1,263.4261,6,329.7103,2.440137,2,1,1,1,1,2,1,19.74198,2.211831,867.2856,1,2,1,1,1,2,148.808,155.0372,1.724538,918.0723,1,2,1,1,2,7.869969,144.7834,261.7598,12.22763,1.733914,1.271423,0.7348846,0.306761,2,1,249.1989,1.746067,188.237,0.000128152,1,1,1,Attack
 28/12/2015 12:03:46 PM,2.548121,511.5812,2,2,1,263.4261,6,329.7103,2.440137,2,1,1,1,1,2,1,19.74198,2.211831,867.526,1,2,1,1,1,2,148.808,155.0372,1.72441,918.2645,1,2,1,1,2,7.869969,144.7834,261.7598,12.22763,1.732761,1.262073,0.7348846,0.306761,2,1,249.1989,1.746067,188.237,0.000128152,1,1,1,Attack
 28/12/2015 12:03:47 PM,2.548121,511.6989,2,2,1,263.4261,6,329.7103,2.440137,2,1,1,1,1,2,1,19.74198,2.210166,868.1668,1,2,1,1,1,2,148.808,155.0372,1.72441,917.9185,1,2,1,1,2,7.869969,144.7834,261.7598,12.22763,1.731735,1.268093,0.7348846,0.306761,2,1,249.1989,1.746067,188.237,0.000128152,1,1,1,Attack
 28/12/2015 12:03:48 PM,2.548121,511.5027,2,2,1,263.4261,6,329.7103,2.440137,2,1,1,1,1,2,1,19.74198,2.210166,868.3671,1,2,1,1,1,2,148.808,155.0372,1.719924,917.9569,1,2,1,1,2,7.869969,144.7834,261.7598,12.22763,1.731735,1.272704,0.7348846,0.306761,2,1,249.1989,1.746067,188.237,0.000128152,1,1,1,Attack
 28/12/2015 12:03:49 PM,2.548121,511.3457,2,2,1,263.4261,6,329.7103,2.440137,2,1,1,1,1,2,1,19.74198,2.212343,868.4872,1,2,1,1,1,2,148.808,155.0372,1.719796,917.5339,1,2,1,1,2,7.869969,144.7834,261.7598,12.22763,1.731735,1.290509,0.7353967,0.306761,2,1,249.1989,1.681991,188.237,0.000128152,1,1,1,Attack
 28/12/2015 12:03:50 PM,2.548121,511.3064,2,2,1,263.4261,6,329.7103,2.440137,2,1,1,1,1,2,1,19.75159,2.2126,868.4872,1,2,1,1,1,2,148.808,155.0372,1.719796,917.4955,1,2,1,1,2,7.869969,144.7834,261.7598,12.22763,1.733017,1.291918,0.7353967,0.306761,2,1,249.1989,1.681991,188.237,0.000128152,1,1,1,Attack
 28/12/2015 12:03:51 PM,2.548121,511.1887,2,2,1,263.4261,6,329.7103,2.440137,2,1,1,1,1,2,1,19.76759,2.2126,868.4472,1,2,1,1,1,2,148.808,155.0372,1.719796,917.9569,1,2,1,1,2,7.869969,144.7834,261.7598,12.22763,1.734427,1.291918,0.7353967,0.306761,2,1,249.1989,1.681991,188.237,0.000128152,1,1,1,Attack
 28/12/2015 12:03:52 PM,2.548121,511.3849,2,2,1,263.4261,8.367277,329.7103,2.440137,2,1,1,2,1,2,1,19.75799,2.211447,868.4872,1,2,1,1,1,2,148.808,155.0372,1.720565,917.9569,1,2,1,1,2,7.869969,144.7834,261.7598,12.22763,1.734427,1.291918,0.7342445,0.306761,2,1,249.1989,1.681991,188.237,0.000128152,1,1,1,Attack
 28/12/2015 12:03:53 PM,2.548121,511.5812,2,2,1,263.4261,8.367277,329.7103,2.440137,2,1,1,2,1,2,1,19.71637,2.210294,868.7276,1,2,1,1,1,2,148.808,155.0372,1.723128,918.0723,1,2,1,1,2,7.869969,144.7834,261.7598,12.22763,1.734427,1.291918,0.7342445,0.306761,2,1,249.1989,1.69801,188.2049,0.000128152,1,1,1,Attack
 28/12/2015 12:03:54 PM,2.551965,511.6597,2,2,1,263.4261,8.367277,329.7103,2.440137,2,1,1,2,1,2,1,19.71637,2.210294,869.1281,1,2,1,1,1,2,148.808,155.0372,1.724922,918.1876,1,2,1,1,2,7.869969,144.7834,261.7598,12.22763,1.734427,1.282951,0.7342445,0.306761,2,1,249.3111,1.762086,188.2049,0.000128152,1,1,1,Attack
 28/12/2015 12:03:55 PM,2.551965,511.3849,2,2,1,263.4261,8.367277,329.7103,2.440137,2,1,1,2,1,2,1,19.71637,2.210294,869.008,1,2,1,1,1,2,148.808,155.0372,1.724922,917.9569,1,2,1,1,2,7.869969,144.7834,261.7598,12.22763,1.734427,1.281798,0.7342445,0.306761,2,1,249.4713,1.762086,188.2049,0.000128152,1,1,1,Attack
 28/12/2015 12:03:56 PM,2.550043,510.9924,2,2,1,263.4261,8.367277,329.7103,2.440137,2,1,1,2,1,2,1,19.71637,2.21324,869.3685,1,2,1,1,1,2,148.808,155.0372,1.726716,917.8031,1,2,1,1,2,7.869969,144.7834,261.7598,12.22763,1.734427,1.27898,0.7352687,0.306761,2,1,249.4713,1.762086,188.2049,0.000128152,1,1,1,Attack
 28/12/2015 12:03:57 PM,2.548442,511.1887,2,2,1,263.4261,8.367277,329.7103,2.440137,2,1,1,2,1,2,1,19.71637,2.213496,869.5687,1,2,1,1,1,2,148.808,155.0372,1.726716,918.1492,1,2,1,1,2,7.869969,144.7834,261.7598,12.22763,1.733017,1.272576,0.7353967,0.3081062,2,1,249.4713,1.762086,188.253,0.000128152,1,1,1,Attack
 28/12/2015 12:03:58 PM,2.548442,511.3457,2,2,1,263.4261,8.367277,329.7103,2.440137,2,1,1,2,1,2,1,19.71637,2.213496,869.4886,1,2,1,1,1,2,148.808,155.0372,1.726716,918.3414,1,2,1,1,2,7.869969,144.7834,261.7598,12.22763,1.731864,1.280261,0.7353967,0.3084265,2,1,249.4713,1.762086,188.3652,0.000128152,1,1,1,Attack
 28/12/2015 12:03:59 PM,2.548442,511.5027,2,2,1,263.4261,8.367277,329.7103,2.440137,2,1,1,2,1,2,1,19.71637,2.213496,869.6889,1,2,1,1,1,2,148.808,155.0372,1.729023,918.5721,1,2,1,1,2,7.869969,144.7834,261.7598,12.22763,1.731864,1.286666,0.7353967,0.3084265,2,1,249.4713,1.762086,188.3652,0.000128152,1,1,1,Attack
 28/12/2015 12:04:00 PM,2.547481,511.5419,2,2,1,263.4261,8.367277,329.6334,2.440137,2,1,1,2,1,2,1,19.71637,2.213496,869.6889,1,2,1,1,1,2,148.808,155.0372,1.729664,918.7644,1,2,1,1,2,7.869969,144.7834,261.7598,12.22763,1.733274,1.301652,0.7353967,0.3084265,2,1,249.4713,1.762086,188.3652,0.000128152,1,1,1,Attack
 28/12/2015 12:04:01 PM,2.543958,511.6597,2,2,1,263.4261,8.367277,329.5309,2.440137,2,1,1,2,1,2,1,19.71637,2.213496,869.6088,1,2,1,1,1,2,148.808,155.0884,1.729664,919.0336,1,2,1,1,2,7.869969,144.7834,261.7598,12.22763,1.734555,1.301652,0.7341164,0.3072735,2,1,249.4713,1.617916,188.3652,0.000128152,1,1,1,Attack
 28/12/2015 12:04:02 PM,2.543317,511.6989,2,2,1,263.4261,8.367277,329.5309,2.442444,2,1,1,2,1,2,1,19.71637,2.213496,869.2883,1,2,1,1,1,2,148.808,155.2679,1.729664,919.3027,1,2,1,1,2,7.869969,144.7834,261.7598,12.22763,1.734555,1.292046,0.7341164,0.3072735,2,1,249.4713,1.617916,188.4132,0.000128152,1,1,1,Attack
 28/12/2015 12:04:03 PM,2.543317,511.5812,2,2,1,263.4261,8.366636,329.5309,2.442444,2,1,1,2,1,2,1,19.64274,2.213496,869.2083,1,2,1,1,1,2,148.808,155.2679,1.726204,919.6873,1,2,1,1,2,7.869969,144.7834,261.7598,12.22763,1.734555,1.282311,0.7341164,0.3068891,2,1,249.6155,1.617916,188.6055,0.000128152,1,1,1,Attack
 28/12/2015 12:04:04 PM,2.548442,511.5812,2,2,1,263.4261,8.365035,329.5309,2.441034,2,1,1,2,1,2,1,19.64274,2.210806,868.8478,1,2,1,1,1,2,148.808,155.2679,1.725691,919.6104,1,2,1,1,2,7.869969,144.7834,261.7598,12.22763,1.734555,1.28167,0.7329642,0.3068891,2,1,249.6155,1.665972,188.6055,0.000128152,1,1,1,Attack
 28/12/2015 12:04:05 PM,2.548442,511.3849,2,2,1,263.4261,8.365035,329.5309,2.441034,2,1,1,2,1,2,1,19.64274,2.210806,869.1281,1,2,1,1,1,2,148.808,155.2679,1.725691,919.6488,1,2,1,1,2,7.869969,144.7834,261.7598,12.22763,1.734555,1.283079,0.7327082,0.3062486,2,1,249.7757,1.826162,188.6055,0.000128152,1,1,1,Attack
 28/12/2015 12:04:06 PM,2.551965,511.1887,2,2,1,263.4261,8.365035,329.5309,2.441034,2,1,1,2,1,2,1,19.72277,2.210806,869.0881,1,2,1,1,1,2,148.808,155.2679,1.727613,919.6104,1,2,1,1,2,7.869969,144.7834,261.7598,12.22763,1.734555,1.302933,0.7327082,0.3062486,2,1,249.7757,1.826162,188.6055,0.000128152,1,1,1,Attack
 28/12/2015 12:04:07 PM,2.554847,510.7961,2,2,1,263.4261,8.365035,329.5309,2.441034,2,1,1,2,1,2,1,19.73238,2.210166,868.9679,1,2,1,1,1,2,148.808,155.2679,1.727613,919.9949,1,2,1,1,2,7.869969,144.7834,261.7598,12.22763,1.734555,1.308185,0.7327082,0.3062486,2,1,249.7757,1.826162,188.6055,0.000128152,1,1,1,Attack
 28/12/2015 12:04:08 PM,2.554847,510.8746,2,2,1,263.4261,8.365035,329.5309,2.441034,2,1,1,2,1,2,1,19.74838,2.209909,868.4472,1,2,1,1,1,2,148.808,155.2679,1.726076,919.8795,1,2,1,1,2,7.869969,144.7834,261.7598,12.22763,1.734555,1.293967,0.7327082,0.3062486,2,1,249.7757,1.617916,188.6055,0.000128152,1,1,1,Attack
 28/12/2015 12:04:09 PM,2.554847,510.3643,2,2,1,263.4261,8.365035,329.5309,2.441419,2,1,1,2,1,2,1,19.74838,2.209909,868.9279,1,2,1,1,1,2,148.808,155.2679,1.724538,919.8026,1,2,1,1,2,7.869969,144.7834,261.7598,12.22763,1.734555,1.292558,0.7327082,0.3063127,2,1,249.5193,1.617916,188.6055,0.000128152,1,1,1,Attack
 28/12/2015 12:04:10 PM,2.554847,510.0896,2,2,1,263.4261,8.366317,329.5309,2.44206,2,1,1,2,1,2,1,19.70677,2.209909,869.1682,1,2,1,1,1,2,148.808,155.191,1.724538,920.0718,1,2,1,1,2,7.869969,144.7834,261.7598,12.22763,1.736991,1.299219,0.7327082,0.3071454,2,1,249.5193,1.746067,188.6055,0.000128152,1,1,1,Attack
