 29/12/2015 11:57:25 AM,0,813.1994,1,1,1,261.2471,8.490964,322.2251,0,1,1,1,1,1,1,1,19.97567,2.206835,814.3627,1,2,1,1,1,2,148.808,152.0123,1.707622,806.3702,1,2,1,1,2,7.858754,142.9377,260.9267,11.72776,1.717124,1.278084,0.7377012,0.30785,2,1,251.6182,1.521802,190.0154,0.000128152,1,1,1,Attack
 29/12/2015 11:57:26 AM,0,812.6498,1,1,1,261.2471,8.490964,322.2251,0,1,1,1,1,1,1,1,20.00448,2.209013,813.3627,1,2,1,1,1,2,148.808,152.0123,1.707622,806.3317,1,2,1,1,2,7.858754,142.9377,260.9267,11.72776,1.717124,1.267196,0.7378293,0.30785,2,1,251.6182,1.521802,189.9994,0.000128152,1,1,1,Attack
 29/12/2015 11:57:27 AM,0,812.3751,1,1,1,261.2471,8.490964,322.2251,0,1,1,1,1,1,1,1,19.98848,2.209013,812.3627,1,2,1,1,1,2,148.808,152.0123,1.707622,805.9857,1,2,1,1,2,7.858754,142.9377,260.9267,11.72776,1.717637,1.262073,0.7380853,0.30785,2,1,251.6182,1.521802,189.9994,0.000128152,1,1,1,Attack
 29/12/2015 11:57:28 AM,0,812.3358,1,1,1,261.2471,8.490964,322.2251,0,1,1,1,1,1,1,1,19.94046,2.209013,812.3627,1,2,1,1,1,2,148.808,152.0123,1.708134,805.6011,1,2,1,1,2,7.858754,142.9377,260.9267,11.72776,1.717637,1.266299,0.7389815,0.3083624,2,1,251.6182,1.521802,189.9994,0.000128152,1,1,1,Attack
 29/12/2015 11:57:29 AM,0,812.8461,1,1,1,261.2471,8.490964,322.2251,0,1,1,1,1,1,1,1,19.94046,2.209013,811.3627,1,2,1,1,1,2,148.808,152.0123,1.710185,805.8703,1,2,1,1,2,7.858754,142.9377,261.0549,11.72776,1.717637,1.271679,0.7389815,0.3084265,2,1,251.6182,1.521802,189.9994,0.000128152,1,1,1,Attack
 29/12/2015 11:57:30 AM,0,812.2573,1,1,1,261.2471,8.490644,322.2251,0,1,1,1,1,1,1,1,19.94046,2.209013,810.3627,1,2,1,1,1,2,148.808,152.0123,1.710441,805.7934,1,2,1,1,2,7.858754,142.9377,261.0869,11.88157,1.717637,1.290637,0.7389815,0.3084265,2,1,251.6182,1.521802,189.9994,0.000128152,1,1,1,Attack
 29/12/2015 11:57:31 AM,0,812.4143,1,1,1,261.2471,8.489041,322.2251,0,1,1,1,1,1,1,1,19.94686,2.209013,809.3627,1,2,1,1,1,2,148.808,152.0123,1.710441,806.1395,1,2,1,1,2,7.858754,142.9377,261.2151,11.88157,1.717637,1.288203,0.7387255,0.3084265,2,1,251.6182,1.521802,190.2237,0.000128152,1,1,1,Attack
 29/12/2015 11:57:32 AM,0,812.3751,1,1,1,261.2471,8.489041,322.2251,0,1,1,1,1,1,1,1,19.95967,2.206835,808.3627,1,2,1,1,1,2,148.808,152.0123,1.712107,806.1779,1,2,1,1,2,7.858754,142.9377,261.2151,11.88157,1.717637,1.272576,0.7379573,0.3084265,2,1,251.6182,1.521802,190.2237,0.000128152,1,1,1,Attack
 29/12/2015 11:57:33 AM,0,812.5321,1,1,1,261.2471,8.489041,322.3532,0,1,1,1,1,1,1,1,19.95967,2.206835,807.3627,1,2,1,1,1,2,148.808,152.0123,1.712107,806.3317,1,2,1,1,2,7.858754,142.9377,261.2151,11.88157,1.717637,1.268349,0.7379573,0.3084265,2,1,251.6182,1.521802,190.2237,0.000128152,1,1,1,Attack
 29/12/2015 11:57:34 AM,0,812.5321,1,1,1,261.2471,8.489041,322.3532,0,1,1,1,1,1,1,1,19.95967,2.205426,806.3627,1,2,1,1,1,2,148.808,152.0123,1.712107,806.4855,1,2,1,1,2,7.858754,142.9377,261.2151,11.88157,1.718277,1.261944,0.7379573,0.3084265,2,1,251.6182,1.521802,190.1436,0.000128152,1,1,1,Attack
 29/12/2015 11:57:35 AM,0,812.7676,1,1,1,261.2471,8.48808,322.3532,0,1,1,1,1,1,1,1,19.95967,2.205426,805.3627,1,2,1,1,1,2,148.808,152.0123,1.710441,806.7162,1,2,1,1,2,7.858754,142.9377,261.2151,11.88157,1.718918,1.267452,0.7379573,0.3084265,2,1,251.7624,1.521802,190.1436,0.000128152,1,1,1,Attack
 29/12/2015 11:57:36 AM,0,812.7283,1,1,1,261.2471,8.48808,322.3532,0,1,1,1,1,1,1,1,19.93406,2.205426,804.3627,1,2,1,1,1,2,148.808,152.0123,1.710441,806.8316,1,2,1,1,2,7.858754,142.9377,261.2151,11.88157,1.718918,1.276803,0.7360369,0.3084265,2,1,251.7624,1.489764,190.1436,0.000128152,1,1,1,Attack
 29/12/2015 11:57:37 AM,0,812.6106,1,1,1,261.2471,8.485837,322.3532,0,1,1,1,1,1,1,1,19.89884,2.205426,803.3627,1,2,1,1,1,2,148.808,152.0123,1.710441,807.4468,1,2,1,1,2,7.858754,142.9377,261.2151,11.88157,1.718918,1.281798,0.7360369,0.3084265,2,1,251.7944,1.489764,190.1436,0.000128152,1,1,1,Attack
 29/12/2015 11:57:38 AM,0,812.6106,1,1,1,261.2471,8.485837,322.3532,0,1,1,1,1,1,1,1,19.89244,2.205426,802.3627,1,2,1,1,1,2,148.808,152.1917,1.711466,807.7159,1,2,1,1,2,7.858754,142.9377,261.2151,11.88157,1.719687,1.287562,0.7378293,0.3084265,2,1,251.7944,1.489764,190.2878,0.000128152,1,1,1,Attack
 29/12/2015 11:57:39 AM,0,812.5714,1,1,1,261.2471,8.485837,322.3532,0,1,1,1,1,1,1,1,19.89244,2.205426,801.3627,1,2,1,1,1,2,148.808,152.3199,1.711466,808.1774,1,2,1,1,2,7.858754,142.9377,261.2151,11.88157,1.719815,1.297938,0.7378293,0.3084265,2,1,251.7944,1.489764,190.2878,0.000128152,1,1,1,Attack
 29/12/2015 11:57:40 AM,0,812.4143,1,1,1,261.2471,8.485837,322.3532,0,1,1,1,1,1,1,1,19.88284,2.206963,800.3627,1,2,1,1,1,2,148.808,152.3199,1.711466,808.062,1,2,1,1,2,7.858754,142.9377,261.2151,11.88157,1.719815,1.302037,0.7378293,0.3084265,2,1,251.7944,1.489764,190.2878,0.000128152,1,1,1,Attack
 29/12/2015 11:57:41 AM,0,812.3358,1,1,1,261.2471,8.485837,322.3532,0,1,1,1,1,1,1,1,19.86043,2.207091,799.3627,1,2,1,1,1,2,148.808,152.3199,1.711466,808.6003,1,2,1,1,2,7.858754,142.9377,261.2151,11.88157,1.719815,1.288075,0.7378293,0.3084265,2,1,251.7944,1.489764,190.2878,0.000128152,1,1,1,Attack
 29/12/2015 11:57:42 AM,0,812.4536,1,1,1,261.2471,8.481993,322.3532,0,1,1,1,1,1,1,1,19.83482,2.207091,798.3627,1,2,1,1,1,2,148.808,152.3199,1.711466,808.6388,1,2,1,1,2,7.858754,142.9377,261.2151,11.88157,1.718406,1.282567,0.7378293,0.3084265,2,1,251.7944,1.489764,190.1436,0.000128152,1,1,1,Attack
 29/12/2015 11:57:43 AM,0,812.3358,1,1,1,261.2471,8.481993,322.3532,0,0,1,1,1,1,1,1,19.83482,2.207091,797.3627,1,2,1,1,1,2,148.808,152.3199,1.709672,808.8695,1,2,1,1,2,7.858754,142.9377,261.2151,11.88157,1.718406,1.281286,0.7378293,0.3084265,2,1,251.7944,1.489764,190.1436,0.000128152,1,1,1,Attack
 29/12/2015 11:57:44 AM,0,812.0218,1,1,1,261.2471,8.481993,322.3532,0,0,1,1,1,1,1,1,19.83482,2.207091,796.3627,1,2,1,1,1,2,148.808,152.1405,1.709672,808.9464,1,2,1,1,2,7.858754,142.9377,261.2151,11.88157,1.718406,1.281286,0.7378293,0.3084265,2,1,251.7944,1.489764,190.1436,0.000128152,1,1,1,Attack
 29/12/2015 11:57:45 AM,0,812.1788,1,1,1,261.2471,8.481993,322.3532,0,0,1,1,1,1,1,1,19.7836,2.208372,795.3627,1,2,1,1,1,2,148.808,152.1405,1.709672,809.0618,1,2,1,1,2,7.857152,142.9377,261.2151,11.88157,1.718406,1.281286,0.7383414,0.3084265,2,1,251.7944,1.489764,190.1436,0.000128152,1,1,1,Attack
 29/12/2015 11:57:46 AM,0,812.061,1,1,1,261.2471,8.481993,322.3532,0,0,1,1,1,1,1,1,19.7836,2.208372,795.3627,1,2,1,1,1,2,148.808,152.1405,1.709672,809.0233,1,2,1,1,2,7.857152,142.9377,261.0869,11.88157,1.718406,1.281286,0.7383414,0.3084265,2,1,251.7944,1.489764,190.1436,0.000128152,1,1,1,Attack
 29/12/2015 11:57:47 AM,0,812.1788,1,1,1,261.2471,8.481993,322.3532,0,0,1,1,1,1,1,1,19.86683,2.208372,794.3627,1,2,1,1,1,2,148.808,152.1405,1.709672,808.9849,1,2,1,1,2,7.857152,142.9377,261.0869,11.88157,1.718406,1.264891,0.7383414,0.3084265,2,1,251.7944,1.489764,190.1436,0.000128152,1,1,1,Attack
 29/12/2015 11:57:48 AM,0,812.3751,1,1,1,261.2471,8.481993,322.3532,0,0,1,1,1,1,1,1,19.86683,2.206963,793.3627,1,2,1,1,1,2,148.808,152.1405,1.711338,808.9464,1,2,1,1,2,7.857152,142.9377,261.0869,11.88157,1.718406,1.262073,0.7383414,0.3084265,2,1,251.7944,1.489764,190.1436,0.000128152,1,1,1,Attack
 29/12/2015 11:57:49 AM,0,812.4536,1,1,1,261.2471,8.481993,322.3532,0,0,1,1,1,1,1,1,19.86683,2.206963,792.3627,1,2,1,1,1,2,148.808,152.1405,1.711338,808.7926,1,2,1,1,2,7.857152,142.9377,261.0869,11.88157,1.718406,1.261688,0.7371892,0.3084265,2,1,251.7944,1.489764,190.1436,0.000128152,1,1,1,Attack
 29/12/2015 11:57:50 AM,0,812.4536,1,2,1,261.2471,8.481993,322.3532,0,2,1,1,1,1,1,1,19.86683,2.206963,791.3627,1,2,1,1,1,2,148.808,152.1405,1.712107,808.7926,1,2,1,1,2,7.857152,142.9377,261.0869,11.88157,1.718406,1.261176,0.7353967,0.3084265,2,1,251.7944,1.489764,190.1436,0.000128152,1,1,1,Attack
 29/12/2015 11:57:51 AM,0,812.3358,1,2,1,261.2471,8.481993,322.3532,0,2,1,1,1,1,1,1,19.82841,2.206963,790.3627,1,2,1,1,1,2,148.808,152.1405,1.712107,809.0233,1,2,1,1,2,7.857152,142.9377,261.0869,11.88157,1.718406,1.271679,0.7353967,0.3084265,2,1,251.7944,1.489764,190.1436,0.000128152,1,1,1,Attack
 29/12/2015 11:57:52 AM,0,812.2573,1,2,1,261.2471,8.481993,322.3532,0,2,1,1,1,1,1,1,19.82841,2.206963,789.3627,1,2,1,1,1,2,148.808,152.1405,1.712107,808.4465,1,2,1,1,2,7.857152,142.9377,261.0869,11.88157,1.718406,1.279749,0.7353967,0.3084265,2,1,251.7944,1.489764,190.1436,0.000128152,1,1,1,Attack
 29/12/2015 11:57:53 AM,0,811.9433,1,2,1,261.2471,8.481993,322.3532,0.08855285,2,1,1,1,1,1,1,19.89244,2.205554,788.3627,1,2,1,1,1,2,148.808,152.1405,1.712107,808.3696,1,2,1,1,2,7.858434,142.9377,261.0869,11.88157,1.718406,1.282183,0.7353967,0.3084265,2,1,251.7944,1.489764,190.1436,0.000128152,1,1,1,Attack
 29/12/2015 11:57:54 AM,0,811.7863,1,2,1,261.2471,8.481993,322.3532,0.2742447,2,1,1,1,1,1,1,19.89244,2.205041,787.3627,1,2,1,1,1,2,148.808,152.1405,1.712107,808.6003,1,2,1,1,2,7.858434,142.9377,261.0869,11.65086,1.718406,1.282183,0.7353967,0.3084265,2,1,251.7944,1.489764,190.1436,0.000128152,1,1,1,Attack
 29/12/2015 11:57:55 AM,0,811.59,1,2,1,261.2471,8.481993,322.3789,0.5629706,2,1,1,1,1,1,1,19.91165,2.205041,786.3627,1,2,1,1,1,2,148.808,152.1405,1.711723,808.7926,1,2,1,1,2,7.858434,142.9377,261.0869,11.65086,1.719175,1.27834,0.7353967,0.3084265,2,1,251.7944,1.489764,190.1436,0.000128152,1,1,1,Attack
 29/12/2015 11:57:56 AM,0,811.9825,1,2,1,261.7598,8.481993,322.7634,0.9886906,2,1,1,1,1,1,1,19.91165,2.205169,785.3627,1,2,1,1,1,2,148.808,152.1405,1.709416,808.7542,1,2,1,1,2,7.858434,143.0659,261.0869,11.65086,1.719175,1.261048,0.7353967,0.3084265,2,1,251.7944,1.489764,190.1436,0.000128152,1,1,1,Attack
 29/12/2015 11:57:57 AM,0,812.1396,1,2,1,262.1764,8.481993,323.1223,1.319835,2,1,1,1,1,1,1,19.91165,2.205169,784.3627,1,2,1,1,1,2,148.808,152.1405,1.709416,809.3309,1,2,1,1,2,7.858434,143.0659,261.0869,11.65086,1.719303,1.254259,0.7353967,0.3084265,2,1,251.7944,1.489764,190.1756,0.000128152,1,1,1,Attack
 29/12/2015 11:57:58 AM,0,812.2181,1,2,1,262.3686,8.481993,323.4812,1.56076,2,1,1,1,1,1,1,19.91165,2.205169,784.3627,1,2,1,1,1,2,148.808,152.1405,1.709416,809.254,1,2,1,1,2,7.858434,143.0659,261.0869,11.65086,1.719559,1.254259,0.7366771,0.3084265,2,1,251.7944,1.489764,190.1756,0.000128152,1,1,1,Attack
 29/12/2015 11:57:59 AM,0,812.2181,1,2,1,262.3686,8.481993,324.1733,2.073367,2,1,1,2,1,2,1,19.89244,2.206322,782.3627,1,2,1,1,1,2,148.808,152.1405,1.710313,809.5232,1,2,1,1,2,7.858434,143.0659,261.0869,11.65086,1.719687,1.245165,0.7384694,0.3084265,2,1,251.7944,1.489764,190.1756,0.000128152,1,1,1,Attack
 29/12/2015 11:58:00 AM,0,811.9825,1,2,1,262.3686,8.481993,325.173,2.232147,2,1,1,2,1,2,1,19.83482,2.208628,781.3627,1,2,1,1,1,2,148.808,152.1405,1.711979,810.1,1,2,1,1,2,7.858434,143.0659,261.0869,11.65086,1.719687,1.257589,0.7384694,0.3084265,2,1,251.7944,1.489764,190.1756,0.000128152,1,1,1,Attack
 29/12/2015 11:58:01 AM,0,811.9825,1,2,1,262.3686,8.481993,325.173,2.232147,2,1,1,2,1,2,1,19.83482,2.208628,781.3627,1,2,1,1,1,2,148.808,152.1405,1.711979,810.1,1,2,1,1,2,7.858434,143.0659,261.0869,11.65086,1.719687,1.257589,0.7384694,0.3084265,2,1,251.7944,1.489764,190.1756,0.000128152,1,1,1,Attack
 29/12/2015 11:58:02 AM,0,811.8256,1,2,1,262.3686,8.475264,325.8139,2.336847,2,1,1,2,1,2,1,19.81881,2.208628,780.3627,1,2,1,1,1,2,148.808,151.8841,1.711979,809.9846,1,2,1,1,2,7.858434,143.0659,261.0869,11.65086,1.717765,1.277699,0.736421,0.3084265,2,1,251.7944,1.489764,190.1756,0.000128152,1,1,1,Attack
 29/12/2015 11:58:03 AM,0,811.7863,1,2,1,262.3686,8.469816,326.8393,2.395156,2,1,1,2,1,2,1,19.84442,2.208628,780.3627,1,2,1,1,1,2,148.808,151.8841,1.711979,810.1,1,2,1,1,2,7.858434,143.0659,261.0869,11.65086,1.717765,1.28167,0.7359089,0.3084265,2,1,251.7944,1.489764,190.1756,0.000128152,1,1,1,Attack
 29/12/2015 11:58:04 AM,0,811.59,1,2,1,262.3686,8.469175,327.7878,2.434114,2,1,1,2,1,2,1,19.84442,2.208628,779.3627,1,2,1,1,1,2,148.808,151.8841,1.710826,810.4076,1,2,1,1,2,7.858434,143.0659,261.0869,11.65086,1.717765,1.276675,0.7351407,0.3084265,2,1,251.7944,1.489764,190.1756,0.000128152,1,1,1,Attack
 29/12/2015 11:58:05 AM,0,811.0797,1,2,1,262.3686,8.463408,328.8644,2.453849,2,1,1,2,1,2,1,19.85082,2.208628,778.3627,1,2,1,1,1,2,148.808,151.8841,1.710826,810.3307,1,2,1,1,2,7.858434,143.0659,261.0869,11.76621,1.717765,1.276675,0.7351407,0.3084265,2,1,251.7944,1.489764,190.3358,0.000128152,1,1,1,Attack
 29/12/2015 11:58:06 AM,0,810.8835,1,2,1,262.3686,8.457319,329.8385,2.469996,2,1,1,2,1,2,1,19.89564,2.208628,777.3627,1,2,1,1,1,2,148.808,152.0892,1.710826,810.6383,1,2,1,1,2,7.858434,143.0659,261.0869,11.76621,1.717765,1.263738,0.7351407,0.3084265,2,1,251.7944,1.489764,190.3358,0.000128152,1,1,1,Attack
 29/12/2015 11:58:07 AM,0,810.4124,1,2,1,262.3686,8.454756,331.069,2.470637,2,1,1,2,1,2,1,19.89564,2.208628,776.3627,1,2,1,1,1,2,148.808,152.0892,1.710826,810.6383,1,2,1,1,2,7.858434,143.194,261.0869,11.76621,1.717765,1.265019,0.7351407,0.3084265,2,1,251.7944,1.489764,190.3358,0.000128152,1,1,1,Attack
 29/12/2015 11:58:08 AM,0,809.8629,1,2,1,261.92,8.449308,331.8893,2.472303,2,1,1,2,1,2,1,19.89564,2.208628,775.3627,1,2,1,1,1,2,148.808,152.0892,1.711466,811.0228,1,2,1,1,2,7.858434,143.2197,261.0869,11.76621,1.717765,1.26694,0.7351407,0.3084265,2,1,251.7944,1.489764,190.3358,0.000128152,1,1,1,Attack
 29/12/2015 11:58:09 AM,0,809.5881,1,2,1,261.7598,8.444502,332.3763,2.474226,2,1,1,2,1,2,1,19.91805,2.208628,774.3627,1,2,1,1,1,2,148.808,151.8841,1.711466,810.8306,1,2,1,1,2,7.858434,143.2197,261.0869,11.76621,1.717765,1.261816,0.7351407,0.3084265,2,1,251.7944,1.489764,190.3038,0.000128152,1,1,1,Attack
 29/12/2015 11:58:10 AM,0,809.2349,1,2,1,261.7598,8.439695,332.9146,2.474226,2,1,1,2,1,2,1,19.91805,2.205169,773.3627,1,2,1,1,1,2,148.808,151.8841,1.711466,810.9844,1,2,1,1,2,7.858434,143.2197,261.0869,11.76621,1.717765,1.261816,0.7373172,0.3084265,2,1,251.7944,1.489764,190.1756,0.000128152,1,1,1,Attack
 29/12/2015 11:58:11 AM,0,808.7245,1,2,1,262.0482,8.437773,333.4786,2.474226,2,1,1,2,1,2,1,19.96607,2.205169,772.3627,1,2,1,1,1,2,148.808,151.8841,1.711466,810.9075,1,2,1,1,2,7.858434,143.2197,261.0869,11.76621,1.717765,1.254771,0.7380853,0.3084265,2,1,251.9546,1.585878,190.1756,0.000128152,1,1,1,Attack
 29/12/2015 11:58:12 AM,0,808.4498,1,2,1,262.0482,8.433287,333.7606,2.475122,2,1,1,2,1,2,1,19.96607,2.205169,771.3627,1,2,1,1,1,2,148.808,151.8841,1.711466,811.1382,1,2,1,1,2,7.858434,143.2197,261.0869,11.76621,1.717765,1.257333,0.7380853,0.3084265,2,1,251.9546,1.585878,190.2076,0.000128152,1,1,1,Attack
 29/12/2015 11:58:13 AM,0,808.4498,1,2,1,262.0482,8.430082,334.1194,2.475379,2,1,1,2,1,2,1,19.96607,2.205169,770.3627,1,2,1,1,1,2,148.808,151.8841,1.711466,811.0997,1,2,1,1,2,7.858434,143.2197,261.0869,11.76621,1.717765,1.262073,0.7380853,0.3084265,2,1,251.9546,1.585878,190.3679,0.000128152,1,1,1,Attack
 29/12/2015 11:58:14 AM,0,807.704,1,2,1,262.0482,8.429121,334.4527,2.475379,2,1,1,2,1,2,1,19.95646,2.205169,769.3627,1,2,1,1,1,2,148.808,151.8841,1.712235,811.3304,1,2,1,1,2,7.858434,143.2197,261.0869,11.76621,1.717765,1.271679,0.7380853,0.3084265,2,1,251.9867,1.585878,190.496,0.000128152,1,1,1,Attack
 29/12/2015 11:58:15 AM,0,806.9582,1,2,1,262.0482,8.425596,334.5809,2.475379,2,1,1,2,1,2,1,19.91485,2.204144,768.3627,1,2,1,1,1,2,148.808,152.0636,1.712235,811.0228,1,2,1,1,2,7.858434,143.2197,261.0869,11.76621,1.718918,1.281158,0.7380853,0.3084265,2,1,252.1629,1.585878,190.496,0.000128152,1,1,1,Attack
 29/12/2015 11:58:16 AM,0,806.8405,1,2,1,262.0482,8.425596,334.9141,2.474226,2,1,1,2,1,2,1,19.83802,2.204144,767.3627,1,2,1,1,1,2,148.808,152.0636,1.712363,810.9844,1,2,1,1,2,7.858434,143.2197,261.0869,11.76621,1.719687,1.281927,0.7380853,0.3084265,2,1,252.1949,1.585878,190.496,0.000128152,1,1,1,Attack
 29/12/2015 11:58:17 AM,0,805.9376,1,2,1,262.0482,8.421751,334.9141,2.473457,2,1,1,2,1,2,1,19.83482,2.206322,767.3627,1,2,1,1,1,2,148.808,152.0636,1.71262,811.3304,1,2,1,1,2,7.858434,143.2197,261.0869,11.76621,1.719687,1.291149,0.7360369,0.3084265,2,1,252.1949,1.585878,190.6082,0.000128152,1,1,1,Attack
 29/12/2015 11:58:18 AM,0,805.0741,1,2,1,262.0482,8.42111,335.1448,2.474226,2,1,1,2,1,2,1,19.83482,2.206322,766.3627,1,2,1,1,1,2,148.808,152.0636,1.71262,811.292,1,2,1,1,2,7.858434,143.2197,261.0869,11.76621,1.720841,1.288587,0.7360369,0.3072735,2,1,252.1949,1.585878,190.6082,0.000128152,1,1,1,Attack
 29/12/2015 11:58:19 AM,0,804.5638,1,2,1,261.8559,8.420149,335.1448,2.474226,2,1,1,2,1,2,1,19.82841,2.206322,765.3627,1,2,1,1,1,2,148.808,152.0636,1.71262,811.5227,1,2,1,1,2,7.858434,143.2197,261.0869,11.76621,1.721738,1.286282,0.7351407,0.3068891,2,1,252.259,1.585878,190.6082,0.000128152,1,1,1,Attack
 29/12/2015 11:58:20 AM,0,804.132,1,2,1,261.8559,8.418547,335.1961,2.473841,2,1,1,2,1,2,1,19.7996,2.205169,764.3627,1,2,1,1,1,2,148.808,152.0636,1.710698,811.5227,1,2,1,1,2,7.858434,143.2197,261.0869,11.76621,1.721738,1.292046,0.7351407,0.3068891,2,1,252.3071,1.585878,190.6082,0.000128152,1,1,1,Attack
 29/12/2015 11:58:21 AM,0,802.8367,1,2,1,261.8559,8.415663,335.2986,2.472944,2,1,1,2,1,2,1,19.77079,2.204529,763.3627,1,2,1,1,1,2,148.808,152.0636,1.710698,811.3689,1,2,1,1,2,7.858434,143.2197,260.9587,11.76621,1.721738,1.288331,0.7351407,0.3062486,2,1,252.3071,1.585878,190.6082,0.000128152,1,1,1,Attack
 29/12/2015 11:58:22 AM,0,802.4834,1,2,1,261.6637,8.415663,335.4781,2.472944,2,1,1,2,1,2,1,19.77079,2.204529,762.3627,1,2,1,1,1,2,148.808,152.0636,1.710698,811.1382,1,2,1,1,2,7.858434,143.2197,260.9587,11.76621,1.721738,1.28167,0.7351407,0.3062486,2,1,252.3071,1.585878,190.6082,0.000128152,1,1,1,Attack
 29/12/2015 11:58:23 AM,0,801.9731,1,2,1,261.5996,8.414381,335.5294,2.476276,2,1,1,2,1,2,1,19.77079,2.206322,761.3627,1,2,1,1,1,2,148.808,152.0636,1.711338,811.0228,1,2,1,1,2,7.858434,143.2197,260.9587,11.76621,1.721738,1.27296,0.7351407,0.3066329,2,1,252.3071,1.585878,190.6082,0.000128152,1,1,1,Attack
 29/12/2015 11:58:24 AM,0,801.3058,1,2,1,261.5996,8.412779,335.5294,2.476276,2,1,1,2,1,2,1,19.82841,2.206835,760.3627,1,2,1,1,1,2,148.808,152.1148,1.711338,810.5614,1,2,1,1,2,7.858434,143.2197,260.9587,11.76621,1.721738,1.272064,0.7351407,0.3082983,2,1,252.3071,1.489764,190.6082,0.000128152,1,1,1,Attack
 29/12/2015 11:58:25 AM,0,800.9918,1,2,1,261.5996,8.412779,335.5294,2.476404,2,1,1,2,1,2,1,19.84762,2.206835,759.3627,1,2,1,1,1,2,148.808,152.1148,1.711338,810.8306,1,2,1,1,2,7.858434,143.2197,260.9587,11.76621,1.719559,1.272064,0.7351407,0.3086186,2,1,252.1148,1.489764,190.6082,0.000128152,1,1,1,Attack
 29/12/2015 11:58:26 AM,0,799.9319,1,2,1,261.5996,8.412779,335.5294,2.476404,2,1,1,2,1,2,1,19.84762,2.205426,758.3627,1,2,1,1,1,2,148.808,152.1148,1.711338,811.0228,1,2,1,1,2,7.858434,143.2197,260.9587,11.76621,1.719559,1.282567,0.7368051,0.3086186,2,1,252.1148,1.489764,190.6082,0.000128152,1,1,1,Attack
 29/12/2015 11:58:27 AM,0,799.4217,1,2,1,261.5996,8.412779,335.5294,2.47666,2,1,1,2,1,2,1,19.82841,2.205426,757.3627,1,2,1,1,1,2,148.808,152.1148,1.710826,810.8306,1,2,1,1,2,7.858434,143.2197,260.9587,11.76621,1.719559,1.292046,0.7379573,0.3086186,2,1,252.1148,1.489764,190.5601,0.000128152,1,1,1,Attack
 29/12/2015 11:58:28 AM,0,798.9114,1,2,1,261.5996,8.412779,335.5294,2.47666,2,1,1,2,1,2,1,19.77399,2.206963,756.3627,1,2,1,1,1,2,148.808,152.3199,1.710826,811.2151,1,2,1,1,2,7.860036,143.2197,260.9587,11.76621,1.719559,1.285129,0.7379573,0.3086186,2,1,252.0187,1.489764,190.4159,0.000128152,1,1,1,Attack
 29/12/2015 11:58:29 AM,0,798.9506,1,2,1,261.5996,8.412779,335.6575,2.47666,2,1,1,2,1,2,1,19.77399,2.207603,755.3627,1,2,1,1,1,2,148.808,152.3199,1.710826,811.1382,1,2,1,1,2,7.860036,143.2197,260.9587,11.76621,1.719559,1.281286,0.7379573,0.3086186,2,1,251.8745,1.489764,190.3839,0.000128152,1,1,1,Attack
 29/12/2015 11:58:30 AM,0,798.6366,1,2,1,261.5996,8.412779,335.6575,2.47666,2,1,1,2,1,2,1,19.87963,2.207603,754.3627,1,2,1,1,1,2,148.808,152.3199,1.710826,811.6765,1,2,1,1,2,7.860036,143.2453,260.9587,11.76621,1.719559,1.281286,0.7379573,0.3086186,2,1,251.8745,1.489764,190.3839,0.000128152,1,1,1,Attack
 29/12/2015 11:58:31 AM,0,798.3226,1,2,1,261.5996,8.412779,335.6575,2.47666,2,1,1,2,1,2,1,19.88604,2.207603,753.3627,1,2,1,1,1,2,148.808,152.3199,1.710826,811.9457,1,2,1,1,2,7.860036,143.2453,260.9587,11.76621,1.719559,1.281286,0.7379573,0.3086186,2,1,251.8745,1.489764,190.3839,0.000128152,1,1,1,Attack
 29/12/2015 11:58:32 AM,0,797.3412,1,2,1,261.5996,8.412779,335.6575,2.47666,2,1,1,2,1,2,1,19.88604,2.206066,752.3627,1,2,1,1,1,2,148.808,152.3199,1.710826,812.484,1,2,1,1,2,7.860036,143.2453,260.9587,11.76621,1.719559,1.294992,0.7355248,0.3086186,2,1,251.8745,1.521802,190.3038,0.000128152,1,1,1,Attack
 29/12/2015 11:58:33 AM,0,796.36,1,2,1,261.5996,8.412779,335.6575,2.47666,2,1,1,2,1,2,1,19.88604,2.205426,751.3627,1,2,1,1,1,2,148.808,152.3199,1.710826,812.5609,1,2,1,1,2,7.860036,143.2453,260.9587,11.76621,1.719559,1.301652,0.7355248,0.3086186,2,1,251.8745,1.521802,190.3038,0.000128152,1,1,1,Attack
 29/12/2015 11:58:34 AM,0,795.3001,1,2,1,261.5996,8.412779,335.6575,2.47666,2,1,1,2,1,2,1,19.88604,2.205169,751.3627,1,2,1,1,1,2,148.808,152.3199,1.710826,813.0607,1,2,1,1,2,7.860036,143.2453,260.9587,11.76621,1.719559,1.297169,0.7355248,0.3086186,2,1,251.8745,1.681991,190.2397,0.000128152,1,1,1,Attack
 29/12/2015 11:58:35 AM,0,794.9076,1,2,1,261.5996,8.412779,335.6575,2.47666,2,1,1,2,1,2,1,19.88604,2.205169,750.3627,1,2,1,1,1,2,148.808,152.3199,1.710826,813.2145,1,2,1,1,2,7.860036,143.2453,260.9587,11.76621,1.719559,1.297169,0.7355248,0.3086186,2,1,251.8745,1.681991,190.2397,0.000128152,1,1,1,Attack
 29/12/2015 11:58:36 AM,0,794.5151,1,2,1,261.5996,8.413099,335.6575,2.47666,2,1,1,2,1,2,1,19.96287,2.202607,749.3627,1,2,1,1,1,2,148.808,152.3199,1.711595,813.4453,1,2,1,1,2,7.860036,143.2453,260.9587,11.76621,1.720841,1.292814,0.7355248,0.3086186,2,1,251.8745,1.585878,190.2397,0.000128152,1,1,1,Attack
 29/12/2015 11:58:37 AM,0,794.1226,1,2,1,261.5996,8.417265,335.4525,2.475122,2,1,1,2,1,2,1,19.96287,2.202479,748.3627,1,2,1,1,1,2,148.808,152.3199,1.711595,813.8298,1,2,1,1,2,7.860036,143.5017,260.9587,11.76621,1.721482,1.282311,0.7355248,0.3086186,2,1,251.8745,1.521802,190.2397,0.000128152,1,1,1,Attack
 29/12/2015 11:58:38 AM,0,793.4553,1,2,1,261.5996,8.417265,335.4525,2.474226,2,1,1,2,1,2,1,19.96287,2.202479,747.3627,1,2,1,1,1,2,148.808,152.3199,1.710441,813.5991,1,2,1,1,2,7.856832,143.5017,260.9587,11.76621,1.720969,1.278596,0.7355248,0.3086186,2,1,251.8745,1.521802,190.2397,0.000128152,1,1,1,Attack
 29/12/2015 11:58:39 AM,0,792.1992,1,2,1,261.3753,8.417265,335.3243,2.474226,2,1,1,2,1,2,1,19.96287,2.202479,746.3627,1,2,1,1,1,2,148.808,152.3199,1.709031,814.2143,1,2,1,1,2,7.856832,143.5017,260.9587,11.76621,1.718662,1.262585,0.7355248,0.3086186,2,1,251.8745,1.521802,190.2397,0.000128152,1,1,1,Attack
 29/12/2015 11:58:40 AM,0,791.6104,1,2,1,261.3753,8.417265,335.3243,2.472559,2,1,1,2,1,2,1,19.93406,2.202479,745.3627,1,2,1,1,1,2,148.808,152.3199,1.708263,814.022,1,2,1,1,2,7.856832,143.3735,260.9587,11.76621,1.718534,1.261432,0.7355248,0.3086186,2,1,251.8745,1.521802,190.2397,0.000128152,1,1,1,Attack
 29/12/2015 11:58:41 AM,0,791.1001,1,2,1,261.3753,8.417265,335.3243,2.472431,2,1,1,2,1,2,1,19.93406,2.202479,744.3627,1,2,1,1,1,2,148.808,152.3199,1.708263,814.2527,1,2,1,1,2,7.856832,143.3735,260.9587,11.76621,1.718534,1.270398,0.7355248,0.3086186,2,1,251.8745,1.521802,190.2397,0.000128152,1,1,1,Attack
 29/12/2015 11:58:42 AM,0,790.9038,1,2,1,261.3753,8.417265,335.3243,2.472431,2,1,1,2,1,2,1,19.91165,2.202479,743.3627,1,2,1,1,1,2,148.808,152.3199,1.708263,814.2912,1,2,1,1,2,7.856832,143.3735,260.9587,11.76621,1.718534,1.275778,0.7355248,0.3086186,2,1,251.8745,1.585878,190.2397,0.000128152,1,1,1,Attack
 29/12/2015 11:58:43 AM,0,790.1973,1,2,1,261.3753,8.417265,335.3243,2.473585,2,1,1,2,1,2,1,19.91165,2.203632,742.3627,1,2,1,1,1,2,148.808,152.3199,1.708263,814.022,1,2,1,1,2,7.856832,143.3735,260.9587,11.76621,1.718534,1.28705,0.7355248,0.3086186,2,1,251.8745,1.585878,190.2397,0.000128152,1,1,1,Attack
 29/12/2015 11:58:44 AM,0,789.7263,1,2,1,261.3753,8.417265,335.3243,2.473585,2,1,1,2,1,2,1,20.00448,2.205426,741.3627,1,2,1,1,1,2,148.808,152.3199,1.710313,813.7144,1,2,1,1,2,7.858754,143.3735,260.9587,11.76621,1.718534,1.292814,0.7355248,0.3084905,2,1,251.8745,1.585878,190.3038,0.000128152,1,1,1,Attack
 29/12/2015 11:58:45 AM,0,789.2159,1,2,1,261.3753,8.417265,335.3243,2.473585,2,1,1,2,1,2,1,20.02049,2.205426,740.3627,1,2,1,1,1,2,148.808,152.3199,1.710698,813.253,1,2,1,1,2,7.858754,143.3735,260.9587,11.76621,1.718534,1.292814,0.7355248,0.3084905,2,1,251.8745,1.585878,190.3679,0.000128152,1,1,1,Attack
 29/12/2015 11:58:46 AM,0,788.9412,1,2,1,261.4073,8.417265,335.3243,2.473585,2,1,1,2,1,2,1,20.02049,2.205426,739.3627,1,2,1,1,1,2,148.808,152.3199,1.710698,813.5991,1,2,1,1,2,7.858754,143.3735,260.9587,11.76621,1.718534,1.292814,0.7355248,0.3084905,2,1,251.8745,1.585878,190.3679,0.000128152,1,1,1,Attack
 29/12/2015 11:58:47 AM,0,788.3131,1,2,1,261.4073,8.417265,335.3243,2.473585,2,1,1,2,1,2,1,19.93085,2.206322,738.3627,1,2,1,1,1,2,148.808,152.3199,1.710698,813.4453,1,2,1,1,2,7.858754,143.3735,260.9587,11.76621,1.719687,1.292814,0.7355248,0.3084905,2,1,251.9867,1.585878,190.3679,0.000128152,1,1,1,Attack
 29/12/2015 11:58:48 AM,0,787.3711,1,2,1,261.4073,8.417265,335.3243,2.474994,2,1,1,2,1,2,1,19.93085,2.207091,738.3627,1,2,1,1,1,2,148.808,152.3199,1.710698,813.5222,1,2,1,1,2,7.858754,143.3735,260.9587,11.76621,1.719944,1.292814,0.7355248,0.3084905,2,1,252.0347,1.585878,190.3679,0.000128152,1,1,1,Attack
 29/12/2015 11:58:49 AM,0,787.0963,1,2,1,261.4073,8.417265,335.3243,2.474994,2,1,1,2,1,2,1,19.93085,2.207091,737.3627,1,2,1,1,1,2,148.808,152.3199,1.710698,813.6375,1,2,1,1,2,7.858754,143.3735,260.9587,11.76621,1.719944,1.292174,0.7355248,0.3084905,2,1,252.0347,1.585878,190.3679,0.000128152,1,1,1,Attack
 29/12/2015 11:58:50 AM,0,787.0571,1,2,1,261.4073,8.417265,335.3243,2.474994,2,1,1,2,1,2,1,19.93085,2.207091,736.3627,1,2,1,1,1,2,148.808,152.3199,1.710698,813.5991,1,2,1,1,2,7.858754,143.3735,260.9587,11.76621,1.719944,1.288971,0.7355248,0.3068251,2,1,252.0347,1.585878,190.3679,0.000128152,1,1,1,Attack
 29/12/2015 11:58:51 AM,0,786.5075,1,2,1,261.4073,8.420469,335.3243,2.474994,2,1,1,2,1,2,1,19.93085,2.207091,735.3627,1,2,1,1,1,2,148.808,152.3199,1.710698,814.022,1,2,1,1,2,7.858754,143.3735,260.9587,11.76621,1.719944,1.281286,0.7355248,0.3068251,2,1,252.0347,1.585878,190.3679,0.000128152,1,1,1,Attack
 29/12/2015 11:58:52 AM,0,786.1542,1,2,1,261.4073,8.420469,335.1448,2.473841,2,1,1,2,1,2,1,19.93085,2.207091,734.3627,1,2,1,1,1,2,148.808,152.3199,1.710698,814.1758,1,2,1,1,2,7.858754,143.3735,260.9587,11.76621,1.721482,1.281286,0.7359089,0.3068251,2,1,252.0347,1.585878,190.3679,0.000128152,1,1,1,Attack
 29/12/2015 11:58:53 AM,0,785.6047,1,2,1,261.4073,8.420469,335.0936,2.473585,2,1,1,2,1,2,1,19.93085,2.207091,733.3627,1,2,1,1,1,2,148.808,152.3199,1.710698,814.0989,1,2,1,1,2,7.858754,143.3735,260.9587,11.76621,1.72161,1.281286,0.7377012,0.3068251,2,1,252.0347,1.585878,190.3679,0.000128152,1,1,1,Attack
 29/12/2015 11:58:54 AM,0,785.2906,1,2,1,261.4073,8.420469,335.0936,2.473585,2,1,1,2,1,2,1,19.93085,2.207091,732.3627,1,2,1,1,1,2,148.808,152.3199,1.710698,814.445,1,2,1,1,2,7.858754,143.3735,260.9587,11.76621,1.72161,1.298834,0.7384694,0.3068251,2,1,251.9066,1.585878,190.3038,0.000128152,1,1,1,Attack
 29/12/2015 11:58:55 AM,0,784.9374,1,2,1,261.4073,8.418547,335.0936,2.473585,2,1,1,2,1,2,1,19.94686,2.208244,731.3627,1,2,1,1,1,2,148.808,152.3199,1.708903,814.2912,1,2,1,1,2,7.858754,143.3735,260.9587,11.76621,1.72161,1.30114,0.7384694,0.3068251,2,1,251.8265,1.585878,190.3038,0.000128152,1,1,1,Attack
 29/12/2015 11:58:56 AM,0,784.4271,1,2,1,261.4073,8.418547,335.0936,2.473585,2,1,1,2,1,2,1,19.94686,2.208756,730.3627,1,2,1,1,1,2,148.808,152.3199,1.708903,814.445,1,2,1,1,2,7.858754,143.3735,260.9587,11.76621,1.72161,1.287947,0.7384694,0.3079781,2,1,251.8265,1.585878,190.0955,0.000128152,1,1,1,Attack
 29/12/2015 11:58:57 AM,0,784.0346,1,2,1,261.4073,8.418547,335.0936,2.473585,2,1,1,2,1,2,1,19.94686,2.208756,729.3627,1,2,1,1,1,2,148.808,152.3199,1.708775,814.7911,1,2,1,1,2,7.858754,143.3735,260.9587,11.76621,1.721097,1.273857,0.7384694,0.3084905,2,1,251.8265,1.585878,190.0955,0.000128152,1,1,1,Attack
 29/12/2015 11:58:58 AM,0,783.6421,1,2,1,261.4073,8.418547,335.0936,2.476148,2,1,1,2,1,2,1,19.94686,2.208756,728.3627,1,2,1,1,1,2,148.808,152.3199,1.707109,814.7526,1,2,1,1,2,7.858754,143.3735,260.9587,11.76621,1.718277,1.265019,0.7384694,0.3084905,2,1,251.6182,1.585878,190.0955,0.000128152,1,1,1,Attack
 29/12/2015 11:58:59 AM,0,783.0533,1,2,1,261.4073,8.418547,335.0936,2.476917,2,1,1,2,1,2,1,19.94686,2.208756,727.3627,1,2,1,1,1,2,148.808,152.3199,1.70634,815.3679,1,2,1,1,2,7.858754,143.3735,260.9587,11.76621,1.718277,1.25554,0.7384694,0.3084905,2,1,251.6182,1.585878,190.0955,0.000128152,1,1,1,Attack
 29/12/2015 11:59:00 AM,0,783.0533,1,2,1,261.4073,8.418547,334.9654,2.477045,2,1,1,2,1,2,1,19.92445,2.208756,726.3627,1,2,1,1,1,2,148.808,152.3199,1.70634,815.1756,1,2,1,1,2,7.858754,143.3735,260.9587,11.76621,1.718277,1.254131,0.7384694,0.3084905,2,1,251.6182,1.585878,190.0955,0.000128152,1,1,1,Attack
 29/12/2015 11:59:01 AM,0,782.386,1,2,1,261.4073,8.418547,334.9654,2.477045,2,1,1,2,1,2,1,19.88284,2.208756,725.3627,1,2,1,1,1,2,148.808,152.3199,1.70634,815.4063,1,2,1,1,2,7.858754,143.3735,260.9587,11.76621,1.718277,1.268477,0.7383414,0.3084905,2,1,251.6823,1.585878,190.0955,0.000128152,1,1,1,Attack
 29/12/2015 11:59:02 AM,0,782.2682,1,2,1,261.4073,8.418547,334.9654,2.477045,2,1,1,2,1,2,1,19.88284,2.208756,724.3627,1,2,1,1,1,2,148.808,152.3199,1.70634,815.3679,1,2,1,1,2,7.858754,143.2453,260.9587,11.76621,1.718277,1.271935,0.7383414,0.3084905,2,1,251.8745,1.585878,190.0955,0.000128152,1,1,1,Attack
 29/12/2015 11:59:03 AM,0,781.8364,1,2,1,261.4073,8.418547,334.9654,2.477045,2,1,1,2,1,2,1,19.88284,2.209653,724.3627,1,2,1,1,1,2,148.808,152.3199,1.706597,815.4063,1,2,1,1,2,7.858754,143.2453,260.9587,11.76621,1.718277,1.27834,0.7383414,0.3084905,2,1,251.8745,1.585878,190.2237,0.000128152,1,1,1,Attack
 29/12/2015 11:59:04 AM,0,780.8943,1,2,1,261.4073,8.418547,334.9654,2.4732,2,1,1,2,1,2,1,19.88284,2.209653,722.3627,1,2,1,1,1,2,148.808,152.3199,1.708263,814.9449,1,2,1,1,2,7.858754,143.2453,260.9587,11.76621,1.718277,1.281927,0.7383414,0.3084905,2,1,251.8745,1.585878,190.2237,0.000128152,1,1,1,Attack
 29/12/2015 11:59:05 AM,0,780.6196,1,2,1,261.4073,8.418547,334.9654,2.472175,2,1,1,2,1,2,1,19.88284,2.209653,722.3627,1,2,1,1,1,2,148.808,152.3199,1.708263,815.3294,1,2,1,1,2,7.858754,143.0915,260.9587,11.76621,1.718277,1.272832,0.7383414,0.3084905,2,1,251.8745,1.585878,190.2237,0.000128152,1,1,1,Attack
 29/12/2015 11:59:06 AM,0,780.0701,1,2,1,261.4073,8.418547,334.9654,2.472175,2,1,1,2,1,2,1,19.88284,2.209653,721.3627,1,2,1,1,1,2,148.808,152.3199,1.708263,814.868,1,2,1,1,2,7.858754,143.0915,260.9587,11.76621,1.718277,1.271423,0.7383414,0.3084905,2,1,251.6983,1.585878,190.2237,0.000128152,1,1,1,Attack
 29/12/2015 11:59:07 AM,0,779.5205,1,2,1,261.4073,8.418547,334.9654,2.472175,2,1,1,2,1,2,1,19.94366,2.209013,720.3627,1,2,1,1,1,2,148.808,152.3199,1.709544,815.5601,1,2,1,1,2,7.858754,143.0915,260.9587,11.76621,1.718277,1.271423,0.7383414,0.3084905,2,1,251.6662,1.505783,190.1596,0.000128152,1,1,1,Attack
 29/12/2015 11:59:08 AM,0,778.7355,1,2,1,261.4073,8.414381,334.7859,2.472175,2,1,1,2,1,2,1,19.95646,2.207475,719.3627,1,2,1,1,1,2,148.808,152.3199,1.710954,815.3679,1,2,1,1,2,7.858754,143.0915,260.9587,11.76621,1.718277,1.273985,0.7383414,0.3084905,2,1,251.6662,1.505783,190.1596,0.000128152,1,1,1,Attack
 29/12/2015 11:59:09 AM,0,778.2252,1,2,1,261.4073,8.414381,334.7859,2.472175,2,1,1,2,1,2,1,19.95646,2.206707,718.3627,1,2,1,1,1,2,148.808,152.3199,1.710954,816.0215,1,2,1,1,2,7.858754,143.0915,260.9587,11.76621,1.718277,1.279237,0.7383414,0.3084905,2,1,251.6662,1.505783,190.1596,0.000128152,1,1,1,Attack
 29/12/2015 11:59:10 AM,0,777.8326,1,2,1,261.4073,8.414381,334.7859,2.472175,2,1,1,2,1,2,1,19.99488,2.206707,717.3627,1,2,1,1,1,2,148.808,152.3199,1.710954,815.8293,1,2,1,1,2,7.858754,143.0915,260.9587,11.76621,1.718277,1.276034,0.7383414,0.3084905,2,1,251.8425,1.505783,190.1596,0.000128152,1,1,1,Attack
 29/12/2015 11:59:11 AM,0,777.8326,1,2,1,261.4073,8.414381,334.7859,2.472175,2,1,1,2,1,2,1,19.99488,2.206707,717.3627,1,2,1,1,1,2,148.808,152.3199,1.710954,815.8293,1,2,1,1,2,7.858754,143.0915,260.9587,11.76621,1.718277,1.276034,0.7383414,0.3084905,2,1,251.8425,1.505783,190.1596,0.000128152,1,1,1,Attack
 29/12/2015 11:59:12 AM,0,777.5186,1,2,1,261.4073,8.414381,334.7859,2.472175,2,1,1,2,1,2,1,19.99488,2.206707,716.3627,1,2,1,1,1,2,148.808,152.3199,1.710954,816.0215,1,2,1,1,2,7.858754,143.0403,260.9587,11.76621,1.718277,1.281286,0.7383414,0.3084905,2,1,251.8425,1.505783,190.1596,0.000128152,1,1,1,Attack
 29/12/2015 11:59:13 AM,0,776.8513,1,2,1,261.4073,8.416304,334.7859,2.472175,2,1,1,2,1,2,1,19.99488,2.206707,715.3627,1,2,1,1,1,2,148.808,152.3199,1.710954,816.2907,1,2,1,1,2,7.858754,143.0403,260.9587,11.76621,1.718534,1.281927,0.7383414,0.3084905,2,1,251.8425,1.585878,190.1596,0.000128152,1,1,1,Attack
 29/12/2015 11:59:14 AM,0,776.6943,1,2,1,261.4073,8.416304,334.7859,2.472175,2,1,1,2,1,2,1,19.99488,2.206707,714.3627,1,2,1,1,1,2,148.808,152.3199,1.710954,816.9828,1,2,1,1,2,7.858754,143.0403,260.9587,11.76621,1.718534,1.273216,0.7383414,0.3084905,2,1,251.8425,1.681991,190.1596,0.000128152,1,1,1,Attack
 29/12/2015 11:59:15 AM,0,776.3803,1,2,1,261.4073,8.419188,334.7859,2.474097,2,1,1,2,1,2,1,19.99488,2.208628,714.3627,1,2,1,1,1,2,148.808,152.3199,1.710954,817.252,1,2,1,1,2,7.858754,143.0403,260.9587,11.76621,1.7202,1.263866,0.7383414,0.3084905,2,1,251.8425,1.569859,190.1596,0.000128152,1,1,1,Attack
 29/12/2015 11:59:16 AM,0,775.7523,1,2,1,261.4073,8.419188,334.7859,2.474226,2,1,1,2,1,2,1,19.99488,2.208756,712.3627,1,2,1,1,1,2,148.808,152.3199,1.710954,817.6365,1,2,1,1,2,7.858754,143.0403,260.9587,11.76621,1.7202,1.263225,0.7383414,0.3084905,2,1,251.8425,1.569859,190.1596,0.000128152,1,1,1,Attack
 29/12/2015 11:59:17 AM,0,775.399,1,2,1,261.4073,8.419188,334.7859,2.4732,2,1,1,2,1,2,1,19.99488,2.208756,711.3627,1,2,1,1,1,2,148.808,152.3199,1.710954,817.6749,1,2,1,1,2,7.858754,143.0403,260.9587,11.76621,1.7202,1.272064,0.7383414,0.3084905,2,1,251.9546,1.457726,190.1596,0.000128152,1,1,1,Attack
 29/12/2015 11:59:18 AM,0,774.6924,1,2,1,261.4073,8.417906,334.7859,2.4732,2,1,1,2,1,2,1,19.96607,2.208756,710.3627,1,2,1,1,1,2,148.808,152.3199,1.710954,817.8287,1,2,1,1,2,7.858754,143.0403,260.9587,11.76621,1.721482,1.290124,0.7383414,0.3084905,2,1,251.9546,1.457726,190.1596,0.000128152,1,1,1,Attack
 29/12/2015 11:59:19 AM,0,774.0251,1,2,1,261.4073,8.417906,334.7859,2.4732,2,1,1,2,1,2,1,19.92765,2.208628,709.3627,1,2,1,1,1,2,148.808,152.3199,1.710954,817.9441,1,2,1,1,2,7.858754,143.0403,260.9587,11.76621,1.721482,1.291789,0.7383414,0.3084905,2,1,251.9066,1.457726,190.1596,0.000128152,1,1,1,Attack
 29/12/2015 11:59:20 AM,0,773.5541,1,2,1,261.4073,8.417906,334.7859,2.4732,2,1,1,2,1,2,1,19.90204,2.206963,708.3627,1,2,1,1,1,2,148.808,152.3199,1.710954,818.0979,1,2,1,1,2,7.858754,143.0403,260.9587,11.76621,1.721482,1.291789,0.7383414,0.3084905,2,1,251.9066,1.457726,190.1596,0.000128152,1,1,1,Attack
 29/12/2015 11:59:21 AM,0,773.3186,1,2,1,261.4073,8.417906,334.7859,2.4732,2,1,1,2,1,2,1,19.90204,2.206066,708.3627,1,2,1,1,1,2,148.808,152.3199,1.710954,818.4055,1,2,1,1,2,7.858754,143.0403,260.9587,11.76621,1.720456,1.291789,0.7383414,0.3084905,2,1,251.8425,1.457726,190.1596,0.000128152,1,1,1,Attack
 29/12/2015 11:59:22 AM,0,772.8083,1,2,1,261.4073,8.417906,334.7859,2.472559,2,1,1,2,1,2,1,19.94686,2.205041,707.3627,1,2,1,1,1,2,148.808,152.3199,1.710954,818.3286,1,2,1,1,2,7.858754,143.0403,260.9587,11.76621,1.720456,1.284488,0.7383414,0.3084905,2,1,251.8425,1.457726,190.2076,0.000128152,1,1,1,Attack
 29/12/2015 11:59:23 AM,0,772.5728,1,2,1,261.4073,8.417906,334.7859,2.472559,2,1,1,2,1,2,1,19.95006,2.203504,706.3627,1,2,1,1,1,2,148.808,152.3199,1.710954,818.2133,1,2,1,1,2,7.858754,143.0403,260.9587,11.76621,1.720456,1.28167,0.7383414,0.3084905,2,1,251.8425,1.457726,190.2076,0.000128152,1,1,1,Attack
 29/12/2015 11:59:24 AM,0,772.4158,1,2,1,261.4073,8.417906,334.7859,2.472559,2,1,1,2,1,2,1,20.01088,2.203119,705.3627,1,2,1,1,1,2,148.808,152.3199,1.710954,818.444,1,2,1,1,2,7.858754,143.0403,260.9587,11.76621,1.720456,1.28167,0.7383414,0.3084905,2,1,251.8425,1.457726,190.2076,0.000128152,1,1,1,Attack
 29/12/2015 11:59:25 AM,0,772.0233,1,2,1,261.4073,8.417906,334.7859,2.472559,2,1,1,2,1,2,1,20.01088,2.203119,705.3627,1,2,1,1,1,2,148.808,152.3199,1.710185,818.6362,1,2,1,1,2,7.858754,143.0403,260.9587,11.76621,1.720456,1.289868,0.7383414,0.3084905,2,1,251.8425,1.457726,190.2076,0.000128152,1,1,1,Attack
 29/12/2015 11:59:26 AM,0,771.3952,1,2,1,261.4073,8.417906,334.6834,2.471919,2,1,1,2,1,2,1,19.99168,2.205169,704.3627,1,2,1,1,1,2,148.808,152.3199,1.710185,818.8285,1,2,1,1,2,7.858754,143.0403,260.9587,11.76621,1.718277,1.28641,0.7383414,0.3084905,2,1,251.8425,1.457726,190.2076,0.000128152,1,1,1,Attack
 29/12/2015 11:59:27 AM,0,770.8849,1,2,1,261.4073,8.417906,334.6834,2.471919,2,1,1,2,1,2,1,19.96607,2.205426,703.3627,1,2,1,1,1,2,148.808,152.3199,1.710185,818.5209,1,2,1,1,2,7.858754,143.0403,260.9587,11.76621,1.718277,1.289356,0.7366771,0.3084905,2,1,251.8425,1.537821,190.2557,0.000128152,1,1,1,Attack
 29/12/2015 11:59:28 AM,0,770.6494,1,2,1,261.4073,8.417906,334.6834,2.470637,2,1,1,2,1,2,1,19.94366,2.206066,702.3627,1,2,1,1,1,2,148.808,152.3199,1.710185,818.6747,1,2,1,1,2,7.858754,143.0403,260.9587,11.76621,1.718277,1.292558,0.736549,0.3084905,2,1,251.9066,1.537821,190.3679,0.000128152,1,1,1,Attack
 29/12/2015 11:59:29 AM,0,770.4139,1,2,1,261.4073,8.417906,334.6834,2.469356,2,1,1,2,1,2,1,19.94366,2.206066,701.3627,1,2,1,1,1,2,148.808,152.3199,1.70916,818.5978,1,2,1,1,2,7.858754,143.0403,260.9587,11.76621,1.718277,1.283464,0.736549,0.3074656,2,1,252.0347,1.537821,190.3679,0.000128152,1,1,1,Attack
 29/12/2015 11:59:30 AM,0,769.5896,1,2,1,261.4073,8.417906,334.6834,2.468715,2,1,1,2,1,2,1,19.94046,2.206066,700.3627,1,2,1,1,1,2,148.808,152.3199,1.70916,818.7131,1,2,1,1,2,7.858754,143.2966,260.9587,11.76621,1.718277,1.281798,0.7353967,0.3074656,2,1,252.0347,1.537821,190.3679,0.000128152,1,1,1,Attack
 29/12/2015 11:59:31 AM,0,768.5297,1,2,1,261.4073,8.417906,334.6834,2.468715,2,1,1,2,1,2,1,19.94046,2.206066,699.3627,1,2,1,1,1,2,148.808,152.3199,1.70916,818.5978,1,2,1,1,2,7.858754,143.2966,260.9587,11.76621,1.718277,1.281798,0.7353967,0.3074656,2,1,252.0347,1.537821,190.3679,0.000128152,1,1,1,Attack
 29/12/2015 11:59:32 AM,0,767.7054,1,2,1,261.4073,8.415663,334.6834,2.468715,2,1,1,2,1,2,1,19.94046,2.206066,698.3627,1,2,1,1,1,2,148.808,152.3199,1.710185,818.7131,1,2,1,1,2,7.858754,143.2966,260.9587,11.76621,1.718277,1.281798,0.7353967,0.3074656,2,1,252.0347,1.537821,190.3679,0.000128152,1,1,1,Attack
 29/12/2015 11:59:33 AM,0,766.8419,1,2,1,261.4073,8.414381,334.6834,2.468715,2,1,1,2,1,2,1,19.97887,2.206066,697.3627,1,2,1,1,1,2,148.808,152.3199,1.710185,818.79,1,2,1,1,2,7.858754,143.2966,260.9587,11.76621,1.718277,1.288971,0.7353967,0.3063127,2,1,252.0347,1.537821,190.3679,0.000128152,1,1,1,Attack
 29/12/2015 11:59:34 AM,0,766.0568,1,2,1,261.4073,8.414381,334.6834,2.468715,2,1,1,2,1,2,1,19.98848,2.207347,696.3627,1,2,1,1,1,2,148.808,152.3199,1.710185,818.79,1,2,1,1,2,7.858754,143.2966,260.9587,11.76621,1.718277,1.283848,0.7353967,0.3063127,2,1,252.0347,1.537821,190.3679,0.000128152,1,1,1,Attack
 29/12/2015 11:59:35 AM,0,765.2718,1,2,1,261.4073,8.414381,334.6834,2.469996,2,1,1,2,1,2,1,19.98848,2.207347,695.3627,1,2,1,1,1,2,148.808,152.3199,1.710185,818.79,1,2,1,1,2,7.858754,143.1684,260.9587,11.76621,1.718534,1.280646,0.7353967,0.3071454,2,1,252.0347,1.537821,190.3679,0.000128152,1,1,1,Attack
 29/12/2015 11:59:36 AM,0,765.154,1,2,1,261.4073,8.414381,334.6834,2.471663,2,1,1,2,1,2,1,19.98848,2.207347,694.3627,1,2,1,1,1,2,148.808,152.3199,1.710185,818.6747,1,2,1,1,2,7.858754,143.0659,260.9587,11.76621,1.719944,1.271679,0.7353967,0.3082983,2,1,252.0187,1.537821,190.3679,0.000128152,1,1,1,Attack
 29/12/2015 11:59:37 AM,0,764.4867,1,2,1,261.4073,8.414381,334.6834,2.471663,2,1,1,2,1,2,1,19.98848,2.207347,694.3627,1,2,1,1,1,2,148.808,152.3199,1.710185,818.79,1,2,1,1,2,7.858754,143.0659,260.9587,11.76621,1.719944,1.271039,0.7353967,0.3084905,2,1,252.0027,1.537821,190.3679,0.000128152,1,1,1,Attack
 29/12/2015 11:59:38 AM,0,763.7802,1,2,1,261.2471,8.414381,334.504,2.471663,2,1,1,2,1,2,1,19.90845,2.207347,693.3627,1,2,1,1,1,2,148.808,152.3199,1.709672,818.9054,1,2,1,1,2,7.858754,143.0659,260.9587,11.76621,1.719944,1.282183,0.7353967,0.3084905,2,1,251.9066,1.537821,190.3679,0.000128152,1,1,1,Attack
 29/12/2015 11:59:39 AM,0,762.9166,1,2,1,261.2471,8.414381,334.504,2.471663,2,1,1,2,1,2,1,19.90204,2.207347,692.3627,1,2,1,1,1,2,148.808,152.3199,1.709672,819.213,1,2,1,1,2,7.858754,143.0659,260.9587,11.65086,1.719944,1.277315,0.7353967,0.3084905,2,1,251.9066,1.537821,190.3679,0.000128152,1,1,1,Attack
 29/12/2015 11:59:40 AM,0,762.4063,1,2,1,261.2471,8.414381,334.504,2.471663,2,1,1,2,1,2,1,19.90204,2.205169,691.3627,1,2,1,1,1,2,148.808,152.3199,1.709672,819.0977,1,2,1,1,2,7.858754,143.0659,260.9587,11.65086,1.719944,1.277315,0.7353967,0.3084905,2,1,251.7624,1.489764,190.1596,0.000128152,1,1,1,Attack
 29/12/2015 11:59:41 AM,0,761.6213,1,2,1,261.2471,8.414381,334.504,2.471663,2,1,1,2,1,2,1,19.90204,2.205169,690.3627,1,2,1,1,1,2,148.808,152.1405,1.709672,819.3668,1,2,1,1,2,7.858754,143.0659,260.9587,11.65086,1.719944,1.268221,0.7353967,0.3084905,2,1,251.6983,1.489764,190.1596,0.000128152,1,1,1,Attack
 29/12/2015 11:59:42 AM,0,761.4642,1,2,1,261.2471,8.414381,334.504,2.471663,2,1,1,2,1,2,1,19.90204,2.205169,689.3627,1,2,1,1,1,2,148.808,152.1405,1.709672,819.4437,1,2,1,1,2,7.858754,143.0659,260.9587,11.65086,1.719944,1.256693,0.7353967,0.3084905,2,1,251.6182,1.489764,190.1436,0.000128152,1,1,1,Attack
 29/12/2015 11:59:43 AM,0,761.4642,1,2,1,261.2471,8.414381,334.504,2.471663,2,1,1,2,1,2,1,19.90204,2.205169,689.3627,1,2,1,1,1,2,148.808,152.1405,1.709672,819.4437,1,2,1,1,2,7.858754,143.0659,260.9587,11.65086,1.719944,1.256693,0.7353967,0.3084905,2,1,251.6182,1.489764,190.1436,0.000128152,1,1,1,Attack
 29/12/2015 11:59:44 AM,0,761.4642,1,2,1,261.2471,8.414381,334.504,2.471663,2,1,1,2,1,2,1,19.90204,2.205169,688.3627,1,2,1,1,1,2,148.808,152.1405,1.70775,819.2899,1,2,1,1,2,7.858754,143.0659,260.9587,11.65086,1.718277,1.262969,0.7355248,0.3084905,2,1,251.6182,1.489764,190.1436,0.000128152,1,1,1,Attack
 29/12/2015 11:59:45 AM,0,761.0325,1,2,1,261.2471,8.414381,334.504,2.471663,2,1,1,2,1,2,1,19.90204,2.206194,687.3627,1,2,1,1,1,2,148.808,152.1405,1.706468,819.1746,1,2,1,1,2,7.858754,143.194,260.9587,11.65086,1.718021,1.262969,0.7383414,0.3084905,2,1,251.6182,1.489764,190.1436,0.000128152,1,1,1,Attack
 29/12/2015 11:59:46 AM,0,761.0325,1,2,1,261.2471,8.414381,334.504,2.471663,2,1,1,2,1,2,1,19.90204,2.206194,686.3627,1,2,1,1,1,2,148.808,152.1405,1.706468,819.5591,1,2,1,1,2,7.858754,143.194,260.9587,11.95847,1.718021,1.263738,0.7383414,0.3084905,2,1,251.6182,1.489764,189.9994,0.000128152,1,1,1,Attack
 29/12/2015 11:59:47 AM,0,760.9932,1,2,1,261.2471,8.414381,334.504,2.471663,2,1,1,2,1,2,1,19.90204,2.206194,685.3627,1,2,1,1,1,2,148.808,152.1405,1.706468,819.0592,1,2,1,1,2,7.858754,143.194,260.9587,11.92002,1.718021,1.271935,0.7383414,0.3084905,2,1,251.6182,1.489764,189.9994,0.000128152,1,1,1,Attack
 29/12/2015 11:59:48 AM,0,760.954,1,2,1,261.2471,8.414381,334.504,2.471663,2,1,1,2,1,2,1,19.90204,2.206066,684.3627,1,2,1,1,1,2,148.808,152.1405,1.706468,819.636,1,2,1,1,2,7.858754,143.194,260.9587,11.72776,1.718021,1.271935,0.7383414,0.3084905,2,1,251.6182,1.489764,189.9994,0.000128152,1,1,1,Attack
 29/12/2015 11:59:49 AM,0,760.4044,1,2,1,261.2471,8.414381,334.504,2.471663,2,1,1,2,1,2,1,19.90204,2.203888,683.3627,1,2,1,1,1,2,148.808,152.1405,1.703905,819.5975,1,2,1,1,2,7.858754,143.194,260.9587,11.72776,1.718021,1.271935,0.7383414,0.3084905,2,1,251.6182,1.489764,189.9994,0.000128152,1,1,1,Attack
 29/12/2015 11:59:50 AM,0,759.7764,1,2,1,261.2471,8.414381,334.504,2.471278,2,1,1,2,1,2,1,19.85082,2.203888,682.3627,1,2,1,1,1,2,148.808,152.1405,1.703905,819.4822,1,2,1,1,2,7.858754,143.476,260.9587,11.72776,1.718021,1.280261,0.7383414,0.3084905,2,1,251.4259,1.489764,189.9994,0.000128152,1,1,1,Attack
 29/12/2015 11:59:51 AM,0,758.8736,1,2,1,261.2471,8.414381,334.4014,2.471022,2,1,1,2,1,2,1,19.83482,2.203888,681.3627,1,2,1,1,1,2,148.808,152.1405,1.705828,819.4437,1,2,1,1,2,7.858754,143.476,260.9587,11.72776,1.718021,1.281927,0.7383414,0.3084905,2,1,251.4259,1.441707,189.9833,0.000128152,1,1,1,Attack
 29/12/2015 11:59:52 AM,0,758.4418,1,2,1,261.2471,8.414381,334.2476,2.471022,2,1,1,2,1,2,1,19.83482,2.20581,680.3627,1,2,1,1,1,2,148.808,152.1405,1.706212,819.4437,1,2,1,1,2,7.858754,143.476,260.9587,11.72776,1.718021,1.273216,0.7357808,0.3084905,2,1,251.4259,1.425688,189.9833,0.000128152,1,1,1,Attack
 29/12/2015 11:59:53 AM,0,758.0885,1,2,1,261.2471,8.414381,334.2476,2.471022,2,1,1,2,1,2,1,19.86683,2.20581,679.3627,1,2,1,1,1,2,148.808,152.1405,1.706212,819.213,1,2,1,1,2,7.858754,143.476,260.9587,11.72776,1.718021,1.271551,0.7353967,0.3084905,2,1,251.5381,1.425688,189.9833,0.000128152,1,1,1,Attack
 29/12/2015 11:59:54 AM,0,757.7352,1,2,1,261.2471,8.414381,334.2476,2.473072,2,1,1,2,1,2,1,19.89884,2.20581,678.3627,1,2,1,1,1,2,148.808,152.1405,1.706212,818.6362,1,2,1,1,2,7.858754,143.2966,260.9587,11.72776,1.717124,1.281286,0.7353967,0.3084905,2,1,251.6983,1.425688,189.9833,0.000128152,1,1,1,Attack
 29/12/2015 11:59:55 AM,0,757.3035,1,2,1,261.2471,8.414381,334.2476,2.473713,2,1,1,2,1,2,1,19.89884,2.204529,677.3627,1,2,1,1,1,2,148.808,152.1405,1.708134,818.9054,1,2,1,1,2,7.858754,143.2966,260.9587,11.72776,1.717124,1.28167,0.7353967,0.3077859,2,1,251.6983,1.425688,190.1436,0.000128152,1,1,1,Attack
 29/12/2015 11:59:56 AM,0,756.5184,1,2,1,261.2471,8.414381,334.3245,2.473713,2,1,1,2,1,2,1,19.87643,2.204529,676.3627,1,2,1,1,1,2,148.808,152.1405,1.710441,818.5209,1,2,1,1,2,7.858754,143.2966,260.9587,11.72776,1.717124,1.290252,0.7385975,0.3077859,2,1,251.6983,1.425688,190.2076,0.000128152,1,1,1,Attack
 29/12/2015 11:59:57 AM,0,756.0474,1,2,1,261.2471,8.414381,334.3245,2.473713,2,1,1,2,1,2,1,19.8028,2.204529,676.3627,1,2,1,1,1,2,148.808,152.1405,1.710441,818.7131,1,2,1,1,2,7.858754,143.2966,260.9587,11.72776,1.717124,1.291533,0.7377012,0.3083624,2,1,251.6983,1.425688,190.2076,0.000128152,1,1,1,Attack
 29/12/2015 11:59:58 AM,0,755.4979,1,2,1,261.2471,8.414381,334.3245,2.473713,2,1,1,2,1,2,1,19.76759,2.204529,675.3627,1,2,1,1,1,2,148.808,152.3199,1.710441,818.8669,1,2,1,1,2,7.858754,143.2966,260.9587,11.72776,1.717893,1.282311,0.7373172,0.3086827,2,1,251.8265,1.425688,190.2076,0.000128152,1,1,1,Attack
 29/12/2015 11:59:59 AM,0,755.3408,1,2,1,261.2471,8.414381,334.3245,2.472431,2,1,1,2,1,2,1,19.73878,2.20645,674.3627,1,2,1,1,1,2,148.808,152.3199,1.710441,818.6747,1,2,1,1,2,7.858754,143.2966,260.9587,11.72776,1.717893,1.28436,0.7373172,0.3086827,2,1,251.8265,1.425688,190.2076,0.000128152,1,1,1,Attack
 29/12/2015 12:00:00 PM,0,754.752,1,2,1,261.2471,8.415983,334.3245,2.469228,2,1,1,2,1,2,1,19.73878,2.207475,673.3627,1,2,1,1,1,2,148.808,152.3199,1.710441,818.5978,1,2,1,1,2,7.858754,143.2966,260.9587,11.72776,1.718277,1.292814,0.7373172,0.3086827,2,1,251.8265,1.457726,190.2076,0.000128152,1,1,1,Attack
 29/12/2015 12:00:01 PM,0,754.4772,1,2,1,261.2471,8.417265,334.3245,2.469228,2,1,1,2,1,2,1,19.7964,2.207475,672.3627,1,2,1,1,1,2,148.808,152.3199,1.710441,818.9054,1,2,1,1,2,7.858754,143.2966,260.9587,11.72776,1.719559,1.292814,0.7380853,0.3086827,2,1,251.9226,1.521802,190.3839,0.000128152,1,1,1,Attack
 29/12/2015 12:00:02 PM,0,753.7314,1,2,1,261.4073,8.417265,334.3245,2.469228,2,1,1,2,1,2,1,19.7964,2.205426,671.3627,1,2,1,1,1,2,148.808,152.3199,1.711082,818.6747,1,2,1,1,2,7.858754,143.2966,260.9587,11.72776,1.719944,1.292814,0.7380853,0.3086827,2,1,252.0027,1.521802,190.3839,0.000128152,1,1,1,Attack
 29/12/2015 12:00:03 PM,0,753.1819,1,2,1,261.4073,8.417265,334.3245,2.469228,2,1,1,2,1,2,1,19.7964,2.205426,670.3627,1,2,1,1,1,2,148.808,152.3199,1.711595,818.7131,1,2,1,1,2,7.858754,143.2966,260.9587,11.72776,1.721097,1.276803,0.7380853,0.3086827,2,1,252.0027,1.521802,190.3839,0.000128152,1,1,1,Attack
 29/12/2015 12:00:04 PM,0,752.2006,1,2,1,261.4073,8.417265,334.3245,2.470509,2,1,1,2,1,2,1,19.82201,2.205426,669.3627,1,2,1,1,1,2,148.808,152.3199,1.711595,818.8285,1,2,1,1,2,7.858754,143.4504,260.9587,11.72776,1.721097,1.274881,0.7380853,0.3086827,2,1,252.1789,1.521802,190.464,0.000128152,1,1,1,Attack
 29/12/2015 12:00:05 PM,0,751.4155,1,2,1,261.4073,8.417265,334.3245,2.470509,2,1,1,2,1,2,1,19.82201,2.205426,668.3627,1,2,1,1,1,2,148.808,152.3199,1.712363,818.9054,1,2,1,1,2,7.858754,143.4504,260.9587,11.72776,1.719815,1.291789,0.7380853,0.3086827,2,1,252.1789,1.521802,190.496,0.000128152,1,1,1,Attack
 29/12/2015 12:00:06 PM,0,751.0623,1,2,1,261.4073,8.42079,334.3245,2.470509,2,1,1,2,1,2,1,19.82201,2.205426,667.3627,1,2,1,1,1,2,148.808,152.3199,1.713389,819.0977,1,2,1,1,2,7.858754,143.4504,260.9587,11.72776,1.719175,1.290252,0.7380853,0.3083624,2,1,252.1789,1.521802,190.5441,0.000128152,1,1,1,Attack
 29/12/2015 12:00:07 PM,0,750.9445,1,2,1,261.183,8.42079,334.3245,2.469228,2,1,1,2,1,2,1,19.82201,2.205426,666.3627,1,2,1,1,1,2,148.808,152.3199,1.713389,819.0977,1,2,1,1,2,7.858754,143.4504,260.9587,11.72776,1.719175,1.286666,0.7380853,0.3083624,2,1,252.1789,1.521802,190.5441,0.000128152,1,1,1,Attack
 29/12/2015 12:00:08 PM,0,750.4342,1,2,1,261.183,8.42079,334.3245,2.469228,2,1,1,2,1,2,1,19.88284,2.203632,665.3627,1,2,1,1,1,2,148.808,152.3199,1.713389,819.213,1,2,1,1,2,7.858754,143.4504,260.9587,11.72776,1.719175,1.301012,0.7353967,0.3083624,2,1,252.1789,1.521802,190.5441,0.000128152,1,1,1,Attack
 29/12/2015 12:00:09 PM,0,750.4735,1,2,1,261.183,8.42079,334.2476,2.469228,2,1,1,2,1,2,1,19.90204,2.202479,664.3627,1,2,1,1,1,2,148.808,152.3199,1.715183,818.9054,1,2,1,1,2,7.858754,143.4504,260.9587,11.72776,1.719175,1.295888,0.7353967,0.3083624,2,1,252.1789,1.457726,190.5441,0.000128152,1,1,1,Attack
 29/12/2015 12:00:10 PM,0,749.6492,1,2,1,261.183,8.42079,334.2476,2.469228,2,1,1,2,1,2,1,19.90204,2.202479,663.3627,1,2,1,1,1,2,148.808,152.3199,1.715183,819.5591,1,2,1,1,2,7.858754,143.4504,260.9587,11.72776,1.719175,1.291789,0.7353967,0.3083624,2,1,252.1789,1.345593,190.5441,0.000128152,1,1,1,Attack
 29/12/2015 12:00:11 PM,0,749.2959,1,2,1,261.183,8.42079,334.2476,2.469228,2,1,1,2,1,2,1,19.95646,2.203119,662.3627,1,2,1,1,1,2,148.808,152.3199,1.715183,820.059,1,2,1,1,2,7.858754,143.4504,260.9587,11.72776,1.719175,1.274625,0.7378293,0.3083624,2,1,252.259,1.425688,190.5761,0.000128152,1,1,1,Attack
 29/12/2015 12:00:12 PM,0,748.7071,1,2,1,261.183,8.42079,334.2476,2.46769,2,1,1,2,1,2,1,19.95646,2.203119,661.3627,1,2,1,1,1,2,148.808,152.3199,1.713517,820.3281,1,2,1,1,2,7.858754,143.4504,260.9587,11.72776,1.719175,1.272192,0.7371892,0.3083624,2,1,252.2751,1.425688,190.6883,0.000128152,1,1,1,Attack
 29/12/2015 12:00:13 PM,0,748.4323,1,2,1,261.2791,8.42079,334.1451,2.467433,2,1,1,2,1,2,1,19.95646,2.203119,660.3627,1,2,1,1,1,2,148.808,152.3199,1.713261,820.5204,1,2,1,1,2,7.858754,143.4504,260.9587,11.72776,1.7202,1.281542,0.7352687,0.3083624,2,1,252.4193,1.521802,190.6883,0.000128152,1,1,1,Attack
 29/12/2015 12:00:14 PM,0,748.0398,1,2,1,261.2791,8.42079,334.0682,2.467433,2,1,1,2,1,2,1,19.95646,2.203119,659.3627,1,2,1,1,1,2,148.808,152.3199,1.713261,820.5204,1,2,1,1,2,7.858754,143.4504,260.9587,11.72776,1.720969,1.282823,0.7352687,0.3083624,2,1,252.4193,1.521802,190.6883,0.000128152,1,1,1,Attack
 29/12/2015 12:00:15 PM,0,747.294,1,2,1,261.2791,8.42079,334.0682,2.467433,2,1,1,2,1,2,1,19.89884,2.206707,658.3627,1,2,1,1,1,2,148.808,152.3199,1.712235,820.7896,1,2,1,1,2,7.858754,143.4504,260.9587,11.72776,1.720969,1.290637,0.7352687,0.3083624,2,1,252.4193,1.521802,190.6883,0.000128152,1,1,1,Attack
 29/12/2015 12:00:16 PM,0,746.9015,1,2,1,261.2791,8.42079,334.0682,2.467433,2,1,1,2,1,2,1,19.89884,2.207091,657.3627,1,2,1,1,1,2,148.808,152.3199,1.712107,820.7126,1,2,1,1,2,7.858754,143.5786,260.9587,11.72776,1.720969,1.28372,0.7352687,0.3083624,2,1,252.4193,1.521802,190.6883,0.000128152,1,1,1,Attack
 29/12/2015 12:00:17 PM,0,746.6267,1,2,1,261.2791,8.42079,334.0682,2.467433,2,1,1,2,1,2,1,19.89884,2.207091,656.3627,1,2,1,1,1,2,148.808,152.3199,1.711595,821.0203,1,2,1,1,2,7.858754,143.5786,260.9587,11.72776,1.720969,1.28372,0.7352687,0.3083624,2,1,252.4193,1.521802,190.6883,0.000128152,1,1,1,Attack
 29/12/2015 12:00:18 PM,0,745.8417,1,2,1,261.2791,8.42079,334.0682,2.466536,2,1,1,2,1,2,1,19.89884,2.207091,655.3627,1,2,1,1,1,2,148.808,152.3199,1.711595,820.9818,1,2,1,1,2,7.858754,143.5786,260.9587,11.72776,1.723148,1.294479,0.7352687,0.3075297,2,1,252.4193,1.521802,190.6883,0.000128152,1,1,1,Attack
 29/12/2015 12:00:19 PM,0,745.1351,1,2,1,261.2791,8.42079,334.0682,2.466536,2,1,1,2,1,2,1,19.89884,2.205554,654.3627,1,2,1,1,1,2,148.808,152.3199,1.711595,821.2125,1,2,1,1,2,7.858754,143.5786,260.9267,11.72776,1.723148,1.294479,0.7352687,0.3075297,2,1,252.4193,1.521802,190.6883,0.000128152,1,1,1,Attack
 29/12/2015 12:00:20 PM,0,744.6641,1,2,1,261.2791,8.42079,334.0682,2.467946,2,1,1,2,1,2,1,19.91485,2.205426,653.3627,1,2,1,1,1,2,148.808,152.3199,1.714542,821.3279,1,2,1,1,2,7.858754,143.5786,260.9267,11.72776,1.724045,1.291405,0.7352687,0.3075297,2,1,252.4193,1.521802,190.6883,0.000128152,1,1,1,Attack
 29/12/2015 12:00:21 PM,0,744.35,1,2,1,261.2791,8.42079,334.0682,2.467946,2,1,1,2,1,2,1,19.91485,2.205426,652.3627,1,2,1,1,1,2,148.808,152.3199,1.714542,821.4048,1,2,1,1,2,7.858754,143.5786,260.9267,11.88157,1.724045,1.277443,0.7352687,0.3081062,2,1,252.4193,1.521802,190.6883,0.000128152,1,1,1,Attack
 29/12/2015 12:00:22 PM,0,743.9968,1,2,1,261.2791,8.42079,334.0682,2.467946,2,1,1,2,1,2,1,19.87643,2.205426,652.3627,1,2,1,1,1,2,148.808,152.3199,1.714926,821.9047,1,2,1,1,2,7.858754,143.5786,260.9267,11.88157,1.724045,1.262457,0.7352687,0.3084265,2,1,252.4193,1.521802,190.6883,0.000128152,1,1,1,Attack
 29/12/2015 12:00:23 PM,0,743.3295,1,2,1,261.2791,8.42079,334.0682,2.467946,2,1,1,2,1,2,1,19.79,2.205426,651.3627,1,2,1,1,1,2,148.808,152.3199,1.714926,822.0969,1,2,1,1,2,7.858434,143.5786,260.9267,11.88157,1.721866,1.262457,0.7352687,0.3072735,2,1,252.3391,1.521802,190.6883,0.000128152,1,1,1,Attack
 29/12/2015 12:00:24 PM,0,742.937,1,2,1,261.2791,8.42079,334.0682,2.467946,2,1,1,2,1,2,1,19.77079,2.204785,650.3627,1,2,1,1,1,2,148.808,152.3199,1.715952,822.6736,1,2,1,1,2,7.856832,143.5017,260.9267,11.88157,1.721866,1.254643,0.7352687,0.3071454,2,1,252.3391,1.521802,190.6883,0.000128152,1,1,1,Attack
 29/12/2015 12:00:25 PM,0,742.5052,1,2,1,261.2791,8.42079,334.0682,2.467946,2,1,1,2,1,2,1,19.77079,2.203632,649.3627,1,2,1,1,1,2,148.808,152.3199,1.715952,822.8275,1,2,1,1,2,7.856832,143.5017,260.9267,11.88157,1.723661,1.254003,0.7352687,0.3068891,2,1,252.3391,1.521802,190.7363,0.000128152,1,1,1,Attack
 29/12/2015 12:00:26 PM,0,741.5631,1,2,1,261.2791,8.42079,334.0682,2.467946,2,1,1,2,1,2,1,19.81561,2.203888,648.3627,1,2,1,1,1,2,148.808,152.3199,1.715952,823.0966,1,2,1,1,2,7.856832,143.5017,260.9267,11.88157,1.724173,1.274881,0.7352687,0.3068891,2,1,252.3391,1.521802,190.7363,0.000128152,1,1,1,Attack
 29/12/2015 12:00:27 PM,0,741.0135,1,2,1,261.2791,8.42079,334.0682,2.468331,2,1,1,2,1,2,1,19.84762,2.205682,647.3627,1,2,1,1,1,2,148.808,152.3199,1.715952,822.9044,1,2,1,1,2,7.856832,143.5017,260.9267,11.88157,1.724173,1.290124,0.7352687,0.3077859,2,1,252.3391,1.521802,190.7363,0.000128152,1,1,1,Attack
 29/12/2015 12:00:28 PM,0,740.4641,1,2,1,261.2791,8.42079,334.0682,2.469612,2,1,1,2,1,2,1,19.87003,2.205682,646.3627,1,2,1,1,1,2,148.808,152.4737,1.715952,823.6734,1,2,1,1,2,7.859715,143.5017,260.9267,11.88157,1.722507,1.301012,0.7352687,0.3074656,2,1,252.3391,1.521802,190.7363,0.000128152,1,1,1,Attack
 29/12/2015 12:00:29 PM,0,740.4641,1,2,1,261.2791,8.42079,334.0682,2.469612,2,1,1,2,1,2,1,19.87003,2.205682,646.3627,1,2,1,1,1,2,148.808,152.4737,1.715952,823.6734,1,2,1,1,2,7.859715,143.5017,260.9267,11.88157,1.722507,1.301012,0.7352687,0.3074656,2,1,252.3391,1.521802,190.7363,0.000128152,1,1,1,Attack
 29/12/2015 12:00:30 PM,0,740.1108,1,2,1,261.2791,8.42079,334.0682,2.469612,2,1,1,2,1,2,1,19.92445,2.205682,645.3627,1,2,1,1,1,2,148.808,152.4737,1.715952,823.7888,1,2,1,1,2,7.859715,143.5017,260.9267,11.88157,1.721866,1.300884,0.7352687,0.3065048,2,1,252.3391,1.521802,190.7363,0.000128152,1,1,1,Attack
 29/12/2015 12:00:31 PM,0,739.4435,1,2,1,261.2791,8.42079,334.0682,2.469612,2,1,1,2,1,2,1,19.92445,2.203248,644.3627,1,2,1,1,1,2,148.808,152.4737,1.715952,823.981,1,2,1,1,2,7.859715,143.5017,260.9267,11.3817,1.721866,1.279621,0.7352687,0.3061845,2,1,252.3391,1.521802,190.7363,0.000128152,1,1,1,Attack
 29/12/2015 12:00:32 PM,0,739.2472,1,2,1,261.2791,8.42079,334.0682,2.469612,2,1,1,2,1,2,1,19.95967,2.203119,643.3627,1,2,1,1,1,2,148.808,152.4737,1.715952,824.0964,1,2,1,1,2,7.859715,143.5017,260.9267,11.3817,1.721866,1.258742,0.7377012,0.3061845,2,1,252.3391,1.521802,190.6082,0.000128152,1,1,1,Attack
 29/12/2015 12:00:33 PM,0,738.6191,1,2,1,261.2791,8.42079,334.0682,2.469612,2,1,1,2,1,2,1,19.95967,2.203119,642.3627,1,2,1,1,1,2,148.808,152.4737,1.715311,824.3655,1,2,1,1,2,7.859715,143.4248,260.9267,11.5355,1.721866,1.245165,0.7377012,0.3061845,2,1,252.1949,1.521802,190.6082,0.000128152,1,1,1,Attack
 29/12/2015 12:00:34 PM,0,737.7163,1,2,1,261.2791,8.42079,334.0682,2.469612,2,1,1,2,1,2,1,19.95967,2.202991,641.3627,1,2,1,1,1,2,148.808,152.4737,1.713645,824.2886,1,2,1,1,2,7.859715,143.3735,260.9267,11.72776,1.721866,1.246958,0.7357808,0.30785,2,1,252.1949,1.521802,190.496,0.000128152,1,1,1,Attack
 29/12/2015 12:00:35 PM,0,737.3238,1,2,1,261.2791,8.42079,334.0682,2.467946,2,1,1,2,1,2,1,19.95967,2.202479,640.3627,1,2,1,1,1,2,148.808,152.4737,1.713645,824.4809,1,2,1,1,2,7.859715,143.3735,260.9267,11.72776,1.721866,1.267837,0.7353967,0.3086186,2,1,252.1949,1.521802,190.448,0.000128152,1,1,1,Attack
 29/12/2015 12:00:36 PM,0,736.5388,1,2,1,261.2791,8.42079,334.0682,2.467946,2,1,1,2,1,2,1,19.95967,2.202479,639.3627,1,2,1,1,1,2,148.808,152.4737,1.712876,824.404,1,2,1,1,2,7.859715,143.3222,260.9267,11.72776,1.720456,1.280517,0.7353967,0.3086186,2,1,252.1148,1.521802,190.3999,0.000128152,1,1,1,Attack
 29/12/2015 12:00:37 PM,0,735.8715,1,2,1,261.2791,8.42079,334.0682,2.467946,2,1,1,2,1,2,1,19.92765,2.200557,639.3627,1,2,1,1,1,2,148.808,152.4737,1.712876,824.7501,1,2,1,1,2,7.858754,143.3222,260.9267,11.72776,1.719046,1.291405,0.7353967,0.3086186,2,1,252.0347,1.489764,190.3999,0.000128152,1,1,1,Attack
 29/12/2015 12:00:38 PM,0,735.2827,1,2,1,261.2791,8.42079,334.0682,2.467946,2,1,1,2,1,2,1,19.89244,2.200045,638.3627,1,2,1,1,1,2,148.808,152.4737,1.711595,824.9423,1,2,1,1,2,7.858754,143.3222,260.9267,11.72776,1.719046,1.290509,0.7353967,0.3086186,2,1,251.9546,1.489764,190.3999,0.000128152,1,1,1,Attack
 29/12/2015 12:00:39 PM,0,734.6154,1,2,1,261.2791,8.42079,334.0682,2.467946,2,1,1,2,1,2,1,19.87003,2.200045,637.3627,1,2,1,1,1,2,148.808,152.4737,1.711082,825.173,1,2,1,1,2,7.858754,143.3222,260.9267,11.72776,1.719046,1.281798,0.7373172,0.3086186,2,1,251.9546,1.489764,190.3999,0.000128152,1,1,1,Attack
 29/12/2015 12:00:40 PM,0,734.6154,1,2,1,261.2791,8.417265,334.0682,2.467946,2,1,1,2,1,2,1,19.86683,2.200045,636.3627,1,2,1,1,1,2,148.808,152.4737,1.711082,825.0577,1,2,1,1,2,7.858754,143.3222,260.9267,11.72776,1.721738,1.284232,0.7373172,0.3086186,2,1,251.9546,1.489764,190.3999,0.000128152,1,1,1,Attack
 29/12/2015 12:00:41 PM,0,734.3798,1,2,1,261.2791,8.417265,334.0682,2.4691,2,1,1,2,1,2,1,19.89564,2.200301,635.3627,1,2,1,1,1,2,148.808,152.4737,1.711082,825.0577,1,2,1,1,2,7.858754,143.3222,260.9267,11.72776,1.721738,1.292558,0.7373172,0.3086186,2,1,251.9546,1.489764,190.3999,0.000128152,1,1,1,Attack
 29/12/2015 12:00:42 PM,0,733.634,1,2,1,261.2791,8.417265,334.0682,2.4691,2,1,1,2,1,2,1,19.90845,2.203248,634.3627,1,2,1,1,1,2,148.808,152.4737,1.711082,825.0192,1,2,1,1,2,7.858754,143.3222,260.9267,11.72776,1.721738,1.292558,0.7373172,0.3086186,2,1,251.9546,1.617916,190.3999,0.000128152,1,1,1,Attack
 29/12/2015 12:00:43 PM,0,733.163,1,2,1,261.2791,8.417265,334.0682,2.471022,2,1,1,2,1,2,1,19.91485,2.203248,633.3627,1,2,1,1,1,2,148.808,152.4737,1.710185,824.7885,1,2,1,1,2,7.858754,143.3222,260.9267,11.72776,1.721738,1.28705,0.7377012,0.3086186,2,1,251.9546,1.617916,190.3999,0.000128152,1,1,1,Attack
 29/12/2015 12:00:44 PM,0,732.7705,1,2,1,261.2791,8.415983,334.0682,2.471278,2,1,1,2,1,2,1,19.91485,2.203248,633.3627,1,2,1,1,1,2,148.808,152.4737,1.709031,824.827,1,2,1,1,2,7.858754,143.3222,260.9267,11.72776,1.721738,1.26694,0.7379573,0.3103481,2,1,251.9546,1.617916,190.4159,0.000128152,1,1,1,Attack
 29/12/2015 12:00:45 PM,0,732.4172,1,2,1,261.2791,8.412138,334.0682,2.471278,2,1,1,2,1,2,1,19.91485,2.203248,632.3627,1,2,1,1,1,2,148.808,152.4737,1.708391,824.6347,1,2,1,1,2,7.858754,143.3222,260.9267,11.72776,1.720328,1.261944,0.7379573,0.3107325,2,1,252.0187,1.617916,190.4159,0.000128152,1,1,1,Attack
 29/12/2015 12:00:46 PM,0,731.9854,1,2,1,261.2791,8.412138,333.8887,2.471278,2,1,1,2,1,2,1,19.89884,2.203248,631.3627,1,2,1,1,1,2,148.808,152.4737,1.708391,824.7885,1,2,1,1,2,7.858754,143.3222,260.9267,11.72776,1.719687,1.265275,0.7379573,0.3107325,2,1,252.0187,1.585878,190.4159,0.000128152,1,1,1,Attack
 29/12/2015 12:00:47 PM,0,731.6714,1,2,1,261.2791,8.412138,333.8887,2.471278,2,1,1,2,1,2,1,19.87643,2.205426,630.3627,1,2,1,1,1,2,148.808,152.4737,1.708391,824.6732,1,2,1,1,2,7.858754,143.3222,260.6383,11.72776,1.719687,1.271935,0.7379573,0.3086186,2,1,252.0187,1.521802,190.4159,0.000128152,1,1,1,Attack
 29/12/2015 12:00:48 PM,0,731.1611,1,2,1,261.2791,8.412458,333.8887,2.471278,2,1,1,2,1,2,1,19.87643,2.206707,629.3627,1,2,1,1,1,2,148.808,152.4737,1.708391,824.9423,1,2,1,1,2,7.858754,143.3222,260.6383,11.72776,1.71738,1.291149,0.7379573,0.3086186,2,1,252.0187,1.521802,190.4159,0.000128152,1,1,1,Attack
 29/12/2015 12:00:49 PM,0,730.6508,1,2,1,261.2791,8.414061,333.8887,2.469612,2,1,1,2,1,2,1,19.87643,2.206707,628.3627,1,2,1,1,1,2,148.808,152.4737,1.708391,824.5963,1,2,1,1,2,7.858754,143.3222,260.6383,11.72776,1.71738,1.301524,0.7379573,0.3086186,2,1,252.0187,1.521802,190.3679,0.000128152,1,1,1,Attack
 29/12/2015 12:00:50 PM,0,730.2975,1,2,1,261.2791,8.414061,333.8887,2.469612,2,1,1,2,1,2,1,19.91485,2.206707,627.3627,1,2,1,1,1,2,148.808,152.4737,1.70916,824.9423,1,2,1,1,2,7.858754,143.3735,260.7985,11.72776,1.71738,1.297041,0.7379573,0.3084265,2,1,252.0187,1.521802,190.3358,0.000128152,1,1,1,Attack
 29/12/2015 12:00:51 PM,0,730.0228,1,2,1,261.2791,8.414061,333.8887,2.469612,2,1,1,2,1,2,1,19.92445,2.205426,626.3627,1,2,1,1,1,2,148.808,152.4737,1.71262,824.7501,1,2,1,1,2,7.858754,143.3735,260.7985,11.72776,1.71738,1.29845,0.7379573,0.3084265,2,1,252.0187,1.521802,190.3358,0.000128152,1,1,1,Attack
 29/12/2015 12:00:52 PM,0,729.6302,1,2,1,261.2791,8.414061,333.8887,2.470894,2,1,1,2,1,2,1,19.97247,2.205426,625.3627,1,2,1,1,1,2,148.808,152.4737,1.71262,824.9808,1,2,1,1,2,7.858754,143.3735,260.7985,11.72776,1.719303,1.296401,0.7379573,0.3084265,2,1,252.0187,1.521802,190.3358,0.000128152,1,1,1,Attack
 29/12/2015 12:00:53 PM,0,728.8845,1,2,1,261.2791,8.414061,333.8887,2.471278,2,1,1,2,1,2,1,19.98848,2.205554,624.3627,1,2,1,1,1,2,148.808,152.4737,1.71262,824.8654,1,2,1,1,2,7.858754,143.3735,260.7985,11.72776,1.721225,1.283464,0.7361649,0.3084265,2,1,252.0187,1.521802,190.3358,0.000128152,1,1,1,Attack
 29/12/2015 12:00:54 PM,0,728.6489,1,2,1,261.2791,8.414061,333.8887,2.471278,2,1,1,2,1,2,1,19.98848,2.208116,624.3627,1,2,1,1,1,2,148.808,152.4737,1.71262,825.173,1,2,1,1,2,7.858754,143.3735,260.7985,11.72776,1.721225,1.281927,0.7346286,0.30785,2,1,252.0187,1.521802,190.5441,0.000128152,1,1,1,Attack
 29/12/2015 12:00:55 PM,0,728.2957,1,2,1,261.2791,8.414061,333.8887,2.471278,2,1,1,2,1,2,1,19.98848,2.208116,623.3627,1,2,1,1,1,2,148.808,152.4737,1.71262,825.3653,1,2,1,1,2,7.858754,143.3735,260.7985,11.72776,1.722123,1.271935,0.7346286,0.3079781,2,1,252.0187,1.521802,190.5441,0.000128152,1,1,1,Attack
 29/12/2015 12:00:56 PM,0,727.7069,1,2,1,261.2791,8.414061,333.8887,2.471278,2,1,1,2,1,2,1,19.98848,2.208116,622.3627,1,2,1,1,1,2,148.808,152.4737,1.71262,825.4037,1,2,1,1,2,7.858754,143.3735,260.7985,11.72776,1.722123,1.277187,0.7353967,0.3079781,2,1,252.0187,1.521802,190.5441,0.000128152,1,1,1,Attack
 29/12/2015 12:00:57 PM,0,727.1573,1,2,1,261.2791,8.415663,333.8887,2.471278,2,1,1,2,1,2,1,19.98848,2.208116,621.3627,1,2,1,1,1,2,148.808,152.4737,1.711082,825.2499,1,2,1,1,2,7.858754,143.3735,260.7985,11.72776,1.722123,1.277828,0.7357808,0.3068251,2,1,252.0187,1.521802,190.5441,0.000128152,1,1,1,Attack
 29/12/2015 12:00:58 PM,0,726.9611,1,2,1,261.2791,8.415663,333.8887,2.469228,2,1,1,2,1,2,1,19.98848,2.208116,620.3627,1,2,1,1,1,2,148.808,152.4737,1.710441,825.3653,1,2,1,1,2,7.858754,143.3735,260.7985,11.72776,1.722123,1.271679,0.7357808,0.3068251,2,1,252.0187,1.441707,190.5441,0.000128152,1,1,1,Attack
 29/12/2015 12:00:59 PM,0,726.4901,1,2,1,261.2791,8.415663,333.8887,2.468971,2,1,1,2,1,2,1,19.98848,2.206963,619.3627,1,2,1,1,1,2,148.808,152.4737,1.707878,825.596,1,2,1,1,2,7.858754,143.3735,260.7985,11.72776,1.719303,1.271551,0.7357808,0.3084905,2,1,252.0187,1.409669,190.3679,0.000128152,1,1,1,Attack
 29/12/2015 12:01:00 PM,0,726.176,1,2,1,261.2791,8.415983,333.8887,2.468971,2,1,1,2,1,2,1,20.02369,2.206963,618.3627,1,2,1,1,1,2,148.808,152.243,1.70634,825.6345,1,2,1,1,2,7.858754,143.3222,260.8947,11.72776,1.719303,1.271551,0.7357808,0.3084905,2,1,252.0187,1.409669,190.3198,0.000128152,1,1,1,Attack
 29/12/2015 12:01:01 PM,0,725.7835,1,2,1,261.2791,8.419188,333.8887,2.467946,2,1,1,2,1,2,1,20.02369,2.205554,617.3627,1,2,1,1,1,2,148.808,152.243,1.70634,825.3653,1,2,1,1,2,7.858754,143.3222,260.8947,11.72776,1.719303,1.262585,0.7357808,0.3084905,2,1,252.0187,1.505783,190.3198,0.000128152,1,1,1,Attack
 29/12/2015 12:01:02 PM,0,725.3517,1,2,1,261.2791,8.419188,333.8887,2.467946,2,1,1,2,1,2,1,19.89564,2.205554,616.3627,1,2,1,1,1,2,148.808,152.243,1.70634,825.5576,1,2,1,1,2,7.858754,143.3222,260.8947,11.72776,1.719303,1.269502,0.7378293,0.3084905,2,1,251.8745,1.521802,190.2878,0.000128152,1,1,1,Attack
 29/12/2015 12:01:03 PM,0,725.5087,1,2,1,261.2791,8.419188,333.8887,2.467946,2,1,1,2,1,2,1,19.85402,2.205554,615.3627,1,2,1,1,1,2,148.808,152.243,1.70634,825.4037,1,2,1,1,2,7.858754,143.3222,260.8947,11.92002,1.719303,1.287691,0.7378293,0.3084905,2,1,251.8265,1.521802,190.2878,0.000128152,1,1,1,Attack
 29/12/2015 12:01:04 PM,0,725.4695,1,2,1,261.0228,8.419188,333.8887,2.467946,2,1,1,2,1,2,1,19.82201,2.205554,614.3627,1,2,1,1,1,2,148.808,152.243,1.70634,825.5576,1,2,1,1,2,7.858754,143.3222,260.8947,11.92002,1.719303,1.285769,0.7383414,0.3084905,2,1,251.8265,1.521802,190.2878,0.000128152,1,1,1,Attack
 29/12/2015 12:01:05 PM,0,725.1555,1,2,1,261.0228,8.419188,333.8887,2.466152,2,1,1,2,1,2,1,19.82201,2.205554,613.3627,1,2,1,1,1,2,148.808,152.243,1.70634,825.4807,1,2,1,1,2,7.858754,143.3222,260.8947,11.92002,1.719303,1.295632,0.736549,0.3084905,2,1,251.8265,1.521802,190.2878,0.000128152,1,1,1,Attack
 29/12/2015 12:01:06 PM,0,724.0956,1,2,1,261.0228,8.419188,333.8887,2.46487,2,1,1,2,1,2,1,19.81881,2.207475,612.3627,1,2,1,1,1,2,148.808,152.243,1.709031,825.4422,1,2,1,1,2,7.858754,143.3222,260.8947,11.92002,1.719303,1.301396,0.736549,0.3084905,2,1,251.8265,1.521802,190.2878,0.000128152,1,1,1,Attack
 29/12/2015 12:01:07 PM,0,723.0358,1,2,1,261.119,8.419188,333.8887,2.465255,2,1,1,2,1,2,1,19.81881,2.207475,611.3627,1,2,1,1,1,2,148.808,152.243,1.70916,825.8652,1,2,1,1,2,7.858754,143.3222,260.8947,11.92002,1.719303,1.291149,0.7361649,0.3070813,2,1,251.8265,1.521802,190.2878,0.000128152,1,1,1,Attack
 29/12/2015 12:01:08 PM,0,722.3292,1,2,1,261.2151,8.419188,333.8887,2.465896,2,1,1,2,1,2,1,19.81881,2.207475,610.3627,1,2,1,1,1,2,148.808,152.243,1.70916,825.8267,1,2,1,1,2,7.858754,143.3222,260.8947,11.92002,1.718662,1.282439,0.7355248,0.3065048,2,1,251.9546,1.617916,190.2878,0.000128152,1,1,1,Attack
 29/12/2015 12:01:09 PM,0,721.9367,1,2,1,261.2151,8.419188,333.8887,2.465896,2,1,1,2,1,2,1,19.85082,2.207475,609.3627,1,2,1,1,1,2,148.808,152.243,1.70916,826.3266,1,2,1,1,2,7.858754,143.3222,260.8947,11.76621,1.718021,1.280005,0.7353967,0.3065048,2,1,251.9546,1.617916,190.2878,0.000128152,1,1,1,Attack
 29/12/2015 12:01:10 PM,0,720.9946,1,2,1,261.2151,8.419188,333.8887,2.465896,2,1,1,2,1,2,1,19.85082,2.20581,609.3627,1,2,1,1,1,2,148.808,152.243,1.70916,826.3651,1,2,1,1,2,7.858754,143.3222,260.8947,11.76621,1.718021,1.272064,0.7353967,0.3065048,2,1,251.9546,1.617916,190.2878,0.000128152,1,1,1,Attack
 29/12/2015 12:01:11 PM,0,720.3666,1,2,1,261.2151,8.419188,333.8887,2.465896,2,1,1,2,1,2,1,19.87643,2.205426,608.3627,1,2,1,1,1,2,148.808,152.243,1.710057,826.5958,1,2,1,1,2,7.858754,143.3222,260.8947,11.76621,1.718021,1.282183,0.7379573,0.3065048,2,1,251.9546,1.537821,190.2878,0.000128152,1,1,1,Attack
 29/12/2015 12:01:12 PM,0,719.9741,1,2,1,261.2151,8.419188,333.8887,2.465896,2,1,1,2,1,2,1,19.90845,2.205426,607.3627,1,2,1,1,1,2,148.808,152.243,1.710057,826.788,1,2,1,1,2,7.858754,143.3222,260.8947,11.76621,1.718021,1.282311,0.7389815,0.306761,2,1,251.9546,1.537821,190.2878,0.000128152,1,1,1,Attack
 29/12/2015 12:01:13 PM,0,718.875,1,2,1,261.2151,8.419188,333.8887,2.467946,2,1,1,2,1,2,1,19.91165,2.205426,606.3627,1,2,1,1,1,2,148.808,152.243,1.710057,826.9803,1,2,1,1,2,7.858754,143.3222,260.8947,11.76621,1.718406,1.282311,0.7389815,0.3081703,2,1,251.9546,1.377631,190.2878,0.000128152,1,1,1,Attack
 29/12/2015 12:01:14 PM,0,717.9329,1,2,1,261.2151,8.419188,333.8887,2.466536,2,1,1,2,1,2,1,19.91165,2.205426,605.3627,1,2,1,1,1,2,148.808,152.243,1.708903,826.788,1,2,1,1,2,7.858754,143.3222,260.8947,11.76621,1.720585,1.290765,0.7352687,0.3086827,2,1,251.9546,1.377631,190.3839,0.000128152,1,1,1,Attack
 29/12/2015 12:01:15 PM,0,717.5012,1,2,1,261.2151,8.419188,333.8887,2.464486,2,1,1,2,1,2,1,19.92445,2.204401,604.3627,1,2,1,1,1,2,148.808,152.243,1.708903,827.0956,1,2,1,1,2,7.858754,143.3222,260.8947,11.76621,1.72161,1.282823,0.7352687,0.3086827,2,1,251.9546,1.489764,190.3839,0.000128152,1,1,1,Attack
 29/12/2015 12:01:16 PM,0,717.2264,1,2,1,261.2151,8.419188,333.8887,2.464486,2,1,1,2,1,2,1,19.95006,2.203119,603.3627,1,2,1,1,1,2,148.808,152.243,1.708903,827.2879,1,2,1,1,2,7.858754,143.3222,260.8947,11.76621,1.72161,1.283848,0.7361649,0.3086827,2,1,251.9546,1.489764,190.4159,0.000128152,1,1,1,Attack
 29/12/2015 12:01:17 PM,0,716.4413,1,2,1,261.2151,8.417906,333.7862,2.463845,2,1,1,2,1,2,1,19.95006,2.203119,602.3627,1,2,1,1,1,2,148.808,152.243,1.710441,827.4802,1,2,1,1,2,7.858754,143.3222,260.8626,11.76621,1.72161,1.291918,0.7378293,0.3086827,2,1,252.1469,1.489764,190.4159,0.000128152,1,1,1,Attack
 29/12/2015 12:01:18 PM,0,715.7348,1,2,1,261.2151,8.417585,333.7606,2.463845,2,1,1,2,1,2,1,19.95006,2.203119,601.3627,1,2,1,1,1,2,148.808,152.243,1.712107,827.2879,1,2,1,1,2,7.858754,143.3222,260.7665,11.76621,1.72161,1.291918,0.7359089,0.3086827,2,1,252.1949,1.489764,190.4159,0.000128152,1,1,1,Attack
 29/12/2015 12:01:19 PM,0,714.989,1,2,1,261.2151,8.416304,333.7606,2.463845,2,1,1,2,1,2,1,19.91805,2.205041,600.3627,1,2,1,1,1,2,148.808,152.243,1.712107,827.4033,1,2,1,1,2,7.858754,143.3222,260.7665,11.76621,1.72161,1.291918,0.7355248,0.3086827,2,1,252.1949,1.489764,190.4159,0.000128152,1,1,1,Attack
 29/12/2015 12:01:20 PM,0,714.2039,1,2,1,261.2151,8.416304,333.7606,2.463845,2,1,1,2,1,2,1,19.91485,2.205041,599.3627,1,2,1,1,1,2,148.808,152.243,1.712107,827.2879,1,2,1,1,2,7.858754,143.3222,260.7665,11.76621,1.719687,1.291918,0.7355248,0.3086827,2,1,252.1949,1.489764,190.4159,0.000128152,1,1,1,Attack
 29/12/2015 12:01:21 PM,0,714.1647,1,2,1,261.2151,8.416304,333.7606,2.464614,2,1,1,2,1,2,1,19.89884,2.203119,598.3627,1,2,1,1,1,2,148.808,152.243,1.713261,827.0956,1,2,1,1,2,7.858754,143.3222,260.7665,11.76621,1.719687,1.291918,0.7355248,0.3083624,2,1,252.1949,1.489764,190.4159,0.000128152,1,1,1,Attack
 29/12/2015 12:01:22 PM,0,713.8114,1,2,1,261.2151,8.416304,333.7606,2.46487,2,1,1,2,1,2,1,19.89884,2.202863,597.3627,1,2,1,1,1,2,148.808,152.3712,1.713517,827.1725,1,2,1,1,2,7.858754,143.3222,260.7665,11.76621,1.719687,1.284488,0.7355248,0.3083624,2,1,252.1949,1.489764,190.4159,0.000128152,1,1,1,Attack
 29/12/2015 12:01:23 PM,0,713.4189,1,2,1,261.2151,8.416304,333.7606,2.46487,2,1,1,2,1,2,1,19.99168,2.204913,596.3627,1,2,1,1,1,2,148.808,152.3712,1.713517,827.0956,1,2,1,1,2,7.858754,143.3222,260.7665,11.76621,1.719687,1.29243,0.7355248,0.3083624,2,1,252.0347,1.489764,190.4159,0.000128152,1,1,1,Attack
 29/12/2015 12:01:24 PM,0,713.3011,1,2,1,261.2151,8.416304,333.7606,2.46487,2,1,1,2,1,2,1,20.0621,2.205041,595.3627,1,2,1,1,1,2,148.808,152.3712,1.713517,827.1725,1,2,1,1,2,7.858754,143.3222,260.7665,11.76621,1.719687,1.293326,0.7361649,0.3066329,2,1,252.0347,1.489764,190.4159,0.000128152,1,1,1,Attack
 29/12/2015 12:01:25 PM,0,712.9871,1,2,1,261.2151,8.416304,333.7606,2.46487,2,1,1,2,1,2,1,20.0621,2.205041,594.3627,1,2,1,1,1,2,148.808,152.4481,1.710826,827.0956,1,2,1,1,2,7.858754,143.3479,260.7665,11.76621,1.719687,1.28103,0.7371892,0.3066329,2,1,252.0347,1.585878,190.4159,0.000128152,1,1,1,Attack
 29/12/2015 12:01:26 PM,0,712.7516,1,2,1,261.2151,8.415342,333.7606,2.46487,2,1,1,2,1,2,1,20.0621,2.205041,593.3627,1,2,1,1,1,2,148.808,152.4737,1.710826,827.5955,1,2,1,1,2,7.858754,143.3479,260.7665,11.76621,1.718918,1.263225,0.7371892,0.3066329,2,1,252.0347,1.585878,190.4159,0.000128152,1,1,1,Attack
 29/12/2015 12:01:27 PM,0,712.3198,1,2,1,261.2151,8.412458,333.7606,2.46487,2,1,1,2,1,2,1,19.99808,2.202991,592.3627,1,2,1,1,1,2,148.808,152.4737,1.710826,827.0956,1,2,1,1,2,7.858754,143.3479,260.7665,11.76621,1.718918,1.262329,0.7359089,0.3066329,2,1,252.0347,1.585878,190.4159,0.000128152,1,1,1,Attack
 29/12/2015 12:01:28 PM,0,711.9666,1,2,1,261.2151,8.412458,333.7606,2.46487,2,1,1,2,1,2,1,19.99808,2.202991,592.3627,1,2,1,1,1,2,148.808,152.4737,1.710826,827.3648,1,2,1,1,2,7.858754,143.3479,260.7665,11.76621,1.718918,1.271679,0.7359089,0.3066329,2,1,252.0347,1.585878,190.4159,0.000128152,1,1,1,Attack
 29/12/2015 12:01:29 PM,0,711.6132,1,2,1,261.2151,8.412458,333.7606,2.463589,2,1,1,2,1,2,1,19.99808,2.202991,591.3627,1,2,1,1,1,2,148.808,152.4737,1.710826,827.0956,1,2,1,1,2,7.858754,143.3479,260.7665,11.76621,1.718918,1.284232,0.7359089,0.3084905,2,1,252.0347,1.585878,190.4159,0.000128152,1,1,1,Attack
 29/12/2015 12:01:30 PM,0,711.3777,1,2,1,261.2151,8.412458,333.7606,2.463589,2,1,1,2,1,2,1,19.95006,2.202991,590.3627,1,2,1,1,1,2,148.808,152.4737,1.710826,827.3264,1,2,1,1,2,7.858754,143.3479,260.7665,11.76621,1.718918,1.290509,0.7359089,0.3084905,2,1,252.0347,1.521802,190.4159,0.000128152,1,1,1,Attack
 29/12/2015 12:01:31 PM,0,711.0245,1,2,1,261.2151,8.412458,333.7606,2.463589,2,1,1,2,1,2,1,19.88604,2.204401,589.3627,1,2,1,1,1,2,148.808,152.4737,1.710826,827.7108,1,2,1,1,2,7.858754,143.3479,260.7665,11.76621,1.718918,1.272064,0.7359089,0.3084905,2,1,252.0347,1.521802,190.4159,0.000128152,1,1,1,Attack
 29/12/2015 12:01:32 PM,0,710.8674,1,2,1,261.2151,8.412458,333.7606,2.463589,2,1,1,2,1,2,1,19.88604,2.204401,588.3627,1,2,1,1,1,2,148.808,152.4737,1.710826,827.7493,1,2,1,1,2,7.858754,143.3479,260.7665,11.76621,1.718918,1.261688,0.7359089,0.3084905,2,1,252.0347,1.521802,190.3679,0.000128152,1,1,1,Attack
 29/12/2015 12:01:33 PM,0,710.6712,1,2,1,261.2151,8.412458,333.7606,2.463589,2,1,1,2,1,2,1,19.88604,2.204401,587.3627,1,2,1,1,1,2,148.808,152.4737,1.710826,828.0569,1,2,1,1,2,7.858754,143.3479,260.7665,11.76621,1.718918,1.255284,0.7347566,0.3084905,2,1,252.0347,1.521802,190.3679,0.000128152,1,1,1,Attack
 29/12/2015 12:01:34 PM,0,709.7684,1,2,1,261.2151,8.412458,333.7606,2.463589,2,1,1,2,1,2,1,19.88604,2.206835,586.3627,1,2,1,1,1,2,148.808,152.4737,1.710313,827.9031,1,2,1,1,2,7.858754,143.3479,260.7665,11.76621,1.718918,1.254003,0.7347566,0.3084905,2,1,251.9546,1.521802,190.3679,0.000128152,1,1,1,Attack
 29/12/2015 12:01:35 PM,0,709.2974,1,2,1,261.2151,8.412458,333.7606,2.463589,2,1,1,2,1,2,1,19.96287,2.208628,585.3627,1,2,1,1,1,2,148.808,152.4737,1.710313,828.0569,1,2,1,1,2,7.858754,143.3479,260.7665,11.76621,1.719175,1.273985,0.7347566,0.3081703,2,1,251.9546,1.521802,190.3679,0.000128152,1,1,1,Attack
 29/12/2015 12:01:36 PM,0,708.9048,1,2,1,261.2151,8.41374,333.7606,2.463589,2,1,1,2,1,2,1,19.96287,2.208628,584.3627,1,2,1,1,1,2,148.808,152.4737,1.707237,827.7493,1,2,1,1,2,7.858754,143.3479,260.7665,11.76621,1.719175,1.279237,0.7347566,0.3069532,2,1,251.9546,1.521802,190.3679,0.000128152,1,1,1,Attack
 29/12/2015 12:01:37 PM,0,708.6301,1,2,1,261.2151,8.414061,333.7606,2.463589,2,1,1,2,1,2,1,19.96287,2.206194,583.3627,1,2,1,1,1,2,148.808,152.4737,1.706597,828.1338,1,2,1,1,2,7.858754,143.3479,260.7665,11.76621,1.720969,1.271679,0.7352687,0.3066329,2,1,251.9546,1.441707,190.3679,0.000128152,1,1,1,Attack
 29/12/2015 12:01:38 PM,0,707.8842,1,2,1,261.2151,8.414061,333.7606,2.463589,2,1,1,2,1,2,1,19.96287,2.205554,582.3627,1,2,1,1,1,2,148.808,152.4737,1.709416,828.1338,1,2,1,1,2,7.858754,143.3479,260.7665,11.76621,1.720969,1.272576,0.7361649,0.3066329,2,1,251.9546,1.441707,190.3679,0.000128152,1,1,1,Attack
 29/12/2015 12:01:39 PM,0,707.6487,1,2,1,261.2151,8.414061,333.7606,2.463589,2,1,1,2,1,2,1,19.96287,2.205554,581.3627,1,2,1,1,1,2,148.808,152.4737,1.710313,828.4799,1,2,1,1,2,7.858754,143.3479,260.7665,11.76621,1.720969,1.281286,0.7361649,0.3066329,2,1,251.9546,1.441707,190.3679,0.000128152,1,1,1,Attack
 29/12/2015 12:01:40 PM,0,707.0992,1,2,1,261.2151,8.414061,333.7606,2.464486,2,1,1,2,1,2,1,19.96287,2.205554,580.3627,1,2,1,1,1,2,148.808,152.4737,1.710313,828.326,1,2,1,1,2,7.858754,143.3479,260.7665,11.76621,1.72161,1.290893,0.7377012,0.3066329,2,1,251.9546,1.441707,190.3679,0.000128152,1,1,1,Attack
 29/12/2015 12:01:41 PM,0,706.4711,1,2,1,261.2151,8.414061,333.6837,2.464486,2,1,1,2,1,2,1,19.95006,2.205554,580.3627,1,2,1,1,1,2,148.808,152.4737,1.710698,828.749,1,2,1,1,2,7.858754,143.3479,260.7665,11.76621,1.72161,1.301012,0.7377012,0.3066329,2,1,251.9546,1.441707,190.3679,0.000128152,1,1,1,Attack
 29/12/2015 12:01:42 PM,0,705.6861,1,2,1,261.2151,8.414061,333.5555,2.465383,2,1,1,2,1,2,1,19.95006,2.202607,580.3627,1,2,1,1,1,2,148.808,152.4737,1.711338,829.0182,1,2,1,1,2,7.858754,143.3479,260.7665,11.76621,1.72161,1.299603,0.7377012,0.3066329,2,1,251.9546,1.441707,190.3679,0.000128152,1,1,1,Attack
 29/12/2015 12:01:43 PM,0,705.6861,1,2,1,261.2151,8.414061,333.5555,2.465383,2,1,1,2,1,2,1,19.95006,2.202607,580.3627,1,2,1,1,1,2,148.808,152.4737,1.711338,829.0182,1,2,1,1,2,7.858754,143.3479,260.7665,11.76621,1.72161,1.299603,0.7377012,0.3066329,2,1,251.9546,1.441707,190.3679,0.000128152,1,1,1,Attack
 29/12/2015 12:01:44 PM,0,704.901,1,2,1,261.2151,8.414061,333.5555,2.465383,2,1,1,2,1,2,1,19.95006,2.202223,580.3627,1,2,1,1,1,2,148.808,152.4737,1.711338,829.0566,1,2,1,1,2,7.858754,143.3479,260.7665,11.76621,1.72161,1.28436,0.7377012,0.3066329,2,1,251.9546,1.441707,190.3679,0.000128152,1,1,1,Attack
 29/12/2015 12:01:45 PM,0,704.9403,1,2,1,261.2151,8.414061,333.5555,2.465383,2,1,1,2,1,2,1,19.95006,2.202223,818.5402,1,2,1,1,1,2,148.808,152.4737,1.711338,829.2104,1,2,1,1,2,7.858754,143.3479,260.7665,11.76621,1.72161,1.281158,0.7377012,0.3082983,2,1,251.9546,1.489764,190.3679,0.000128152,1,1,1,Attack
 29/12/2015 12:01:46 PM,0,704.3907,1,2,1,261.2151,8.415983,333.5555,2.465383,2,1,1,2,1,2,1,19.95006,2.202223,818.6202,1,2,1,1,1,2,148.808,152.4737,1.711338,829.1335,1,2,1,1,2,7.858754,143.3479,260.7344,11.76621,1.721097,1.273601,0.7377012,0.3084265,2,1,251.9546,1.537821,190.3679,0.000128152,1,1,1,Attack
 29/12/2015 12:01:47 PM,0,704.3907,1,2,1,261.2151,8.417265,333.5555,2.466408,2,1,1,2,1,2,1,19.95006,2.204144,818.7404,1,2,1,1,1,2,148.808,152.525,1.711338,829.2874,1,2,1,1,2,7.858754,143.3479,260.7344,11.76621,1.719303,1.271679,0.7377012,0.3084265,2,1,251.9546,1.537821,190.3358,0.000128152,1,1,1,Attack
 29/12/2015 12:01:48 PM,0,704.0767,1,2,1,261.2151,8.417265,333.5555,2.466408,2,1,1,2,1,2,1,19.95006,2.204144,818.5402,1,2,1,1,1,2,148.808,152.525,1.7098,829.1335,1,2,1,1,2,7.858754,143.3479,260.7344,11.76621,1.719303,1.276547,0.7385975,0.3084265,2,1,251.9226,1.537821,190.2076,0.000128152,1,1,1,Attack
 29/12/2015 12:01:49 PM,0,703.7627,1,2,1,261.2151,8.417265,333.5555,2.466408,2,1,1,2,1,2,1,19.87643,2.204144,818.7404,1,2,1,1,1,2,148.808,152.6019,1.7098,829.3258,1,2,1,1,2,7.858754,143.3479,260.7344,11.76621,1.719303,1.281158,0.7385975,0.3084265,2,1,251.9226,1.585878,190.2076,0.000128152,1,1,1,Attack
 29/12/2015 12:01:50 PM,0,703.5664,1,2,1,261.2151,8.417265,333.5555,2.466408,2,1,1,2,1,2,1,19.86043,2.20645,819.0208,1,2,1,1,1,2,148.808,152.6019,1.7098,829.3258,1,2,1,1,2,7.858754,143.3479,260.7344,11.76621,1.719303,1.276419,0.7385975,0.3084265,2,1,251.9226,1.585878,190.2076,0.000128152,1,1,1,Attack
 29/12/2015 12:01:51 PM,0,702.7421,1,2,1,261.2151,8.417265,333.5555,2.466408,2,1,1,2,1,2,1,19.86043,2.20645,819.0609,1,2,1,1,1,2,148.808,152.6019,1.7098,829.4027,1,2,1,1,2,7.858754,143.3479,260.7344,11.76621,1.719687,1.272192,0.736549,0.3084265,2,1,251.9226,1.585878,190.2076,0.000128152,1,1,1,Attack
 29/12/2015 12:01:52 PM,0,702.1926,1,2,1,261.2151,8.417265,333.5555,2.467305,2,1,1,2,1,2,1,19.86043,2.20645,819.181,1,2,1,1,1,2,148.808,152.6019,1.7098,829.7103,1,2,1,1,2,7.858754,143.3479,260.7344,11.76621,1.719815,1.262329,0.7357808,0.3084265,2,1,251.9226,1.585878,190.3038,0.000128152,1,1,1,Attack
 29/12/2015 12:01:53 PM,0,701.9963,1,2,1,261.2151,8.417265,333.5555,2.467946,2,1,1,2,1,2,1,19.90204,2.20645,819.0609,1,2,1,1,1,2,148.808,152.6019,1.7098,829.5181,1,2,1,1,2,7.858754,143.3479,260.7344,11.76621,1.719815,1.254771,0.7348846,0.3084265,2,1,251.9226,1.585878,190.3038,0.000128152,1,1,1,Attack
 29/12/2015 12:01:54 PM,0,701.0543,1,2,1,261.2151,8.417265,333.5555,2.465127,2,1,1,2,1,2,1,19.90204,2.20645,819.1409,1,2,1,1,1,2,148.808,152.6019,1.7098,829.7872,1,2,1,1,2,7.858754,143.3479,260.7344,11.76621,1.719815,1.260535,0.7348846,0.3084265,2,1,251.9386,1.585878,190.3038,0.000128152,1,1,1,Attack
 29/12/2015 12:01:55 PM,0,701.2112,1,2,1,261.2151,8.417265,333.5555,2.463204,2,1,1,2,1,2,1,19.90204,2.20645,818.8205,1,2,1,1,1,2,148.808,152.6019,1.711082,829.595,1,2,1,1,2,7.858754,143.3479,260.7344,11.76621,1.719815,1.277828,0.7348846,0.3084265,2,1,251.9546,1.537821,190.3038,0.000128152,1,1,1,Attack
 29/12/2015 12:01:56 PM,0,700.5833,1,2,1,261.2151,8.417265,333.5555,2.462564,2,1,1,2,1,2,1,19.86363,2.20581,819.1409,1,2,1,1,1,2,148.808,152.6019,1.712107,829.7872,1,2,1,1,2,7.858754,143.3479,260.7344,11.76621,1.719815,1.300115,0.7348846,0.3084265,2,1,252.0668,1.537821,190.464,0.000128152,1,1,1,Attack
 29/12/2015 12:01:57 PM,0,699.7982,1,2,1,261.2151,8.417265,333.5555,2.461667,2,1,1,2,1,2,1,19.82201,2.203888,819.0208,1,2,1,1,1,2,148.808,152.6019,1.712107,829.8641,1,2,1,1,2,7.858754,143.3479,260.7344,11.76621,1.719815,1.301524,0.7348846,0.3084265,2,1,252.0668,1.537821,190.464,0.000128152,1,1,1,Attack
 29/12/2015 12:01:58 PM,0,698.9739,1,2,1,261.2151,8.417265,333.5555,2.461667,2,1,1,2,1,2,1,19.8028,2.203888,819.1409,1,2,1,1,1,2,148.808,152.6019,1.712107,830.0564,1,2,1,1,2,7.858754,143.3479,260.7344,11.76621,1.719815,1.296529,0.7353967,0.3084265,2,1,252.0668,1.537821,190.464,0.000128152,1,1,1,Attack
 29/12/2015 12:01:59 PM,0,698.2281,1,2,1,261.2151,8.417265,333.5555,2.461667,2,1,1,2,1,2,1,19.8028,2.203248,818.9407,1,2,1,1,1,2,148.808,152.6019,1.711338,830.0179,1,2,1,1,2,7.858754,143.3479,260.7344,11.76621,1.719815,1.282311,0.7353967,0.3084265,2,1,252.0668,1.537821,190.3839,0.000128152,1,1,1,Attack
 29/12/2015 12:02:00 PM,0,697.6393,1,2,1,261.2151,8.417265,333.5555,2.461667,2,1,1,2,1,2,1,19.8028,2.207091,818.6603,1,2,1,1,1,2,148.808,152.6019,1.710057,830.2102,1,2,1,1,2,7.858754,143.3479,260.7344,11.76621,1.717893,1.263353,0.7353967,0.3084265,2,1,251.9066,1.537821,190.1596,0.000128152,1,1,1,Attack
