 29/12/2015 11:11:25 AM,2.47638,507.0671,2,2,1,260.2538,8.396437,332.7352,2.444366,2,1,1,2,1,2,1,19.81881,2.206963,910.0231,1,2,1,1,1,2,148.808,152.525,1.710441,864.163,1,2,1,1,2,7.854909,143.5786,259.0041,11.65086,1.719303,1.271423,0.7348846,0.3081062,2,1,251.7624,1.489764,190.2237,0.000128152,1,1,1,Attack
 29/12/2015 11:11:26 AM,2.47638,507.0671,2,2,1,260.2538,8.396437,332.7352,2.444366,2,1,1,2,1,2,1,19.81881,2.206963,910.0231,1,2,1,1,1,2,148.808,152.525,1.710441,864.163,1,2,1,1,2,7.854909,143.5786,259.0041,11.65086,1.719303,1.271423,0.7348846,0.3081062,2,1,251.7624,1.489764,190.2237,0.000128152,1,1,1,Attack
 29/12/2015 11:11:27 AM,2.461967,506.7531,2,2,1,260.2538,8.396437,332.7352,2.444623,2,1,1,2,1,2,1,19.81881,2.206835,909.5825,1,2,1,1,1,2,148.808,152.525,1.710441,864.3553,1,2,1,1,2,7.854909,143.5786,259.1323,11.65086,1.719303,1.281798,0.7348846,0.3081062,2,1,251.7624,1.489764,190.0955,0.000128152,1,1,1,Attack
 29/12/2015 11:11:28 AM,2.444672,506.4783,2,2,1,260.2538,8.396437,332.7352,2.444623,2,1,1,2,1,2,1,19.85082,2.206835,909.6226,1,2,1,1,1,2,148.808,152.525,1.710441,864.5475,1,2,1,1,2,7.854909,143.5786,259.1323,11.65086,1.719303,1.290637,0.7348846,0.3081062,2,1,251.7624,1.489764,190.0955,0.000128152,1,1,1,Attack
 29/12/2015 11:11:29 AM,2.43026,506.3998,2,2,1,260.2538,8.396437,332.7352,2.444623,2,1,1,2,1,2,1,19.85082,2.207347,909.4223,1,2,1,1,1,2,148.808,152.525,1.710441,864.5091,1,2,1,1,2,7.854909,143.5786,259.1323,11.65086,1.721097,1.291918,0.7348846,0.3084265,2,1,251.7624,1.489764,190.0955,0.000128152,1,1,1,Attack
 29/12/2015 11:11:30 AM,2.41905,506.4783,2,2,1,260.2538,8.396437,332.7352,2.444623,2,1,1,2,1,2,1,19.85082,2.207731,909.1019,1,2,1,1,1,2,148.808,152.525,1.710441,864.6629,1,2,1,1,2,7.854909,143.5786,259.1323,11.65086,1.721225,1.291918,0.7366771,0.3086186,2,1,251.7624,1.409669,190.0955,0.000128152,1,1,1,Attack
 29/12/2015 11:11:31 AM,2.41905,506.0858,2,2,1,260.2538,8.396437,332.7352,2.444623,2,1,1,2,1,2,1,19.85082,2.207731,909.3822,1,2,1,1,1,2,148.808,152.525,1.710441,864.7398,1,2,1,1,2,7.854909,143.5786,259.1323,11.65086,1.720328,1.291918,0.7379573,0.3086186,2,1,251.7624,1.409669,190.0955,0.000128152,1,1,1,Attack
 29/12/2015 11:11:32 AM,2.452039,505.8896,2,2,1,260.2538,8.396437,332.7352,2.444623,2,1,1,2,1,2,1,19.85082,2.207731,909.2621,1,2,1,1,1,2,148.808,152.525,1.710441,864.8552,1,2,1,1,2,7.854909,143.5786,259.1323,11.65086,1.717893,1.291918,0.7385975,0.3086186,2,1,251.7624,1.409669,190.0955,0.000128152,1,1,1,Attack
 29/12/2015 11:11:33 AM,2.498479,505.497,2,2,1,260.2538,8.396437,332.7352,2.444623,2,1,1,2,1,2,1,19.84442,2.209269,909.1019,1,2,1,1,1,2,148.808,152.525,1.710441,865.0474,1,2,1,1,2,7.854909,143.5786,259.1323,11.65086,1.717893,1.300115,0.7385975,0.3086186,2,1,251.7624,1.409669,190.0955,0.000128152,1,1,1,Attack
 29/12/2015 11:11:34 AM,2.541716,505.497,2,2,1,260.2538,8.396437,332.7352,2.442316,2,1,1,2,1,2,1,19.83162,2.209269,909.1819,1,2,1,1,1,2,148.808,152.525,1.710441,865.0474,1,2,1,1,2,7.854909,143.5786,259.1323,11.65086,1.719944,1.29781,0.7385975,0.3086186,2,1,251.7624,1.409669,190.1275,0.000128152,1,1,1,Attack
 29/12/2015 11:11:35 AM,2.570541,505.5755,2,2,1,260.2538,8.396437,332.7352,2.442316,2,1,1,2,1,2,1,19.87643,2.209269,908.9817,1,2,1,1,1,2,148.808,152.4481,1.710441,865.3166,1,2,1,1,2,7.854909,143.5786,259.1323,11.65086,1.719944,1.282823,0.7380853,0.3086186,2,1,251.7624,1.409669,190.1275,0.000128152,1,1,1,Attack
 29/12/2015 11:11:36 AM,2.612818,505.497,2,2,1,260.2538,8.396437,332.7352,2.440393,2,1,1,2,1,2,1,19.88604,2.209269,908.7013,1,2,1,1,1,2,148.808,152.4481,1.710441,865.4704,1,2,1,1,2,7.854909,143.5786,259.1323,11.65086,1.719944,1.284488,0.7379573,0.3086186,2,1,251.7624,1.409669,190.1275,0.000128152,1,1,1,Attack
 29/12/2015 11:11:37 AM,2.637158,505.6148,2,2,1,260.2538,8.396437,332.7352,2.440393,2,1,1,2,1,2,1,19.84762,2.208116,908.8215,1,2,1,1,1,2,148.808,152.4481,1.710441,865.6242,1,2,1,1,2,7.854909,143.5786,259.1323,11.65086,1.719944,1.286666,0.7379573,0.3086186,2,1,251.7624,1.409669,190.3198,0.000128152,1,1,1,Attack
 29/12/2015 11:11:38 AM,2.659258,505.8503,2,2,1,260.2538,8.396437,332.7352,2.440393,2,1,1,2,1,2,1,19.84762,2.208116,908.8615,1,2,1,1,1,2,148.808,152.4481,1.710441,865.8549,1,2,1,1,2,7.854909,143.5786,259.1323,11.65086,1.719046,1.282439,0.7379573,0.3086186,2,1,251.8745,1.441707,190.3198,0.000128152,1,1,1,Attack
 29/12/2015 11:11:39 AM,2.664382,505.968,2,2,1,260.2538,8.396437,332.7352,2.439496,2,1,1,2,1,2,1,19.85082,2.208116,908.8615,1,2,1,1,1,2,148.808,152.4481,1.711082,866.1241,1,2,1,1,2,7.854909,143.5786,259.1323,11.65086,1.718021,1.286153,0.7379573,0.3086186,2,1,251.8745,1.441707,190.3198,0.000128152,1,1,1,Attack
 29/12/2015 11:11:40 AM,2.640361,506.6353,2,2,1,260.2538,8.394835,332.7352,2.439496,2,1,1,2,1,2,1,19.91805,2.205041,909.222,1,2,1,1,1,2,148.808,152.4481,1.711082,866.3932,1,2,1,1,2,7.854909,143.5786,259.1323,11.65086,1.718021,1.281927,0.7379573,0.3083624,2,1,251.8745,1.441707,190.3198,0.000128152,1,1,1,Attack
 29/12/2015 11:11:41 AM,2.624988,506.9886,2,2,1,260.2538,8.394835,332.7352,2.439496,2,1,1,2,1,2,1,19.91805,2.204913,909.222,1,2,1,1,1,2,148.808,152.4481,1.711082,866.201,1,2,1,1,2,7.854909,143.6811,259.1323,11.65086,1.718021,1.279365,0.7379573,0.3080421,2,1,251.8745,1.441707,190.3198,0.000128152,1,1,1,Attack
 29/12/2015 11:11:42 AM,2.620184,507.1849,2,2,1,260.2538,8.394835,332.7352,2.441419,2,1,1,2,1,2,1,19.91805,2.204913,909.6626,1,2,1,1,1,2,148.808,152.4481,1.713261,866.6624,1,2,1,1,2,7.854909,143.6811,259.1323,11.65086,1.718021,1.28103,0.7379573,0.3080421,2,1,251.8745,1.441707,190.2397,0.000128152,1,1,1,Attack
 29/12/2015 11:11:43 AM,2.620184,507.1456,2,2,1,260.2538,8.394835,332.7352,2.441547,2,1,1,2,1,2,1,19.91805,2.204913,909.4623,1,2,1,1,1,2,148.808,152.4481,1.714286,866.97,1,2,1,1,2,7.854909,143.6811,259.1323,11.65086,1.718021,1.276547,0.7379573,0.3080421,2,1,251.8745,1.441707,190.1275,0.000128152,1,1,1,Attack
 29/12/2015 11:11:44 AM,2.60417,507.2634,2,2,1,260.2538,8.393232,332.7352,2.441547,2,1,1,2,1,2,1,19.91805,2.204913,910.0231,1,2,1,1,1,2,148.808,152.4481,1.715824,867.0469,1,2,1,1,2,7.854909,143.6811,259.1323,11.65086,1.718021,1.270911,0.7379573,0.3087468,2,1,251.8745,1.441707,190.1275,0.000128152,1,1,1,Attack
 29/12/2015 11:11:45 AM,2.582711,507.3419,2,2,1,260.2538,8.39131,332.7352,2.441547,2,1,1,2,1,2,1,19.87963,2.204913,910.704,1,2,1,1,1,2,148.808,152.4481,1.715952,867.0085,1,2,1,1,2,7.854909,143.9375,259.1323,11.65086,1.718021,1.261688,0.7379573,0.3087468,2,1,251.8265,1.441707,190.1275,0.000128152,1,1,1,Attack
 29/12/2015 11:11:46 AM,2.566698,507.2634,2,2,1,260.2538,8.39131,332.7352,2.441547,2,1,1,2,1,2,1,19.87643,2.206707,910.704,1,2,1,1,1,2,148.808,152.4481,1.715952,867.3546,1,2,1,1,2,7.854909,143.9375,259.1323,11.65086,1.718021,1.268349,0.7379573,0.3087468,2,1,251.8265,1.441707,190.1275,0.000128152,1,1,1,Attack
 29/12/2015 11:11:47 AM,2.543638,507.1849,2,2,1,260.2538,8.39131,332.7352,2.441547,2,1,1,2,1,2,1,19.87643,2.206707,911.2247,1,2,1,1,1,2,148.808,152.4481,1.713389,867.2392,1,2,1,1,2,7.854909,143.9375,259.1323,11.65086,1.718021,1.289228,0.7379573,0.3082983,2,1,251.6983,1.441707,190.1275,0.000128152,1,1,1,Attack
 29/12/2015 11:11:48 AM,2.521859,506.7924,2,2,1,260.2538,8.39131,332.7352,2.44411,2,1,1,2,1,2,1,19.87643,2.206707,911.3048,1,2,1,1,1,2,148.808,152.4481,1.713389,867.393,1,2,1,1,2,7.854909,143.9375,259.1323,11.65086,1.718021,1.291533,0.7379573,0.3082983,2,1,251.6983,1.521802,190.1275,0.000128152,1,1,1,Attack
 29/12/2015 11:11:49 AM,2.505204,506.1643,2,2,1,260.2538,8.39131,332.7352,2.444751,2,1,1,2,1,2,1,19.84762,2.206707,912.1059,1,2,1,1,1,2,148.808,152.4481,1.713389,867.739,1,2,1,1,2,7.854909,143.7324,259.1323,11.65086,1.718021,1.291533,0.7379573,0.3082983,2,1,251.6983,1.521802,190.1275,0.000128152,1,1,1,Attack
 29/12/2015 11:11:50 AM,2.468052,506.0858,2,2,1,260.2538,8.39131,332.7352,2.44616,2,1,1,2,1,2,1,19.83802,2.206707,912.5865,1,2,1,1,1,2,148.808,152.4481,1.713389,867.8159,1,2,1,1,2,7.854909,143.7324,259.1323,11.65086,1.721482,1.283592,0.7379573,0.3082983,2,1,251.6983,1.521802,190.1275,0.000128152,1,1,1,Attack
 29/12/2015 11:11:51 AM,2.446594,506.2036,2,2,1,260.2538,8.391951,332.7352,2.44616,2,1,1,2,1,2,1,19.82201,2.206707,912.907,1,2,1,1,1,2,148.808,152.4481,1.711723,868.0082,1,2,1,1,2,7.854909,143.7324,259.1323,11.65086,1.722251,1.281542,0.7379573,0.3068891,2,1,251.8585,1.521802,190.3198,0.000128152,1,1,1,Attack
 29/12/2015 11:11:52 AM,2.42994,506.2036,2,2,1,260.2538,8.393553,332.7352,2.44616,2,1,1,2,1,2,1,19.80601,2.206707,913.2274,1,2,1,1,1,2,148.808,152.4481,1.711723,868.162,1,2,1,1,2,7.854909,143.7324,259.1323,11.65086,1.722251,1.281542,0.7379573,0.3080421,2,1,251.9546,1.521802,190.3198,0.000128152,1,1,1,Attack
 29/12/2015 11:11:53 AM,2.421932,506.0858,2,2,1,260.2538,8.393553,332.7352,2.44616,2,1,1,2,1,2,1,19.83482,2.206707,913.9083,1,2,1,1,1,2,148.808,152.4481,1.710057,868.3542,1,2,1,1,2,7.854909,143.7324,259.1323,11.65086,1.718662,1.281542,0.7379573,0.3087468,2,1,252.0027,1.521802,190.3198,0.000128152,1,1,1,Attack
 29/12/2015 11:11:54 AM,2.421612,506.2821,2,2,1,260.2538,8.393553,332.7352,2.445519,2,1,1,2,1,2,1,19.84442,2.206707,913.9083,1,2,1,1,1,2,148.808,152.4481,1.709672,868.1235,1,2,1,1,2,7.854909,143.7324,259.1323,11.65086,1.718662,1.271679,0.7385975,0.3087468,2,1,252.0187,1.521802,190.3198,0.000128152,1,1,1,Attack
 29/12/2015 11:11:55 AM,2.440188,506.5569,2,2,1,260.2538,8.393553,332.7352,2.444879,2,1,1,2,1,2,1,19.87963,2.206707,913.668,1,2,1,1,1,2,148.808,152.4481,1.709416,868.0466,1,2,1,1,2,7.854909,143.7324,259.1323,11.65086,1.719559,1.264378,0.7385975,0.3087468,2,1,252.0187,1.521802,190.3198,0.000128152,1,1,1,Attack
 29/12/2015 11:11:56 AM,2.487589,507.1849,2,2,1,260.2538,8.393553,332.7352,2.444366,2,1,1,2,1,2,1,19.89244,2.206707,913.7081,1,2,1,1,1,2,148.808,152.6019,1.709416,868.2004,1,2,1,1,2,7.854909,143.7324,259.1323,11.65086,1.721482,1.261432,0.7385975,0.3082983,2,1,252.0187,1.425688,190.3198,0.000128152,1,1,1,Attack
 29/12/2015 11:11:57 AM,2.521859,507.4204,2,2,1,260.2538,8.396116,332.7352,2.444366,2,1,1,2,1,2,1,19.90204,2.206707,913.7881,1,2,1,1,1,2,148.808,152.6019,1.709416,868.1235,1,2,1,1,2,7.854909,143.7324,259.1323,11.65086,1.721482,1.261432,0.7371892,0.3082983,2,1,252.0187,1.425688,190.3198,0.000128152,1,1,1,Attack
 29/12/2015 11:11:58 AM,2.568939,507.5381,2,2,1,260.2538,8.396116,332.7352,2.445519,2,1,1,2,1,2,1,19.90204,2.206707,913.6279,1,2,1,1,1,2,148.808,152.6019,1.709416,868.3158,1,2,1,1,2,7.854909,143.7324,259.1323,11.65086,1.721482,1.255924,0.7352687,0.3082983,2,1,252.0187,1.425688,190.3198,0.000128152,1,1,1,Attack
 29/12/2015 11:11:59 AM,2.597764,507.5381,2,2,1,260.2538,8.396116,332.7352,2.44757,2,1,1,2,1,2,1,19.90204,2.206707,913.7081,1,2,1,1,1,2,148.808,152.6019,1.711466,868.2004,1,2,1,1,2,7.854909,143.7324,259.1323,11.65086,1.721482,1.260023,0.7352687,0.3082983,2,1,252.0187,1.425688,190.3679,0.000128152,1,1,1,Attack
 29/12/2015 11:12:00 AM,2.621785,507.3419,2,2,1,260.2538,8.396116,332.7352,2.448211,2,1,1,2,1,2,1,19.84442,2.206835,913.5879,1,2,1,1,1,2,148.808,152.6019,1.711595,868.3927,1,2,1,1,2,7.854909,143.7324,259.1323,11.65086,1.72302,1.279749,0.7352687,0.3087468,2,1,252.1789,1.425688,190.3679,0.000128152,1,1,1,Attack
 29/12/2015 11:12:01 AM,2.632034,507.0279,2,2,1,260.2538,8.396116,332.7352,2.449108,2,1,1,2,1,2,1,19.83802,2.209525,913.5078,1,2,1,1,1,2,148.808,152.6019,1.712748,868.8926,1,2,1,1,2,7.854909,143.7324,259.1323,11.65086,1.724301,1.28167,0.7352687,0.3087468,2,1,252.1949,1.425688,190.448,0.000128152,1,1,1,Attack
 29/12/2015 11:12:02 AM,2.63876,506.6353,2,2,1,260.2538,8.396116,332.7352,2.449108,2,1,1,2,1,2,1,19.76439,2.209525,913.3075,1,2,1,1,1,2,148.808,152.6019,1.712748,868.8157,1,2,1,1,2,7.854909,143.7324,259.1323,11.65086,1.724301,1.291918,0.7352687,0.3070813,2,1,252.1949,1.425688,190.448,0.000128152,1,1,1,Attack
 29/12/2015 11:12:03 AM,2.624988,506.5569,2,2,1,260.2538,8.396116,332.7352,2.449108,2,1,1,2,1,2,1,19.73558,2.209909,913.3876,1,2,1,1,1,2,148.808,152.6019,1.712748,868.6234,1,2,1,1,2,7.854909,143.7324,259.1323,11.65086,1.724301,1.287691,0.7352687,0.3068891,2,1,252.1949,1.425688,190.448,0.000128152,1,1,1,Attack
 29/12/2015 11:12:04 AM,2.610896,506.5961,2,2,1,260.2538,8.399321,332.7352,2.445648,2,1,1,2,1,2,1,19.7836,2.210678,913.3075,1,2,1,1,1,2,148.808,152.6019,1.712748,869.1617,1,2,1,1,2,7.854909,143.7324,259.1323,11.65086,1.721738,1.28167,0.7352687,0.3068891,2,1,252.1949,1.425688,190.448,0.000128152,1,1,1,Attack
 29/12/2015 11:12:05 AM,2.60449,506.6353,2,2,1,260.2538,8.399321,332.7352,2.445648,2,1,1,2,1,2,1,19.83802,2.210678,912.907,1,2,1,1,1,2,148.808,152.4481,1.712107,869.2771,1,2,1,1,2,7.854909,143.7324,259.1323,11.65086,1.7202,1.28167,0.7352687,0.3068891,2,1,252.1949,1.425688,190.448,0.000128152,1,1,1,Attack
 29/12/2015 11:12:06 AM,2.60449,506.6353,2,2,1,260.2538,8.399321,332.7352,2.445648,2,1,1,2,1,2,1,19.83802,2.210678,912.907,1,2,1,1,1,2,148.808,152.4481,1.712107,869.2771,1,2,1,1,2,7.854909,143.7324,259.1323,11.65086,1.7202,1.28167,0.7352687,0.3068891,2,1,252.1949,1.425688,190.448,0.000128152,1,1,1,Attack
 29/12/2015 11:12:07 AM,2.598405,506.2428,2,2,1,260.2538,8.399321,332.7352,2.445263,2,1,1,2,1,2,1,19.86683,2.21055,913.0271,1,2,1,1,1,2,148.808,152.4481,1.711466,869.1617,1,2,1,1,2,7.854909,143.7324,259.1323,11.65086,1.7202,1.273601,0.7352687,0.3068891,2,1,252.1949,1.425688,190.448,0.000128152,1,1,1,Attack
 29/12/2015 11:12:08 AM,2.592,506.2821,2,2,1,260.2538,8.399321,332.7352,2.444238,2,1,1,2,1,2,1,19.91805,2.210294,912.9871,1,2,1,1,1,2,148.808,152.4481,1.711466,869.4694,1,2,1,1,2,7.854909,143.7324,259.1323,11.65086,1.7202,1.277059,0.7352687,0.3068891,2,1,252.0187,1.425688,190.448,0.000128152,1,1,1,Attack
 29/12/2015 11:12:09 AM,2.58079,506.0073,2,2,1,260.2538,8.399321,332.7352,2.444238,2,1,1,2,1,2,1,19.91805,2.210037,912.8268,1,2,1,1,1,2,148.808,152.4481,1.711466,869.5078,1,2,1,1,2,7.854909,143.7324,259.1323,11.65086,1.721738,1.270783,0.7352687,0.3068891,2,1,252.0187,1.425688,190.3198,0.000128152,1,1,1,Attack
 29/12/2015 11:12:10 AM,2.568939,506.3606,2,2,1,260.2538,8.399321,332.7352,2.444238,2,1,1,2,1,2,1,19.82201,2.208116,913.1072,1,2,1,1,1,2,148.808,152.6275,1.711466,869.8923,1,2,1,1,2,7.854909,143.7324,259.1323,11.65086,1.721738,1.270398,0.7361649,0.3084905,2,1,252.0187,1.425688,190.3198,0.000128152,1,1,1,Attack
 29/12/2015 11:12:11 AM,2.548121,506.5569,2,2,1,260.2538,8.399321,332.7352,2.444238,2,1,1,2,1,2,1,19.82201,2.208116,913.0672,1,2,1,1,1,2,148.808,152.6275,1.711466,869.9308,1,2,1,1,2,7.854909,143.7324,258.94,11.65086,1.721738,1.270398,0.7361649,0.3084905,2,1,252.0187,1.425688,190.3198,0.000128152,1,1,1,Attack
 29/12/2015 11:12:12 AM,2.535951,506.5961,2,2,1,260.2538,8.399321,332.7352,2.444238,2,1,1,2,1,2,1,19.82201,2.207475,913.4677,1,2,1,1,1,2,148.808,152.6275,1.711466,870.4691,1,2,1,1,2,7.854909,143.8862,258.94,11.65086,1.721738,1.27232,0.7361649,0.3084905,2,1,252.0187,1.441707,190.3198,0.000128152,1,1,1,Attack
 29/12/2015 11:12:13 AM,2.516094,506.3998,2,2,1,260.2538,8.399321,332.7352,2.448082,2,1,1,2,1,2,1,19.82201,2.205682,913.4677,1,2,1,1,1,2,148.808,152.6275,1.711466,870.7767,1,2,1,1,2,7.854909,143.8862,258.94,11.65086,1.721738,1.289612,0.7348846,0.3084905,2,1,252.0187,1.505783,190.3198,0.000128152,1,1,1,Attack
 29/12/2015 11:12:14 AM,2.491112,506.4783,2,2,1,260.2538,8.399321,332.7352,2.448082,2,1,1,2,1,2,1,19.82201,2.205682,913.668,1,2,1,1,1,2,148.808,152.6275,1.713517,870.1615,1,2,1,1,2,7.854909,143.8862,258.94,11.65086,1.721738,1.286922,0.7348846,0.3084905,2,1,252.0187,1.505783,190.4159,0.000128152,1,1,1,Attack
 29/12/2015 11:12:15 AM,2.476059,506.8316,2,2,1,260.2538,8.399321,332.7352,2.449236,2,1,1,2,1,2,1,19.82201,2.20581,914.0285,1,2,1,1,1,2,148.808,152.6275,1.713517,870.2769,1,2,1,1,2,7.854909,143.8862,258.94,11.65086,1.721738,1.281542,0.7348846,0.3084905,2,1,252.0988,1.505783,190.448,0.000128152,1,1,1,Attack
 29/12/2015 11:12:16 AM,2.459085,506.8316,2,2,1,260.2538,8.399321,332.7352,2.449364,2,1,1,2,1,2,1,19.82201,2.20581,914.0285,1,2,1,1,1,2,148.808,152.6275,1.713517,870.3538,1,2,1,1,2,7.854909,143.8862,258.94,11.65086,1.721097,1.270142,0.7348846,0.3084905,2,1,252.1789,1.505783,190.448,0.000128152,1,1,1,Attack
 29/12/2015 11:12:17 AM,2.444992,506.8316,2,2,1,260.2538,8.399321,332.7352,2.449364,2,1,1,2,1,2,1,19.82201,2.20581,913.7081,1,2,1,1,1,2,148.808,152.6275,1.713517,870.0846,1,2,1,1,2,7.854909,143.8862,258.94,11.65086,1.720328,1.2549,0.7348846,0.3084905,2,1,252.1789,1.505783,190.448,0.000128152,1,1,1,Attack
 29/12/2015 11:12:18 AM,2.433783,507.0671,2,2,1,260.2538,8.399321,332.7352,2.449364,2,1,1,2,1,2,1,19.86363,2.20581,914.3088,1,2,1,1,1,2,148.808,152.6275,1.713517,870.2769,1,2,1,1,2,7.854909,143.8862,259.1643,11.65086,1.720328,1.254131,0.7348846,0.3084905,2,1,252.1789,1.505783,190.496,0.000128152,1,1,1,Attack
 29/12/2015 11:12:19 AM,2.432822,506.9886,2,2,1,260.2538,8.399321,332.7352,2.449364,2,1,1,2,1,2,1,19.91805,2.20581,914.5091,1,2,1,1,1,2,148.808,152.6275,1.713517,870.5845,1,2,1,1,2,7.854909,143.8862,259.1643,11.65086,1.719815,1.254131,0.7348846,0.3084905,2,1,252.1789,1.377631,190.5761,0.000128152,1,1,1,Attack
 29/12/2015 11:12:20 AM,2.432822,506.8708,2,2,1,260.2538,8.399321,332.7352,2.449364,2,1,1,2,1,2,1,19.91805,2.20581,914.3088,1,2,1,1,1,2,148.808,152.6275,1.713004,870.3538,1,2,1,1,2,7.854909,143.6298,259.1643,11.65086,1.719175,1.254131,0.7348846,0.3084905,2,1,252.1789,1.377631,190.5761,0.000128152,1,1,1,Attack
 29/12/2015 11:12:21 AM,2.473497,507.1456,2,2,1,260.2538,8.399321,332.7352,2.44757,2,1,1,2,1,2,1,19.96607,2.20581,914.5892,1,2,1,1,1,2,148.808,152.6275,1.713004,870.3538,1,2,1,1,2,7.854909,143.6298,259.1643,11.65086,1.719175,1.268093,0.7348846,0.3084905,2,1,252.1789,1.377631,190.5761,0.000128152,1,1,1,Attack
 29/12/2015 11:12:22 AM,2.521218,507.6559,2,2,1,260.2538,8.399321,332.7352,2.44616,2,1,1,2,1,2,1,19.96607,2.209653,914.5091,1,2,1,1,1,2,148.808,152.6275,1.714029,870.5076,1,2,1,1,2,7.854909,143.6298,259.1643,11.65086,1.719175,1.288843,0.7348846,0.3084905,2,1,252.227,1.377631,190.6242,0.000128152,1,1,1,Attack
 29/12/2015 11:12:23 AM,2.550684,507.8522,2,2,1,260.2538,8.399321,332.7352,2.443982,2,1,1,2,1,2,1,19.92445,2.210294,914.5091,1,2,1,1,1,2,148.808,152.6275,1.715952,870.3153,1,2,1,1,2,7.854909,143.6298,259.1643,11.65086,1.720328,1.308185,0.7348846,0.3084905,2,1,252.227,1.377631,190.6242,0.000128152,1,1,1,Attack
 29/12/2015 11:12:24 AM,2.588797,508.3232,2,2,1,260.2538,8.399321,332.7352,2.443982,2,1,1,2,1,2,1,19.90845,2.210294,914.4691,1,2,1,1,1,2,148.808,152.6275,1.715952,870.3538,1,2,1,1,2,7.854909,143.6298,259.1643,11.65086,1.721482,1.326758,0.7348846,0.3074656,2,1,252.227,1.521802,190.6242,0.000128152,1,1,1,Attack
 29/12/2015 11:12:25 AM,2.624027,508.9905,2,2,1,260.2538,8.399321,332.7352,2.443982,2,1,1,2,1,2,1,19.90845,2.210294,914.4691,1,2,1,1,1,2,148.808,152.6275,1.715952,870.1615,1,2,1,1,2,7.854909,143.758,259.1643,11.65086,1.72161,1.319329,0.7348846,0.3070813,2,1,252.2751,1.521802,190.6242,0.000128152,1,1,1,Attack
 29/12/2015 11:12:26 AM,2.652852,509.54,2,2,1,260.2538,8.399321,332.7352,2.443982,2,1,1,2,1,2,1,19.90845,2.210294,914.7895,1,2,1,1,1,2,148.808,152.6275,1.715952,870.5076,1,2,1,1,2,7.854909,143.758,259.1643,11.65086,1.72161,1.298322,0.7352687,0.3068251,2,1,252.2751,1.521802,190.5281,0.000128152,1,1,1,Attack
 29/12/2015 11:12:27 AM,2.667264,509.7756,2,2,1,260.2538,8.399321,332.7352,2.443982,2,1,1,2,1,2,1,19.87003,2.209653,914.3088,1,2,1,1,1,2,148.808,152.6275,1.712748,870.3922,1,2,1,1,2,7.854909,143.758,259.1643,11.65086,1.72161,1.288331,0.7352687,0.3068251,2,1,252.2751,1.521802,190.48,0.000128152,1,1,1,Attack
 29/12/2015 11:12:28 AM,2.667264,510.2859,2,2,1,260.2538,8.399321,332.7352,2.444751,2,1,1,2,1,2,1,19.87003,2.209269,914.389,1,2,1,1,1,2,148.808,152.6275,1.710698,870.3922,1,2,1,1,2,7.854909,143.758,259.1643,11.65086,1.72161,1.269758,0.736549,0.3068251,2,1,252.0187,1.521802,190.3679,0.000128152,1,1,1,Attack
 29/12/2015 11:12:29 AM,2.634596,510.3251,2,2,1,260.2538,8.399321,332.7352,2.444879,2,1,1,2,1,2,1,19.87003,2.209013,913.668,1,2,1,1,1,2,148.808,152.6275,1.710698,870.5076,1,2,1,1,2,7.854909,143.5529,259.1643,11.65086,1.72161,1.269758,0.736549,0.3068251,2,1,251.9066,1.521802,190.2557,0.000128152,1,1,1,Attack
 29/12/2015 11:12:30 AM,2.620504,510.3251,2,2,1,260.2538,8.399321,332.7352,2.444879,2,1,1,2,1,2,1,19.87003,2.209013,913.7881,1,2,1,1,1,2,148.808,152.6275,1.710698,870.4691,1,2,1,1,2,7.854909,143.5529,259.1643,11.65086,1.72161,1.268733,0.736549,0.3068251,2,1,251.9066,1.409669,190.1275,0.000128152,1,1,1,Attack
 29/12/2015 11:12:31 AM,2.620504,510.1288,2,2,1,260.2538,8.399321,332.7352,2.444879,2,1,1,2,1,2,1,19.87003,2.209013,913.6279,1,2,1,1,1,2,148.808,152.6275,1.710698,870.6998,1,2,1,1,2,7.854909,143.5529,259.1643,11.65086,1.7202,1.266428,0.7385975,0.3068251,2,1,251.8265,1.409669,190.1275,0.000128152,1,1,1,Attack
 29/12/2015 11:12:32 AM,2.606732,510.2859,2,2,1,260.2538,8.399321,332.7352,2.444879,2,1,1,2,1,2,1,19.83802,2.209013,913.5879,1,2,1,1,1,2,148.808,152.6275,1.708519,870.8921,1,2,1,1,2,7.854909,143.5529,259.1643,11.65086,1.717765,1.28103,0.7385975,0.3084905,2,1,251.8265,1.409669,190.1275,0.000128152,1,1,1,Attack
 29/12/2015 11:12:33 AM,2.59296,510.3643,2,2,1,260.2538,8.399321,332.7352,2.444879,2,1,1,2,1,2,1,19.83802,2.209013,913.4677,1,2,1,1,1,2,148.808,152.6275,1.708519,870.7383,1,2,1,1,2,7.854909,143.5529,259.1643,11.65086,1.717765,1.288715,0.7385975,0.3084905,2,1,251.8265,1.409669,190.1275,0.000128152,1,1,1,Attack
 29/12/2015 11:12:34 AM,2.562854,510.0111,2,2,1,260.2538,8.396437,332.7352,2.444879,2,1,1,2,1,2,1,19.83802,2.209013,913.4677,1,2,1,1,1,2,148.808,152.3968,1.710185,871.3151,1,2,1,1,2,7.854909,143.5529,259.1643,11.65086,1.717765,1.301396,0.7385975,0.3084905,2,1,251.8265,1.409669,190.1275,0.000128152,1,1,1,Attack
 29/12/2015 11:12:35 AM,2.557089,510.4821,2,2,1,260.2538,8.396437,332.7352,2.445519,2,1,1,2,1,2,1,19.83802,2.209013,913.668,1,2,1,1,1,2,148.808,152.3968,1.710185,871.3535,1,2,1,1,2,7.854909,143.5529,259.1643,11.65086,1.717765,1.301524,0.7385975,0.3084905,2,1,251.8265,1.409669,190.1275,0.000128152,1,1,1,Attack
 29/12/2015 11:12:36 AM,2.557089,510.4821,2,2,1,260.2538,8.396437,332.7352,2.445519,2,1,1,2,1,2,1,19.83802,2.209013,913.668,1,2,1,1,1,2,148.808,152.3968,1.710185,871.3535,1,2,1,1,2,7.854909,143.5529,259.1643,11.65086,1.717765,1.301524,0.7385975,0.3084905,2,1,251.8265,1.409669,190.1275,0.000128152,1,1,1,Attack
 29/12/2015 11:12:37 AM,2.528905,510.5214,2,2,1,260.2538,8.394514,332.7352,2.445904,2,1,1,2,1,2,1,19.89564,2.209909,913.3876,1,2,1,1,1,2,148.808,152.3968,1.710185,871.5073,1,2,1,1,2,7.854909,143.3735,259.1643,11.65086,1.71597,1.297297,0.7385975,0.3084905,2,1,251.8265,1.409669,190.1275,0.000128152,1,1,1,Attack
 29/12/2015 11:12:38 AM,2.518015,510.3643,2,2,1,260.2538,8.394514,332.7352,2.445904,2,1,1,2,1,2,1,19.89564,2.210678,913.2274,1,2,1,1,1,2,148.808,152.3968,1.710185,871.738,1,2,1,1,2,7.854909,143.3735,259.3566,11.65086,1.716355,1.30178,0.7377012,0.3084905,2,1,251.8265,1.489764,190.1275,0.000128152,1,1,1,Attack
 29/12/2015 11:12:39 AM,2.495276,510.3643,2,2,1,260.2538,8.394514,332.7352,2.447954,2,1,1,2,1,2,1,19.89564,2.210678,913.3876,1,2,1,1,1,2,148.808,152.3968,1.710185,871.738,1,2,1,1,2,7.854909,143.3735,259.5809,11.65086,1.718277,1.30178,0.7377012,0.3084905,2,1,251.6662,1.489764,190.1275,0.000128152,1,1,1,Attack
 29/12/2015 11:12:40 AM,2.482785,509.8148,2,2,1,260.2538,8.394514,332.7352,2.448595,2,1,1,2,1,2,1,19.93406,2.214265,913.2675,1,2,1,1,1,2,148.808,152.3968,1.710185,872.3917,1,2,1,1,2,7.854909,143.3735,259.5809,11.65086,1.718277,1.299091,0.7377012,0.3084905,2,1,251.5381,1.489764,190.0154,0.000128152,1,1,1,Attack
 29/12/2015 11:12:41 AM,2.46517,510.0111,2,2,1,260.2538,8.394514,332.7352,2.449364,2,1,1,2,1,2,1,19.95967,2.214265,913.3075,1,2,1,1,1,2,148.808,152.3968,1.710185,872.3148,1,2,1,1,2,7.854909,143.3735,259.8052,11.65086,1.718277,1.28167,0.7377012,0.3084905,2,1,251.474,1.489764,189.8231,0.000128152,1,1,1,Attack
 29/12/2015 11:12:42 AM,2.45428,509.6971,2,2,1,260.2538,8.394514,332.7352,2.449364,2,1,1,2,1,2,1,19.94686,2.2126,913.0271,1,2,1,1,1,2,148.808,152.3968,1.710185,872.2764,1,2,1,1,2,7.854909,143.3735,259.8372,11.65086,1.718277,1.271679,0.7378293,0.3084905,2,1,251.474,1.489764,189.8231,0.000128152,1,1,1,Attack
 29/12/2015 11:12:43 AM,2.44243,509.8933,2,2,1,260.2538,8.394514,332.7352,2.445648,2,1,1,2,1,2,1,19.90204,2.212343,913.0672,1,2,1,1,1,2,148.808,152.3968,1.710185,872.5839,1,2,1,1,2,7.854909,143.3735,259.8372,11.65086,1.719303,1.263097,0.7378293,0.3084905,2,1,251.474,1.489764,189.8391,0.000128152,1,1,1,Attack
 29/12/2015 11:12:44 AM,2.432181,509.6971,2,2,1,260.2538,8.394514,332.7352,2.445648,2,1,1,2,1,2,1,19.90204,2.210806,912.7067,1,2,1,1,1,2,148.808,152.3968,1.711082,872.4302,1,2,1,1,2,7.854909,143.3735,260.2538,11.65086,1.721482,1.264506,0.7378293,0.3084905,2,1,251.522,1.489764,190.0474,0.000128152,1,1,1,Attack
 29/12/2015 11:12:45 AM,2.423534,509.7363,2,2,1,260.2538,8.394514,332.7352,2.445648,2,1,1,2,1,2,1,19.84762,2.210037,912.6666,1,2,1,1,1,2,148.808,152.3968,1.711723,872.6608,1,2,1,1,2,7.854909,143.3735,260.3179,11.65086,1.721482,1.280902,0.7378293,0.3084905,2,1,251.8265,1.489764,190.0474,0.000128152,1,1,1,Attack
 29/12/2015 11:12:46 AM,2.421612,509.4223,2,2,1,260.2538,8.391951,332.7352,2.445648,2,1,1,2,1,2,1,19.84762,2.209013,912.9871,1,2,1,1,1,2,148.808,152.4737,1.711723,872.9684,1,2,1,1,2,7.854909,143.3735,260.7344,11.65086,1.721482,1.291789,0.7378293,0.3084905,2,1,251.9066,1.489764,190.2557,0.000128152,1,1,1,Attack
 29/12/2015 11:12:47 AM,2.429619,509.3045,2,2,1,260.2538,8.391951,332.7352,2.445648,2,1,1,2,1,2,1,19.84762,2.209013,912.9871,1,2,1,1,1,2,148.808,152.4737,1.711723,873.0453,1,2,1,1,2,7.854909,143.3735,260.7344,11.65086,1.721482,1.292046,0.7361649,0.3084905,2,1,251.9066,1.489764,190.3198,0.000128152,1,1,1,Attack
 29/12/2015 11:12:48 AM,2.477981,509.1083,2,2,1,260.2538,8.391951,332.7352,2.445648,2,1,1,2,1,2,1,19.84762,2.209013,913.3876,1,2,1,1,1,2,148.808,152.4737,1.712876,873.1607,1,2,1,1,2,7.854909,143.3735,261.3432,11.65086,1.721482,1.292046,0.7357808,0.3084905,2,1,251.9066,1.489764,190.3198,0.000128152,1,1,1,Attack
 29/12/2015 11:12:49 AM,2.524741,508.441,2,2,1,260.2538,8.391951,332.7352,2.445648,2,1,1,2,1,2,1,19.88604,2.209013,913.668,1,2,1,1,1,2,148.808,152.4737,1.713389,872.9684,1,2,1,1,2,7.854909,143.3735,261.3432,11.65086,1.721482,1.292046,0.7357808,0.3084905,2,1,251.9066,1.489764,190.3198,0.000128152,1,1,1,Attack
 29/12/2015 11:12:50 AM,2.561573,507.6559,2,2,1,260.2538,8.391951,332.7352,2.44757,2,1,1,2,1,2,1,19.89884,2.209013,913.5879,1,2,1,1,1,2,148.808,152.4737,1.713389,873.4683,1,2,1,1,2,7.854909,143.3735,261.7598,11.65086,1.721482,1.284104,0.7357808,0.3084905,2,1,252.0187,1.489764,190.3198,0.000128152,1,1,1,Attack
 29/12/2015 11:12:51 AM,2.602569,506.7924,2,2,1,260.2538,8.391951,332.7352,2.44757,2,1,1,2,1,2,1,19.89884,2.209013,913.7081,1,2,1,1,1,2,148.808,152.4737,1.713389,873.1992,1,2,1,1,2,7.854909,143.3735,261.7598,11.65086,1.719815,1.281927,0.7353967,0.3084905,2,1,252.1949,1.617916,190.3358,0.000128152,1,1,1,Attack
 29/12/2015 11:12:52 AM,2.630112,506.2821,2,2,1,260.2538,8.391951,332.7352,2.44757,2,1,1,2,1,2,1,19.87643,2.209013,914.0285,1,2,1,1,1,2,148.808,152.4737,1.713389,873.0069,1,2,1,1,2,7.854909,143.3735,262.3045,11.65086,1.719815,1.271295,0.7353967,0.3084905,2,1,252.1949,1.617916,190.6242,0.000128152,1,1,1,Attack
 29/12/2015 11:12:53 AM,2.647727,505.811,2,2,1,260.2538,8.391951,332.7352,2.446032,2,1,1,2,1,2,1,19.84442,2.209013,914.0285,1,2,1,1,1,2,148.808,152.4737,1.713389,872.4686,1,2,1,1,2,7.854909,143.3735,262.4648,11.65086,1.719815,1.254771,0.7353967,0.3084905,2,1,252.1949,1.617916,190.6242,0.000128152,1,1,1,Attack
 29/12/2015 11:12:54 AM,2.652532,505.8896,2,2,1,260.2538,8.391951,332.7352,2.446032,2,1,1,2,1,2,1,19.81241,2.209013,914.7895,1,2,1,1,1,2,148.808,152.243,1.712235,872.6608,1,2,1,1,2,7.854909,143.3735,262.7211,11.65086,1.719815,1.253875,0.7379573,0.3084905,2,1,252.1949,1.617916,190.6242,0.000128152,1,1,1,Attack
 29/12/2015 11:12:55 AM,2.652532,506.4391,2,2,1,260.2538,8.393553,332.7352,2.446032,2,1,1,2,1,2,1,19.81241,2.209013,914.7895,1,2,1,1,1,2,148.808,152.243,1.711466,873.2761,1,2,1,1,2,7.854909,143.3735,262.8813,11.65086,1.719815,1.259126,0.7380853,0.3084905,2,1,252.259,1.537821,190.6242,0.000128152,1,1,1,Attack
 29/12/2015 11:12:56 AM,2.62755,506.8708,2,2,1,260.2538,8.394835,332.7352,2.446032,2,1,1,2,1,2,1,19.81241,2.209013,914.7895,1,2,1,1,1,2,148.808,152.243,1.711466,873.1992,1,2,1,1,2,7.854909,143.3735,263.362,11.65086,1.719815,1.262713,0.7380853,0.3084905,2,1,252.259,1.537821,190.6242,0.000128152,1,1,1,Attack
 29/12/2015 11:12:57 AM,2.611216,507.5774,2,2,1,260.2538,8.394835,332.7352,2.446032,2,1,1,2,1,2,1,19.75799,2.209013,915.2301,1,2,1,1,1,2,148.808,152.243,1.711466,873.1992,1,2,1,1,2,7.854909,143.3735,263.8105,11.65086,1.719815,1.287947,0.7380853,0.3084905,2,1,252.259,1.537821,190.6242,0.000128152,1,1,1,Attack
 29/12/2015 11:12:58 AM,2.601608,508.3232,2,2,1,260.2538,8.394835,332.7352,2.446032,2,1,1,2,1,2,1,19.75799,2.210678,915.2301,1,2,1,1,1,2,148.808,152.1148,1.713389,873.2376,1,2,1,1,2,7.854909,143.3735,263.9387,11.65086,1.719815,1.291918,0.7380853,0.3084905,2,1,252.259,1.537821,190.6242,0.000128152,1,1,1,Attack
 29/12/2015 11:12:59 AM,2.579509,508.9905,2,2,1,260.382,8.394835,332.7352,2.446032,2,1,1,2,1,2,1,19.75799,2.210678,915.4304,1,2,1,1,1,2,148.808,152.1148,1.713389,873.353,1,2,1,1,2,7.854909,143.3735,264.4194,11.65086,1.721097,1.291918,0.7353967,0.3080421,2,1,252.259,1.537821,190.6242,0.000128152,1,1,1,Attack
 29/12/2015 11:13:00 AM,2.565096,509.226,2,2,1,260.382,8.394835,332.7352,2.446032,2,1,1,2,1,2,1,19.73878,2.205041,915.1099,1,2,1,1,1,2,148.808,152.1148,1.713389,873.0838,1,2,1,1,2,7.854909,143.6042,264.7078,11.65086,1.721097,1.291918,0.7348846,0.3072735,2,1,252.259,1.537821,190.5281,0.000128152,1,1,1,Attack
 29/12/2015 11:13:01 AM,2.547481,508.912,2,2,1,260.382,8.394835,332.7352,2.448082,2,1,1,2,1,2,1,19.69076,2.205041,915.2301,1,2,1,1,1,2,148.808,152.1148,1.713389,872.7762,1,2,1,1,2,7.854909,143.6042,265.2205,11.65086,1.721097,1.28372,0.7348846,0.3071454,2,1,252.259,1.537821,190.48,0.000128152,1,1,1,Attack
 29/12/2015 11:13:02 AM,2.540115,508.5195,2,2,1,260.382,8.394835,332.7352,2.449364,2,1,1,2,1,2,1,19.69076,2.206963,915.0298,1,2,1,1,1,2,148.808,152.1148,1.713389,872.8146,1,2,1,1,2,7.854909,143.6042,265.2205,11.65086,1.721097,1.287947,0.7361649,0.3081703,2,1,252.1148,1.537821,190.448,0.000128152,1,1,1,Attack
 29/12/2015 11:13:03 AM,2.519937,508.4017,2,2,1,260.382,8.396757,332.7352,2.449364,2,1,1,2,1,2,1,19.74838,2.206963,915.0298,1,2,1,1,1,2,148.808,152.1148,1.713389,872.7762,1,2,1,1,2,7.854909,143.6042,265.3807,11.65086,1.721738,1.282311,0.7377012,0.3084905,2,1,252.1148,1.537821,190.3839,0.000128152,1,1,1,Attack
 29/12/2015 11:13:04 AM,2.503923,508.2054,2,2,1,260.382,8.396757,332.7352,2.449364,2,1,1,2,1,2,1,19.76759,2.208628,915.5906,1,2,1,1,1,2,148.808,151.9867,1.713389,873.1607,1,2,1,1,2,7.854909,143.6042,266.0215,11.65086,1.721738,1.282311,0.7377012,0.3086827,2,1,252.1148,1.537821,190.3839,0.000128152,1,1,1,Attack
 29/12/2015 11:13:05 AM,2.48887,508.2447,2,2,1,260.382,8.396757,332.5045,2.449364,2,1,1,2,1,2,1,19.7964,2.208628,915.2701,1,2,1,1,1,2,148.808,151.9867,1.713389,873.1607,1,2,1,1,2,7.854909,143.6042,266.0215,11.65086,1.721738,1.272576,0.7353967,0.3086827,2,1,252.0668,1.409669,190.3679,0.000128152,1,1,1,Attack
 29/12/2015 11:13:06 AM,2.473177,508.441,2,2,1,260.382,8.396757,332.5045,2.449364,2,1,1,2,1,2,1,19.7964,2.208628,915.2301,1,2,1,1,1,2,148.808,151.9867,1.712235,873.1607,1,2,1,1,2,7.854909,143.6042,266.0215,11.65086,1.721738,1.275394,0.7353967,0.3086827,2,1,252.0027,1.409669,190.3679,0.000128152,1,1,1,Attack
 29/12/2015 11:13:07 AM,2.45428,508.7943,2,2,1,260.382,8.396757,332.5045,2.449364,2,1,1,2,1,2,1,19.7964,2.210678,915.1901,1,2,1,1,1,2,148.808,151.9867,1.711466,873.4299,1,2,1,1,2,7.854909,143.6042,266.6303,11.65086,1.720969,1.291405,0.7353967,0.3086827,2,1,252.0027,1.409669,190.2557,0.000128152,1,1,1,Attack
 29/12/2015 11:13:08 AM,2.44179,509.54,2,2,1,260.382,8.396757,332.5045,2.449364,2,1,1,2,1,2,1,19.82201,2.210806,915.0298,1,2,1,1,1,2,148.808,151.9867,1.711466,873.353,1,2,1,1,2,7.854909,143.6042,267.0149,11.65086,1.720969,1.291533,0.7370611,0.3084905,2,1,252.0027,1.409669,190.1756,0.000128152,1,1,1,Attack
 29/12/2015 11:13:09 AM,2.431221,509.7756,2,2,1,260.382,8.396757,332.5045,2.449364,2,1,1,2,1,2,1,19.85082,2.210806,915.2701,1,2,1,1,1,2,148.808,151.9867,1.711466,873.6606,1,2,1,1,2,7.853628,143.6042,267.0149,11.65086,1.720969,1.3005,0.7379573,0.3084265,2,1,252.0027,1.409669,190.1756,0.000128152,1,1,1,Attack
 29/12/2015 11:13:10 AM,2.418409,510.1681,2,2,1,260.382,8.396757,332.5045,2.448082,2,1,1,2,1,2,1,19.85082,2.210806,915.0699,1,2,1,1,1,2,148.808,151.9867,1.711466,873.9682,1,2,1,1,2,7.853628,143.6042,267.0149,11.65086,1.720969,1.302293,0.7379573,0.3072735,2,1,252.0027,1.409669,190.2557,0.000128152,1,1,1,Attack
 29/12/2015 11:13:11 AM,2.417769,510.6784,2,2,1,260.382,8.396757,332.5045,2.446032,2,1,1,2,1,2,1,19.86363,2.210294,915.1901,1,2,1,1,1,2,148.808,151.9867,1.711466,873.7375,1,2,1,1,2,7.853628,143.6042,267.4955,11.65086,1.720969,1.302293,0.7361649,0.3072094,2,1,252.0027,1.409669,190.3198,0.000128152,1,1,1,Attack
 29/12/2015 11:13:12 AM,2.420011,510.9924,2,2,1,260.382,8.396757,332.5045,2.446032,2,1,1,2,1,2,1,19.86363,2.209269,915.5104,1,2,1,1,1,2,148.808,151.9867,1.712235,873.6221,1,2,1,1,2,7.853307,143.6042,267.9762,11.65086,1.720969,1.292558,0.7355248,0.3084265,2,1,252.0027,1.505783,190.3198,0.000128152,1,1,1,Attack
 29/12/2015 11:13:13 AM,2.471255,511.1102,2,2,1,260.382,8.396757,332.5045,2.446032,2,1,1,2,1,2,1,19.86363,2.209269,915.3102,1,2,1,1,1,2,148.808,151.9867,1.712748,874.1989,1,2,1,1,2,7.851385,143.6042,268.1684,11.65086,1.720969,1.281286,0.7360369,0.3084265,2,1,251.7143,1.505783,190.3198,0.000128152,1,1,1,Attack
 29/12/2015 11:13:14 AM,2.520257,511.2672,2,2,1,260.382,8.396757,332.5045,2.44757,2,1,1,2,1,2,1,19.86363,2.209269,915.6707,1,2,1,1,1,2,148.808,151.9867,1.712748,874.2374,1,2,1,1,2,7.851385,143.6042,268.3927,11.5355,1.719559,1.264378,0.7371892,0.3084265,2,1,251.7143,1.345593,190.2076,0.000128152,1,1,1,Attack
 29/12/2015 11:13:15 AM,2.561893,510.6784,2,2,1,260.382,8.396757,332.5045,2.44757,2,1,1,2,1,2,1,19.86363,2.207731,915.5104,1,2,1,1,1,2,148.808,151.9867,1.712748,874.4296,1,2,1,1,2,7.851385,143.6042,268.3927,11.5355,1.719559,1.261688,0.7371892,0.3084265,2,1,251.7143,1.345593,190.0795,0.000128152,1,1,1,Attack
 29/12/2015 11:13:16 AM,2.610575,510.3251,2,2,1,260.382,8.396757,332.5045,2.44757,2,1,1,2,1,2,1,19.86363,2.207731,915.4304,1,2,1,1,1,2,148.808,151.9867,1.712748,874.968,1,2,1,1,2,7.851385,143.6042,268.3927,11.5355,1.719559,1.261688,0.7348846,0.3084265,2,1,251.7624,1.457726,190.0795,0.000128152,1,1,1,Attack
 29/12/2015 11:13:17 AM,2.634917,509.6971,2,2,1,260.382,8.396116,332.5045,2.44757,2,1,1,2,1,2,1,19.88284,2.207731,915.5104,1,2,1,1,1,2,148.808,151.9867,1.712748,875.0833,1,2,1,1,2,7.851385,143.6042,268.617,11.5355,1.719559,1.261688,0.7348846,0.3084265,2,1,251.9867,1.457726,190.0795,0.000128152,1,1,1,Attack
 29/12/2015 11:13:18 AM,2.666624,509.1083,2,2,1,260.382,8.396116,332.5045,2.44757,2,1,1,2,1,2,1,19.91165,2.209525,915.3903,1,2,1,1,1,2,148.808,152.1148,1.711338,874.7372,1,2,1,1,2,7.851385,143.6042,268.9054,11.5355,1.719559,1.261688,0.7359089,0.3084265,2,1,251.9867,1.457726,190.2237,0.000128152,1,1,1,Attack
 29/12/2015 11:13:19 AM,2.676873,508.3232,2,2,1,260.382,8.396116,332.6583,2.44757,2,1,1,2,1,2,1,19.87003,2.209525,915.4704,1,2,1,1,1,2,148.808,152.1148,1.711082,875.0833,1,2,1,1,2,7.851385,143.6042,268.9054,11.5355,1.719559,1.271423,0.7378293,0.3084265,2,1,251.9867,1.457726,190.3198,0.000128152,1,1,1,Attack
 29/12/2015 11:13:20 AM,2.651571,507.4597,2,2,1,260.382,8.395475,332.6583,2.445391,2,1,1,2,1,2,1,19.83482,2.209525,915.6707,1,2,1,1,1,2,148.808,152.1148,1.711082,874.968,1,2,1,1,2,7.854589,143.6042,268.9054,11.5355,1.719559,1.28103,0.7378293,0.3084265,2,1,251.9867,1.457726,190.3198,0.000128152,1,1,1,Attack
 29/12/2015 11:13:21 AM,2.651571,507.4597,2,2,1,260.382,8.395475,332.6583,2.445391,2,1,1,2,1,2,1,19.83482,2.209525,915.6707,1,2,1,1,1,2,148.808,152.1148,1.711082,874.968,1,2,1,1,2,7.854589,143.6042,268.9054,11.5355,1.719559,1.28103,0.7378293,0.3084265,2,1,251.9867,1.457726,190.3198,0.000128152,1,1,1,Attack
 29/12/2015 11:13:22 AM,2.626909,507.3419,2,2,1,260.382,8.395475,332.6583,2.444623,2,1,1,2,1,2,1,19.83482,2.209525,915.6306,1,2,1,1,1,2,148.808,152.1148,1.711082,875.0064,1,2,1,1,2,7.854589,143.6042,268.9054,11.57396,1.719559,1.291405,0.7378293,0.3084265,2,1,251.9867,1.457726,190.3198,0.000128152,1,1,1,Attack
 29/12/2015 11:13:23 AM,2.617622,507.3812,2,2,1,260.382,8.395475,332.6583,2.444623,2,1,1,2,1,2,1,19.90204,2.209525,915.4704,1,2,1,1,1,2,148.808,152.1148,1.711082,875.2756,1,2,1,1,2,7.854589,143.6042,268.9054,11.57396,1.719559,1.291918,0.7378293,0.3084265,2,1,251.9867,1.569859,190.3198,0.000128152,1,1,1,Attack
 29/12/2015 11:13:24 AM,2.612818,507.6167,2,2,1,260.382,8.395475,332.6583,2.444623,2,1,1,2,1,2,1,19.92765,2.209525,915.871,1,2,1,1,1,2,148.808,152.3199,1.711979,875.6985,1,2,1,1,2,7.853628,143.6042,268.9054,11.57396,1.719559,1.286282,0.7373172,0.3084265,2,1,251.9867,1.569859,190.3198,0.000128152,1,1,1,Attack
 29/12/2015 11:13:25 AM,2.606412,507.6559,2,2,1,260.382,8.395475,332.6583,2.445904,2,1,1,2,1,2,1,19.92765,2.209525,915.911,1,2,1,1,1,2,148.808,152.3199,1.711979,875.8908,1,2,1,1,2,7.852026,143.6042,269.1297,11.57396,1.719559,1.281158,0.7373172,0.3084265,2,1,251.9867,1.489764,190.3198,0.000128152,1,1,1,Attack
 29/12/2015 11:13:26 AM,2.591679,507.8129,2,2,1,260.382,8.395475,332.6583,2.445904,2,1,1,2,1,2,1,19.82841,2.209525,915.8309,1,2,1,1,1,2,148.808,152.3199,1.711979,875.8908,1,2,1,1,2,7.852026,143.6042,269.354,11.57396,1.719559,1.26361,0.7373172,0.3084265,2,1,251.9867,1.425688,190.3198,0.000128152,1,1,1,Attack
 29/12/2015 11:13:27 AM,2.5699,507.7344,2,2,1,260.382,8.395475,332.6583,2.445904,2,1,1,2,1,2,1,19.82841,2.209525,916.0712,1,2,1,1,1,2,148.808,152.3199,1.711979,876.2753,1,2,1,1,2,7.852026,143.5017,269.354,11.57396,1.719559,1.268989,0.7361649,0.3084265,2,1,251.9867,1.425688,190.3198,0.000128152,1,1,1,Attack
 29/12/2015 11:13:28 AM,2.55837,507.9307,2,2,1,260.382,8.395475,332.6583,2.447826,2,1,1,2,1,2,1,19.82841,2.209525,915.8309,1,2,1,1,1,2,148.808,152.3199,1.710057,876.2369,1,2,1,1,2,7.852026,143.5017,269.354,11.57396,1.719559,1.272192,0.7361649,0.3084265,2,1,251.9867,1.425688,190.3198,0.000128152,1,1,1,Attack
 29/12/2015 11:13:29 AM,2.538833,508.0092,2,2,1,260.382,8.395475,332.6583,2.447826,2,1,1,2,1,2,1,19.87003,2.209525,916.1914,1,2,1,1,1,2,148.808,152.3199,1.710057,876.4676,1,2,1,1,2,7.852026,143.5017,269.354,11.72776,1.722123,1.272192,0.7379573,0.3084265,2,1,251.9867,1.585878,190.3198,0.000128152,1,1,1,Attack
 29/12/2015 11:13:30 AM,2.526343,507.8129,2,2,1,260.382,8.395475,332.6583,2.447826,2,1,1,2,1,2,1,19.89884,2.209525,916.6721,1,2,1,1,1,2,148.808,152.3199,1.710057,876.4676,1,2,1,1,2,7.852026,143.5017,269.354,11.72776,1.722123,1.263353,0.7379573,0.3084265,2,1,251.9867,1.649953,190.3198,0.000128152,1,1,1,Attack
 29/12/2015 11:13:31 AM,2.505204,507.5774,2,2,1,260.382,8.395475,332.6583,2.446929,2,1,1,2,1,2,1,19.89884,2.209525,916.7121,1,2,1,1,1,2,148.808,152.3199,1.710057,876.6599,1,2,1,1,2,7.852026,143.5017,269.354,11.72776,1.722123,1.261176,0.7379573,0.3084265,2,1,252.0828,1.649953,190.3679,0.000128152,1,1,1,Attack
 29/12/2015 11:13:32 AM,2.491112,507.5774,2,2,1,260.382,8.395475,332.6583,2.446673,2,1,1,2,1,2,1,19.91165,2.209525,916.5919,1,2,1,1,1,2,148.808,152.3199,1.710057,876.8137,1,2,1,1,2,7.852026,143.5017,269.0656,11.72776,1.722123,1.268221,0.7379573,0.3084265,2,1,252.1629,1.649953,190.3999,0.000128152,1,1,1,Attack
 29/12/2015 11:13:33 AM,2.471255,507.8522,2,2,1,260.382,8.395475,332.6583,2.446673,2,1,1,2,1,2,1,19.91165,2.207347,916.8723,1,2,1,1,1,2,148.808,152.3199,1.711082,876.6214,1,2,1,1,2,7.852026,143.5017,269.0656,11.72776,1.722123,1.265787,0.7379573,0.3084265,2,1,252.1629,1.489764,190.3999,0.000128152,1,1,1,Attack
 29/12/2015 11:13:34 AM,2.457483,508.0092,2,2,1,260.382,8.395475,332.6583,2.448851,2,1,1,2,1,2,1,19.91165,2.207091,916.7922,1,2,1,1,1,2,148.808,152.3199,1.711338,876.4676,1,2,1,1,2,7.852026,143.5017,269.0656,11.72776,1.7202,1.274497,0.7379573,0.3084265,2,1,252.1629,1.489764,190.464,0.000128152,1,1,1,Attack
 29/12/2015 11:13:35 AM,2.438267,508.0485,2,2,1,260.382,8.395475,332.6583,2.447826,2,1,1,2,1,2,1,19.91165,2.207091,917.2728,1,2,1,1,1,2,148.808,152.3199,1.711338,876.4291,1,2,1,1,2,7.852026,143.6298,269.0656,11.72776,1.719815,1.281158,0.7379573,0.3084265,2,1,252.1629,1.489764,190.464,0.000128152,1,1,1,Attack
 29/12/2015 11:13:36 AM,2.429619,508.6372,2,2,1,260.382,8.395475,332.6583,2.445904,2,1,1,2,1,2,1,19.83482,2.207091,917.6734,1,2,1,1,1,2,148.808,152.3199,1.711338,877.0059,1,2,1,1,2,7.852026,143.6298,269.0656,11.72776,1.718918,1.276675,0.7379573,0.3068251,2,1,252.1629,1.489764,190.464,0.000128152,1,1,1,Attack
 29/12/2015 11:13:37 AM,2.429619,509.226,2,2,1,260.382,8.395475,332.6583,2.445904,2,1,1,2,1,2,1,19.82201,2.205426,918.1941,1,2,1,1,1,2,148.808,152.3199,1.711338,876.929,1,2,1,1,2,7.852026,143.6298,269.0656,11.72776,1.718918,1.280902,0.7379573,0.3068251,2,1,252.1629,1.489764,190.464,0.000128152,1,1,1,Attack
 29/12/2015 11:13:38 AM,2.44243,509.383,2,2,1,260.382,8.395475,332.6583,2.447186,2,1,1,2,1,2,1,19.82201,2.205426,918.2341,1,2,1,1,1,2,148.808,152.3199,1.711338,877.2366,1,2,1,1,2,7.852026,143.6298,268.7772,11.72776,1.718918,1.289484,0.7379573,0.3068251,2,1,252.1629,1.489764,190.464,0.000128152,1,1,1,Attack
 29/12/2015 11:13:39 AM,2.484707,509.5793,2,2,1,260.382,8.395475,332.6583,2.448211,2,1,1,2,1,2,1,19.7964,2.206322,918.4344,1,2,1,1,1,2,148.808,152.3199,1.709672,877.3135,1,2,1,1,2,7.852026,143.6298,268.7772,11.72776,1.718918,1.291405,0.736549,0.3068251,2,1,252.1629,1.489764,190.464,0.000128152,1,1,1,Attack
 29/12/2015 11:13:40 AM,2.527303,510.0896,2,2,1,260.382,8.395475,332.6583,2.448211,2,1,1,2,1,2,1,19.77079,2.209013,918.2742,1,2,1,1,1,2,148.808,152.3712,1.709672,877.2366,1,2,1,1,2,7.852026,143.6298,268.7772,11.57396,1.718918,1.291405,0.736549,0.3068251,2,1,252.0988,1.489764,190.464,0.000128152,1,1,1,Attack
 29/12/2015 11:13:41 AM,2.567979,510.4036,2,2,1,260.382,8.395475,332.6583,2.447826,2,1,1,2,1,2,1,19.77079,2.209525,918.3142,1,2,1,1,1,2,148.808,152.3712,1.709672,877.0828,1,2,1,1,2,7.852026,143.6298,268.7132,11.57396,1.719175,1.291789,0.7383414,0.3068251,2,1,251.9066,1.489764,190.2397,0.000128152,1,1,1,Attack
 29/12/2015 11:13:42 AM,2.602889,510.3251,2,2,1,260.382,8.395475,332.6583,2.446545,2,1,1,2,1,2,1,19.77079,2.209525,917.9938,1,2,1,1,1,2,148.808,152.3712,1.709672,877.5826,1,2,1,1,2,7.852026,143.6298,268.4889,11.57396,1.720328,1.291789,0.7383414,0.3068251,2,1,251.9066,1.489764,190.2397,0.000128152,1,1,1,Attack
 29/12/2015 11:13:43 AM,2.637799,510.0896,2,2,1,260.382,8.395475,332.6583,2.445904,2,1,1,2,1,2,1,19.77079,2.209525,918.114,1,2,1,1,1,2,148.808,152.3712,1.709672,878.0441,1,2,1,1,2,7.852987,143.8349,268.4889,11.57396,1.720328,1.280902,0.7383414,0.3068251,2,1,251.9066,1.489764,190.2397,0.000128152,1,1,1,Attack
 29/12/2015 11:13:44 AM,2.654774,509.3438,2,2,1,260.382,8.395475,332.607,2.448467,2,1,1,2,1,2,1,19.84762,2.211318,917.9137,1,2,1,1,1,2,148.808,152.3712,1.709672,877.8134,1,2,1,1,2,7.854909,143.8349,268.4889,11.57396,1.718021,1.280902,0.7383414,0.3068251,2,1,251.9066,1.489764,190.2397,0.000128152,1,1,1,Attack
 29/12/2015 11:13:45 AM,2.658937,508.9905,2,2,1,260.382,8.395475,332.607,2.449236,2,1,1,2,1,2,1,19.84762,2.21324,917.8336,1,2,1,1,1,2,148.808,152.3712,1.710698,877.8903,1,2,1,1,2,7.854909,143.8349,268.4889,11.57396,1.717893,1.280902,0.7383414,0.3068251,2,1,251.9066,1.489764,190.0955,0.000128152,1,1,1,Attack
 29/12/2015 11:13:46 AM,2.658937,508.9905,2,2,1,260.382,8.395475,332.607,2.449236,2,1,1,2,1,2,1,19.84762,2.21324,917.8336,1,2,1,1,1,2,148.808,152.3712,1.710698,877.8903,1,2,1,1,2,7.854909,143.8349,268.4889,11.57396,1.717893,1.280902,0.7383414,0.3068251,2,1,251.9066,1.489764,190.0955,0.000128152,1,1,1,Attack
 29/12/2015 11:13:47 AM,2.654774,508.3232,2,2,1,260.382,8.395475,332.607,2.449236,2,1,1,2,1,2,1,19.84762,2.209397,917.9137,1,2,1,1,1,2,148.808,152.3712,1.710698,877.6211,1,2,1,1,2,7.854909,143.8349,268.2646,11.57396,1.717893,1.291533,0.7383414,0.3068251,2,1,251.7624,1.489764,190.0634,0.000128152,1,1,1,Attack
 29/12/2015 11:13:48 AM,2.630753,507.9699,2,2,1,260.382,8.395475,332.607,2.449236,2,1,1,2,1,2,1,19.84762,2.209397,917.9938,1,2,1,1,1,2,148.808,152.6275,1.710698,877.8134,1,2,1,1,2,7.854909,143.8349,268.1364,11.57396,1.717893,1.291789,0.7383414,0.3068891,2,1,251.7624,1.489764,190.0634,0.000128152,1,1,1,Attack
 29/12/2015 11:13:49 AM,2.622746,507.3419,2,2,1,260.382,8.395475,332.607,2.449236,2,1,1,2,1,2,1,19.86683,2.207091,917.8737,1,2,1,1,1,2,148.808,152.6275,1.710698,878.0056,1,2,1,1,2,7.854909,143.8349,268.1364,11.57396,1.717893,1.299475,0.7383414,0.3081062,2,1,251.7624,1.489764,190.0634,0.000128152,1,1,1,Attack
 29/12/2015 11:13:50 AM,2.61634,507.0279,2,2,1,260.382,8.395475,332.607,2.452312,2,1,1,2,1,2,1,19.88284,2.206194,917.7935,1,2,1,1,1,2,148.808,152.6275,1.710698,877.8134,1,2,1,1,2,7.854909,143.8349,268.1364,11.57396,1.717893,1.301012,0.7383414,0.3081062,2,1,251.7624,1.489764,190.0634,0.000128152,1,1,1,Attack
 29/12/2015 11:13:51 AM,2.601608,506.8708,2,2,1,260.382,8.395475,332.607,2.452312,2,1,1,2,1,2,1,19.88284,2.206194,917.6734,1,2,1,1,1,2,148.808,152.4481,1.710698,877.9672,1,2,1,1,2,7.854909,143.8349,267.6878,11.57396,1.717893,1.283592,0.7383414,0.3081062,2,1,251.7624,1.489764,190.1756,0.000128152,1,1,1,Attack
 29/12/2015 11:13:52 AM,2.577587,507.0671,2,2,1,260.382,8.395475,332.607,2.452312,2,1,1,2,1,2,1,19.88284,2.206194,917.6333,1,2,1,1,1,2,148.808,152.4481,1.710698,877.7749,1,2,1,1,2,7.854909,143.8349,267.6557,11.57396,1.719175,1.272704,0.7383414,0.3081062,2,1,251.9867,1.489764,190.3839,0.000128152,1,1,1,Attack
 29/12/2015 11:13:53 AM,2.556449,506.9494,2,2,1,260.382,8.395475,332.607,2.452312,2,1,1,2,1,2,1,19.88284,2.206194,917.4731,1,2,1,1,1,2,148.808,152.4481,1.710698,878.1594,1,2,1,1,2,7.854909,143.8349,267.6557,11.57396,1.719815,1.271935,0.7383414,0.3082983,2,1,251.9867,1.489764,190.3839,0.000128152,1,1,1,Attack
 29/12/2015 11:13:54 AM,2.539154,507.2242,2,2,1,260.382,8.395475,332.607,2.449236,2,1,1,2,1,2,1,19.88284,2.206194,918.0339,1,2,1,1,1,2,148.808,152.4481,1.710698,878.2748,1,2,1,1,2,7.854909,143.8349,267.6557,11.57396,1.721482,1.273985,0.7383414,0.3082983,2,1,252.0828,1.489764,190.3839,0.000128152,1,1,1,Attack
 29/12/2015 11:13:55 AM,2.518015,507.2242,2,2,1,260.382,8.395475,332.607,2.449236,2,1,1,2,1,2,1,19.88284,2.206322,917.7935,1,2,1,1,1,2,148.808,152.4737,1.710698,878.2748,1,2,1,1,2,7.854909,143.8349,267.6557,11.57396,1.721482,1.28167,0.7383414,0.3086186,2,1,252.0828,1.489764,190.3999,0.000128152,1,1,1,Attack
 29/12/2015 11:13:56 AM,2.498479,507.4204,2,2,1,260.382,8.395475,332.607,2.449236,2,1,1,2,1,2,1,19.82841,2.20645,917.8737,1,2,1,1,1,2,148.808,152.6275,1.711466,878.3901,1,2,1,1,2,7.854909,143.8349,267.6557,11.72776,1.721482,1.290765,0.7383414,0.3086186,2,1,252.1469,1.489764,190.5441,0.000128152,1,1,1,Attack
 29/12/2015 11:13:57 AM,2.47702,507.7737,2,2,1,260.382,8.395475,332.607,2.449236,2,1,1,2,1,2,1,19.82841,2.20645,917.9137,1,2,1,1,1,2,148.808,152.6275,1.711466,878.7747,1,2,1,1,2,7.854909,143.8349,267.6557,11.88157,1.721482,1.291789,0.7383414,0.3083624,2,1,252.1469,1.569859,190.5441,0.000128152,1,1,1,Attack
 29/12/2015 11:13:58 AM,2.46581,507.7737,2,2,1,260.382,8.395475,332.607,2.449236,2,1,1,2,1,2,1,19.85402,2.20645,918.114,1,2,1,1,1,2,148.808,152.6275,1.711466,878.467,1,2,1,1,2,7.854909,143.8349,267.6557,11.88157,1.721482,1.29243,0.7383414,0.3083624,2,1,252.1469,1.569859,190.5441,0.000128152,1,1,1,Attack
 29/12/2015 11:13:59 AM,2.445953,507.7737,2,2,1,260.382,8.395475,332.607,2.449236,2,1,1,2,1,2,1,19.86683,2.20645,918.5145,1,2,1,1,1,2,148.808,152.6275,1.713389,878.6208,1,2,1,1,2,7.854909,143.758,267.2071,11.88157,1.721482,1.29243,0.7383414,0.3074656,2,1,252.1469,1.569859,190.5441,0.000128152,1,1,1,Attack
 29/12/2015 11:14:00 AM,2.431861,508.1662,2,2,1,260.382,8.395475,332.607,2.449236,2,1,1,2,1,2,1,19.86683,2.20645,918.4744,1,2,1,1,1,2,148.808,152.6275,1.713389,878.6593,1,2,1,1,2,7.854909,143.6042,267.2071,11.88157,1.722251,1.29243,0.7383414,0.3086186,2,1,252.227,1.569859,190.5441,0.000128152,1,1,1,Attack
 29/12/2015 11:14:01 AM,2.423854,508.441,2,2,1,260.382,8.395475,332.607,2.449108,2,1,1,2,1,2,1,19.85402,2.20645,918.7949,1,2,1,1,1,2,148.808,152.6275,1.712107,878.9285,1,2,1,1,2,7.854909,143.6042,267.2071,11.84312,1.724045,1.281927,0.7383414,0.3086186,2,1,252.227,1.441707,190.5441,0.000128152,1,1,1,Attack
 29/12/2015 11:14:02 AM,2.423854,508.441,2,2,1,260.382,8.395475,332.607,2.449108,2,1,1,2,1,2,1,19.84762,2.20645,919.0753,1,2,1,1,1,2,148.808,152.6275,1.712107,878.6208,1,2,1,1,2,7.854909,143.6042,267.2071,11.68931,1.724045,1.281927,0.7378293,0.3074656,2,1,252.227,1.441707,190.5441,0.000128152,1,1,1,Attack
 29/12/2015 11:14:03 AM,2.461647,509.226,2,2,1,260.382,8.395475,332.607,2.449108,2,1,1,2,1,2,1,19.84762,2.206963,919.6761,1,2,1,1,1,2,148.808,152.6275,1.712107,878.6593,1,2,1,1,2,7.854909,143.6042,267.2071,11.68931,1.721482,1.281927,0.7378293,0.3065689,2,1,252.227,1.441707,190.5441,0.000128152,1,1,1,Attack
 29/12/2015 11:14:04 AM,2.51161,509.7756,2,2,1,260.382,8.395475,332.607,2.449108,2,1,1,2,1,2,1,19.84762,2.206963,919.8763,1,2,1,1,1,2,148.808,152.6275,1.712107,878.5824,1,2,1,1,2,7.854909,143.6042,267.2071,11.68931,1.721482,1.279109,0.7378293,0.3065689,2,1,252.227,1.441707,190.5441,0.000128152,1,1,1,Attack
 29/12/2015 11:14:05 AM,2.54588,510.1288,2,2,1,260.382,8.395475,332.607,2.449108,2,1,1,2,1,2,1,19.82841,2.207475,919.7962,1,2,1,1,1,2,148.808,152.6275,1.712107,878.3901,1,2,1,1,2,7.854909,143.4248,267.2071,11.68931,1.721482,1.27232,0.7378293,0.3065689,2,1,252.227,1.441707,190.5441,0.000128152,1,1,1,Attack
 29/12/2015 11:14:06 AM,2.590078,510.5606,2,2,1,260.382,8.395475,332.607,2.449108,2,1,1,2,1,2,1,19.7868,2.208628,920.1166,1,2,1,1,1,2,148.808,152.6275,1.712107,878.3901,1,2,1,1,2,7.854909,143.4248,267.2071,11.68931,1.721482,1.282823,0.7378293,0.3065689,2,1,252.1469,1.441707,190.464,0.000128152,1,1,1,Attack
 29/12/2015 11:14:07 AM,2.628511,510.6784,2,2,1,260.382,8.395475,332.607,2.449108,2,1,1,2,1,2,1,19.86683,2.208628,919.7161,1,2,1,1,1,2,148.808,152.6275,1.712107,878.5439,1,2,1,1,2,7.854909,143.4248,267.2071,11.68931,1.720328,1.291918,0.7378293,0.3065689,2,1,252.0828,1.441707,190.464,0.000128152,1,1,1,Attack
 29/12/2015 11:14:08 AM,2.651251,511.1102,2,2,1,260.382,8.395475,332.607,2.449108,2,1,1,2,1,2,1,19.87643,2.208628,919.7962,1,2,1,1,1,2,148.808,152.6275,1.712107,878.5824,1,2,1,1,2,7.856191,143.4248,267.2071,11.68931,1.719815,1.284745,0.7378293,0.3065689,2,1,252.0828,1.441707,190.464,0.000128152,1,1,1,Attack
 29/12/2015 11:14:09 AM,2.665983,511.1494,2,2,1,260.382,8.395475,332.607,2.449108,2,1,1,2,1,2,1,19.87643,2.208628,920.0766,1,2,1,1,1,2,148.808,152.6275,1.712107,878.7747,1,2,1,1,2,7.858434,143.5786,267.2071,11.68931,1.719815,1.286282,0.7378293,0.3081062,2,1,252.0828,1.441707,190.464,0.000128152,1,1,1,Attack
 29/12/2015 11:14:10 AM,2.667264,511.6989,2,2,1,260.382,8.398359,332.607,2.449108,2,1,1,2,1,2,1,19.87643,2.209653,920.0766,1,2,1,1,1,2,148.808,152.6275,1.712107,878.9285,1,2,1,1,2,7.858434,143.5786,267.2071,11.68931,1.719815,1.275266,0.7378293,0.3081062,2,1,252.0828,1.441707,190.464,0.000128152,1,1,1,Attack
 29/12/2015 11:14:11 AM,2.635237,511.5419,2,2,1,260.382,8.39868,332.2738,2.449108,2,1,1,2,1,2,1,19.82201,2.212215,920.2769,1,2,1,1,1,2,148.808,152.6275,1.710826,879.0438,1,2,1,1,2,7.858434,143.5786,267.2071,11.68931,1.719815,1.265275,0.7378293,0.3084905,2,1,252.0828,1.441707,190.464,0.000128152,1,1,1,Attack
 29/12/2015 11:14:12 AM,2.620184,511.5027,2,2,1,260.382,8.39868,332.2738,2.449108,2,1,1,2,1,2,1,19.82201,2.212215,920.2368,1,2,1,1,1,2,148.808,152.6275,1.710185,879.0054,1,2,1,1,2,7.858434,143.5786,266.9828,11.68931,1.719815,1.267709,0.7378293,0.3097076,2,1,252.0828,1.441707,190.464,0.000128152,1,1,1,Attack
 29/12/2015 11:14:13 AM,2.61602,511.3457,2,2,1,260.382,8.39868,332.2738,2.449108,2,1,1,2,1,2,1,19.82201,2.209269,920.0766,1,2,1,1,1,2,148.808,152.4994,1.710185,879.1976,1,2,1,1,2,7.854589,143.5786,266.9828,11.68931,1.719815,1.266171,0.7378293,0.31022,2,1,252.0828,1.441707,190.3038,0.000128152,1,1,1,Attack
 29/12/2015 11:14:14 AM,2.608974,511.5419,2,2,1,260.382,8.39868,332.2738,2.449108,2,1,1,2,1,2,1,19.82201,2.209269,919.9965,1,2,1,1,1,2,148.808,152.4994,1.710185,878.8516,1,2,1,1,2,7.854589,143.5786,266.9828,11.68931,1.719815,1.280389,0.7378293,0.3091311,2,1,252.0828,1.441707,190.2237,0.000128152,1,1,1,Attack
 29/12/2015 11:14:15 AM,2.590078,511.5027,2,2,1,260.382,8.39868,332.4789,2.44616,2,1,1,2,1,2,1,19.82201,2.209269,920.2368,1,2,1,1,1,2,148.808,152.4994,1.710185,878.7747,1,2,1,1,2,7.854589,143.5786,266.9828,11.68931,1.719815,1.298194,0.7378293,0.3081062,2,1,251.8585,1.441707,190.2237,0.000128152,1,1,1,Attack
 29/12/2015 11:14:16 AM,2.577267,511.7775,2,2,1,260.382,8.39868,332.4789,2.44616,2,1,1,2,1,2,1,19.86043,2.208628,920.0766,1,2,1,1,1,2,148.808,152.4994,1.710185,878.7362,1,2,1,1,2,7.856191,143.5786,266.9828,11.68931,1.719815,1.311259,0.7378293,0.3081062,2,1,251.8585,1.441707,190.2237,0.000128152,1,1,1,Attack
 29/12/2015 11:14:17 AM,2.557089,511.9345,2,2,1,260.382,8.39868,332.4789,2.444238,2,1,1,2,1,2,1,19.86043,2.208628,920.0366,1,2,1,1,1,2,148.808,152.4994,1.710185,878.7747,1,2,1,1,2,7.857152,143.5786,266.9828,11.68931,1.719815,1.306904,0.7378293,0.3081062,2,1,251.8585,1.441707,190.2237,0.000128152,1,1,1,Attack
 29/12/2015 11:14:18 AM,2.542036,511.9737,2,2,1,260.382,8.39868,332.4789,2.443597,2,1,1,2,1,2,1,19.80601,2.208628,920.0366,1,2,1,1,1,2,148.808,152.4994,1.710185,878.6208,1,2,1,1,2,7.857152,143.5786,266.9828,11.68931,1.717893,1.28705,0.7378293,0.3081062,2,1,251.9867,1.441707,190.3679,0.000128152,1,1,1,Attack
 29/12/2015 11:14:19 AM,2.522499,511.3849,2,2,1,260.382,8.39868,332.4789,2.442828,2,1,1,2,1,2,1,19.7996,2.208628,919.9164,1,2,1,1,1,2,148.808,152.4994,1.710185,878.4286,1,2,1,1,2,7.857152,143.5786,266.9828,11.68931,1.717893,1.271679,0.7355248,0.3086186,2,1,252.0347,1.441707,190.3679,0.000128152,1,1,1,Attack
 29/12/2015 11:14:20 AM,2.507446,511.3849,2,2,1,260.382,8.39868,332.4789,2.442828,2,1,1,2,1,2,1,19.79,2.207347,919.7161,1,2,1,1,1,2,148.808,152.6019,1.710185,878.5439,1,2,1,1,2,7.857152,143.5786,266.9828,11.68931,1.717893,1.255284,0.7355248,0.3086186,2,1,252.0347,1.441707,190.3679,0.000128152,1,1,1,Attack
 29/12/2015 11:14:21 AM,2.484386,510.9924,2,2,1,260.382,8.39868,332.4789,2.442828,2,1,1,2,1,2,1,19.75799,2.207347,919.9164,1,2,1,1,1,2,148.808,152.6019,1.710185,878.5439,1,2,1,1,2,7.857152,143.5786,266.9828,11.68931,1.717893,1.257333,0.7355248,0.3086186,2,1,252.0347,1.441707,190.3679,0.000128152,1,1,1,Attack
 29/12/2015 11:14:22 AM,2.468693,510.2859,2,2,1,260.382,8.39868,332.4789,2.442828,2,1,1,2,1,2,1,19.75799,2.207347,919.6761,1,2,1,1,1,2,148.808,152.6019,1.710698,878.3901,1,2,1,1,2,7.857152,143.5786,266.9828,11.68931,1.717893,1.270783,0.7355248,0.3086186,2,1,252.0347,1.441707,190.3679,0.000128152,1,1,1,Attack
 29/12/2015 11:14:23 AM,2.448195,510.1288,2,2,1,260.382,8.39868,332.5301,2.445648,2,1,1,2,1,2,1,19.75799,2.210037,919.8763,1,2,1,1,1,2,148.808,152.6019,1.712107,878.1594,1,2,1,1,2,7.857152,143.5786,267.0469,11.88157,1.717893,1.268989,0.7378293,0.3086186,2,1,252.0347,1.441707,190.3679,0.000128152,1,1,1,Attack
 29/12/2015 11:14:24 AM,2.435064,509.1475,2,2,1,260.382,8.39868,332.5301,2.445648,2,1,1,2,1,2,1,19.75799,2.210037,919.7962,1,2,1,1,1,2,148.808,152.6019,1.712107,877.698,1,2,1,1,2,7.857152,143.5786,267.0469,11.88157,1.717893,1.270142,0.7383414,0.3086186,2,1,252.0347,1.441707,190.3679,0.000128152,1,1,1,Attack
 29/12/2015 11:14:25 AM,2.423213,508.598,2,2,1,260.382,8.39868,332.5301,2.445648,2,1,1,2,1,2,1,19.75799,2.210037,919.5159,1,2,1,1,1,2,148.808,152.6019,1.712107,877.698,1,2,1,1,2,7.857152,143.6811,267.0469,11.88157,1.719175,1.272192,0.7383414,0.3086186,2,1,252.0347,1.441707,190.48,0.000128152,1,1,1,Attack
 29/12/2015 11:14:26 AM,2.421612,508.2447,2,2,1,260.382,8.39868,332.5301,2.445648,2,1,1,2,1,2,1,19.75799,2.208116,919.7962,1,2,1,1,1,2,148.808,152.6019,1.712107,877.5057,1,2,1,1,2,7.857152,143.6811,267.0469,11.88157,1.719303,1.261304,0.7383414,0.3086186,2,1,252.0347,1.441707,190.48,0.000128152,1,1,1,Attack
 29/12/2015 11:14:27 AM,2.425456,508.0485,2,2,1,260.382,8.39868,332.5301,2.445648,2,1,1,2,1,2,1,19.77079,2.208116,919.636,1,2,1,1,1,2,148.808,152.6019,1.712107,877.8518,1,2,1,1,2,7.857152,143.6811,267.0469,11.88157,1.719303,1.261176,0.7383414,0.3086186,2,1,252.0988,1.441707,190.48,0.000128152,1,1,1,Attack
 29/12/2015 11:14:28 AM,2.472857,508.0485,2,2,1,260.382,8.39868,332.5301,2.444366,2,1,1,2,1,2,1,19.79,2.208116,919.1153,1,2,1,1,1,2,148.808,152.4481,1.711082,877.8134,1,2,1,1,2,7.860997,143.6811,267.0469,11.88157,1.719303,1.254515,0.7383414,0.3086186,2,1,252.259,1.441707,190.5281,0.000128152,1,1,1,Attack
 29/12/2015 11:14:29 AM,2.472857,508.0485,2,2,1,260.382,8.39868,332.5301,2.444366,2,1,1,2,1,2,1,19.79,2.208116,919.1153,1,2,1,1,1,2,148.808,152.4481,1.711082,877.8134,1,2,1,1,2,7.860997,143.6811,267.0469,11.88157,1.719303,1.254515,0.7383414,0.3086186,2,1,252.259,1.441707,190.5281,0.000128152,1,1,1,Attack
 29/12/2015 11:14:30 AM,2.521218,507.7737,2,2,1,260.382,8.39868,332.5301,2.444366,2,1,1,2,1,2,1,19.81881,2.208116,919.0352,1,2,1,1,1,2,148.808,152.4481,1.711082,877.8134,1,2,1,1,2,7.860997,143.6811,267.0469,11.88157,1.720969,1.259383,0.7383414,0.3084905,2,1,252.3071,1.505783,190.6082,0.000128152,1,1,1,Attack
 29/12/2015 11:14:31 AM,2.561253,507.3419,2,2,1,260.382,8.39868,332.5301,2.444366,2,1,1,2,1,2,1,19.85402,2.209397,919.0753,1,2,1,1,1,2,148.808,152.4481,1.713004,878.1594,1,2,1,1,2,7.860997,143.6811,267.0469,11.88157,1.720969,1.278596,0.7383414,0.3084905,2,1,252.4833,1.505783,190.6242,0.000128152,1,1,1,Attack
 29/12/2015 11:14:32 AM,2.602569,507.8129,2,2,1,260.382,8.39868,332.5301,2.444366,2,1,1,2,1,2,1,19.85402,2.209397,918.875,1,2,1,1,1,2,148.808,152.4481,1.713004,878.5824,1,2,1,1,2,7.859715,143.6811,267.0469,11.88157,1.721866,1.282183,0.7383414,0.3082983,2,1,252.4833,1.505783,190.6242,0.000128152,1,1,1,Attack
 29/12/2015 11:14:33 AM,2.630112,508.0092,2,2,1,260.382,8.39868,332.5301,2.444366,2,1,1,2,1,2,1,19.85402,2.209397,919.0352,1,2,1,1,1,2,148.808,152.4481,1.713004,878.5439,1,2,1,1,2,7.859395,143.6811,267.0469,11.76621,1.721866,1.282183,0.7383414,0.3082983,2,1,252.243,1.409669,190.6242,0.000128152,1,1,1,Attack
 29/12/2015 11:14:34 AM,2.649009,508.598,2,2,1,260.382,8.39868,332.6327,2.444366,2,1,1,2,1,2,1,19.85402,2.206963,919.1153,1,2,1,1,1,2,148.808,152.4481,1.711466,878.7362,1,2,1,1,2,7.859395,143.6811,266.9828,11.72776,1.720585,1.270014,0.7383414,0.3082983,2,1,252.1629,1.409669,190.6242,0.000128152,1,1,1,Attack
 29/12/2015 11:14:35 AM,2.656055,508.9905,2,2,1,260.382,8.39868,332.6327,2.44206,2,1,1,2,1,2,1,19.85402,2.206963,918.7949,1,2,1,1,1,2,148.808,152.4481,1.711466,878.9285,1,2,1,1,2,7.859395,143.6811,266.8546,11.72776,1.718918,1.261816,0.7383414,0.3082983,2,1,252.0027,1.409669,190.6242,0.000128152,1,1,1,Attack
 29/12/2015 11:14:36 AM,2.656055,509.7363,2,2,1,260.382,8.39868,332.6327,2.44206,2,1,1,2,1,2,1,19.85402,2.208116,919.0352,1,2,1,1,1,2,148.808,152.4481,1.711466,879.5052,1,2,1,1,2,7.859395,143.6811,266.8546,11.72776,1.717637,1.261816,0.7383414,0.3082983,2,1,251.9867,1.409669,190.3679,0.000128152,1,1,1,Attack
 29/12/2015 11:14:37 AM,2.62755,510.4036,2,2,1,260.382,8.39868,332.6327,2.44206,2,1,1,2,1,2,1,19.85402,2.209525,918.835,1,2,1,1,1,2,148.808,152.4481,1.710826,879.5822,1,2,1,1,2,7.859395,143.8349,266.8546,11.72776,1.717637,1.267709,0.7383414,0.3082983,2,1,251.9867,1.409669,190.3198,0.000128152,1,1,1,Attack
 29/12/2015 11:14:38 AM,2.616981,511.2672,2,2,1,260.382,8.39868,332.6327,2.44206,2,1,1,2,1,2,1,19.87643,2.209525,919.0753,1,2,1,1,1,2,148.808,152.4481,1.710185,879.6975,1,2,1,1,2,7.859395,143.8349,266.8546,11.72776,1.719046,1.287947,0.7383414,0.3082983,2,1,251.9867,1.409669,190.3198,0.000128152,1,1,1,Attack
 29/12/2015 11:14:39 AM,2.608974,511.0709,2,2,1,260.382,8.399321,332.6327,2.44206,2,1,1,2,1,2,1,19.90204,2.209525,919.3957,1,2,1,1,1,2,148.808,152.4481,1.710185,880.1205,1,2,1,1,2,7.859395,143.8349,266.8546,11.72776,1.719303,1.291533,0.7383414,0.3082983,2,1,251.9867,1.409669,190.3198,0.000128152,1,1,1,Attack
 29/12/2015 11:14:40 AM,2.600967,511.1102,2,2,1,260.382,8.400282,332.6327,2.442444,2,1,1,2,1,2,1,19.91165,2.209525,919.5159,1,2,1,1,1,2,148.808,152.4481,1.710185,880.1974,1,2,1,1,2,7.859395,143.8349,266.8546,11.72776,1.719303,1.291533,0.7383414,0.3084905,2,1,251.9867,1.457726,190.3999,0.000128152,1,1,1,Attack
 29/12/2015 11:14:41 AM,2.570861,510.6784,2,2,1,260.382,8.400282,332.6327,2.445648,2,1,1,2,1,2,1,19.91165,2.209525,919.6761,1,2,1,1,1,2,148.808,152.4481,1.70916,880.5819,1,2,1,1,2,7.859395,143.8349,266.7906,11.72776,1.717765,1.291533,0.7383414,0.3082983,2,1,252.0828,1.457726,190.5601,0.000128152,1,1,1,Attack
 29/12/2015 11:14:42 AM,2.55773,510.6784,2,2,1,260.382,8.400282,332.6327,2.446801,2,1,1,2,1,2,1,19.86363,2.209525,919.8363,1,2,1,1,1,2,148.808,152.4481,1.70916,880.8895,1,2,1,1,2,7.858754,143.8349,266.6303,11.72776,1.717765,1.291533,0.7383414,0.3068251,2,1,252.243,1.457726,190.5601,0.000128152,1,1,1,Attack
 29/12/2015 11:14:43 AM,2.530506,509.9718,2,2,1,260.382,8.400282,332.4532,2.447442,2,1,1,2,1,2,1,19.91805,2.209525,919.9965,1,2,1,1,1,2,148.808,152.6275,1.70916,880.8511,1,2,1,1,2,7.858754,143.8349,266.6303,11.72776,1.719559,1.291277,0.7383414,0.3068251,2,1,252.243,1.457726,190.5601,0.000128152,1,1,1,Attack
 29/12/2015 11:14:44 AM,2.52282,510.0111,2,2,1,260.382,8.400282,332.4532,2.449364,2,1,1,2,1,2,1,19.91805,2.209525,919.9965,1,2,1,1,1,2,148.808,152.6275,1.70916,880.928,1,2,1,1,2,7.858754,143.8349,266.6303,11.72776,1.720328,1.277828,0.736549,0.3086186,2,1,252.243,1.457726,190.5601,0.000128152,1,1,1,Attack
 29/12/2015 11:14:45 AM,2.501681,509.6971,2,2,1,260.382,8.400282,332.4532,2.449877,2,1,1,2,1,2,1,19.91805,2.209525,920.0366,1,2,1,1,1,2,148.808,152.6275,1.710826,881.0818,1,2,1,1,2,7.858754,143.8349,266.6303,11.72776,1.720328,1.259255,0.7355248,0.3086186,2,1,252.243,1.457726,190.5601,0.000128152,1,1,1,Attack
 29/12/2015 11:14:46 AM,2.492073,509.8148,2,2,1,260.382,8.400282,332.4532,2.449877,2,1,1,2,1,2,1,19.91805,2.209525,920.0766,1,2,1,1,1,2,148.808,152.6275,1.710826,880.9664,1,2,1,1,2,7.858754,143.8349,266.6303,11.72776,1.720328,1.245805,0.7355248,0.3086186,2,1,252.243,1.457726,190.5601,0.000128152,1,1,1,Attack
 29/12/2015 11:14:47 AM,2.46517,509.3438,2,2,1,260.382,8.400282,332.4532,2.44757,2,1,1,2,1,2,1,19.89564,2.209525,920.2368,1,2,1,1,1,2,148.808,152.6275,1.710826,881.2356,1,2,1,1,2,7.858754,143.8349,266.6303,11.72776,1.720328,1.244908,0.7384694,0.3086186,2,1,252.1469,1.457726,190.5601,0.000128152,1,1,1,Attack
 29/12/2015 11:14:48 AM,2.455241,508.9905,2,2,1,260.382,8.400282,332.4532,2.445648,2,1,1,2,1,2,1,19.89564,2.209525,920.0366,1,2,1,1,1,2,148.808,152.6275,1.710826,881.274,1,2,1,1,2,7.858754,143.8349,266.6303,11.72776,1.720328,1.258486,0.7384694,0.3086186,2,1,252.0668,1.457726,190.5601,0.000128152,1,1,1,Attack
 29/12/2015 11:14:49 AM,2.439548,509.1475,2,2,1,260.382,8.400282,332.4532,2.443725,2,1,1,2,1,2,1,19.89564,2.209525,919.7962,1,2,1,1,1,2,148.808,152.5763,1.710313,881.8893,1,2,1,1,2,7.858754,143.8349,266.6303,11.72776,1.720328,1.274497,0.7384694,0.3086186,2,1,252.0668,1.457726,190.5601,0.000128152,1,1,1,Attack
 29/12/2015 11:14:50 AM,2.436985,508.7943,2,2,1,260.382,8.400282,332.4532,2.443725,2,1,1,2,1,2,1,19.89564,2.209525,919.8363,1,2,1,1,1,2,148.808,152.5763,1.710185,882.2738,1,2,1,1,2,7.858754,143.8349,266.6303,11.72776,1.719944,1.283079,0.7384694,0.3086186,2,1,252.0668,1.457726,190.5441,0.000128152,1,1,1,Attack
 29/12/2015 11:14:51 AM,2.434423,508.8335,2,2,1,260.382,8.400282,332.4532,2.444623,2,1,1,2,1,2,1,19.97567,2.209525,920.0366,1,2,1,1,1,2,148.808,152.5763,1.709416,882.0431,1,2,1,1,2,7.858754,143.8349,266.4701,11.72776,1.717893,1.288203,0.7384694,0.3086186,2,1,252.1789,1.457726,190.496,0.000128152,1,1,1,Attack
 29/12/2015 11:14:52 AM,2.460366,508.7158,2,2,1,260.382,8.400282,332.4789,2.444751,2,1,1,2,1,2,1,19.97567,2.209525,920.2368,1,2,1,1,1,2,148.808,152.5763,1.709416,882.0815,1,2,1,1,2,7.858754,143.8349,266.4701,11.72776,1.717893,1.291533,0.7384694,0.3086186,2,1,252.1789,1.457726,190.4159,0.000128152,1,1,1,Attack
 29/12/2015 11:14:53 AM,2.518656,508.5195,2,2,1,260.382,8.400282,332.5301,2.444751,2,1,1,2,1,2,1,19.90845,2.209525,920.1166,1,2,1,1,1,2,148.808,152.5763,1.709416,882.5045,1,2,1,1,2,7.858754,143.8349,266.4701,11.72776,1.717893,1.27232,0.7387255,0.3081703,2,1,252.1789,1.457726,190.4159,0.000128152,1,1,1,Attack
 29/12/2015 11:14:54 AM,2.547481,508.755,2,2,1,260.382,8.398039,332.5301,2.444751,2,1,1,2,1,2,1,19.90845,2.209525,920.2769,1,2,1,1,1,2,148.808,152.5763,1.709416,882.4661,1,2,1,1,2,7.858754,143.6811,266.4701,11.72776,1.717893,1.256693,0.7387255,0.3081703,2,1,252.1789,1.457726,190.4159,0.000128152,1,1,1,Attack
 29/12/2015 11:14:55 AM,2.590398,508.9513,2,2,1,260.382,8.396757,332.5301,2.447826,2,1,1,2,1,2,1,19.90845,2.209525,920.317,1,2,1,1,1,2,148.808,152.5763,1.712107,882.4661,1,2,1,1,2,7.858754,143.5529,266.1497,11.72776,1.717893,1.254003,0.7387255,0.3081703,2,1,252.1148,1.457726,190.4159,0.000128152,1,1,1,Attack
 29/12/2015 11:14:56 AM,2.61602,508.598,2,2,1,260.382,8.396757,332.5301,2.447826,2,1,1,2,1,2,1,19.87643,2.209525,920.1968,1,2,1,1,1,2,148.808,152.5763,1.712107,882.8121,1,2,1,1,2,7.856512,143.5529,266.0856,11.72776,1.717893,1.270142,0.7387255,0.3081703,2,1,252.0187,1.457726,190.4159,0.000128152,1,1,1,Attack
 29/12/2015 11:14:57 AM,2.657656,508.8335,2,2,1,260.382,8.396757,332.5301,2.448211,2,1,1,2,1,2,1,19.87643,2.209525,920.5973,1,2,1,1,1,2,148.808,152.5763,1.712107,882.889,1,2,1,1,2,7.856512,143.5529,266.0856,11.72776,1.717893,1.289868,0.7374452,0.3086827,2,1,252.0187,1.457726,190.4159,0.000128152,1,1,1,Attack
 29/12/2015 11:14:58 AM,2.67335,509.226,2,2,1,260.382,8.396757,332.5301,2.448211,2,1,1,2,1,2,1,19.90204,2.209525,920.5172,1,2,1,1,1,2,148.808,152.5763,1.712107,883.0428,1,2,1,1,2,7.856512,143.5529,266.0856,11.72776,1.719687,1.300884,0.7374452,0.3086827,2,1,252.0187,1.457726,190.4159,0.000128152,1,1,1,Attack
 29/12/2015 11:14:59 AM,2.670788,509.1868,2,2,1,260.382,8.393873,332.5301,2.447442,2,1,1,2,1,2,1,19.93406,2.207988,920.4371,1,2,1,1,1,2,148.808,152.5763,1.712107,883.0043,1,2,1,1,2,7.856512,143.5529,266.0856,11.72776,1.719687,1.302165,0.7374452,0.3086827,2,1,252.0988,1.457726,190.5761,0.000128152,1,1,1,Attack
 29/12/2015 11:15:00 AM,2.641642,509.4223,2,2,1,260.382,8.393873,332.5301,2.445391,2,1,1,2,1,2,1,19.93406,2.207988,920.2769,1,2,1,1,1,2,148.808,152.5763,1.712107,883.0812,1,2,1,1,2,7.856512,143.5529,266.0856,11.72776,1.719687,1.29243,0.7374452,0.3086827,2,1,252.3552,1.457726,190.5761,0.000128152,1,1,1,Attack
 29/12/2015 11:15:01 AM,2.621785,508.8335,2,2,1,260.382,8.393873,332.5301,2.445391,2,1,1,2,1,2,1,19.93406,2.207988,920.1166,1,2,1,1,1,2,148.808,152.5763,1.712107,883.4658,1,2,1,1,2,7.856512,143.5529,266.0856,11.72776,1.719687,1.291918,0.7374452,0.3084905,2,1,252.3552,1.457726,190.7043,0.000128152,1,1,1,Attack
 29/12/2015 11:15:02 AM,2.613778,508.9513,2,2,1,260.382,8.393873,332.5301,2.445391,2,1,1,2,1,2,1,19.88284,2.207988,920.2769,1,2,1,1,1,2,148.808,152.5763,1.711979,883.6196,1,2,1,1,2,7.856512,143.5529,266.0856,11.72776,1.719687,1.291918,0.7374452,0.3084265,2,1,252.3552,1.457726,190.7043,0.000128152,1,1,1,Attack
 29/12/2015 11:15:03 AM,2.613778,508.9513,2,2,1,260.382,8.393873,332.5301,2.445391,2,1,1,2,1,2,1,19.88284,2.207988,920.2769,1,2,1,1,1,2,148.808,152.5763,1.711979,883.6196,1,2,1,1,2,7.856512,143.5529,266.0856,11.72776,1.719687,1.291918,0.7374452,0.3084265,2,1,252.3552,1.457726,190.7043,0.000128152,1,1,1,Attack
 29/12/2015 11:15:04 AM,2.607373,509.3045,2,2,1,260.382,8.393873,332.5301,2.445391,2,1,1,2,1,2,1,19.87963,2.207988,920.317,1,2,1,1,1,2,148.808,152.5763,1.711466,883.658,1,2,1,1,2,7.856512,143.5529,266.0856,11.72776,1.720328,1.28372,0.7374452,0.3082983,2,1,252.3552,1.457726,190.7043,0.000128152,1,1,1,Attack
 29/12/2015 11:15:05 AM,2.594562,509.383,2,2,1,260.382,8.393873,332.5301,2.444751,2,1,1,2,1,2,1,19.84442,2.21055,920.2769,1,2,1,1,1,2,148.808,152.5763,1.711466,883.7349,1,2,1,1,2,7.856512,143.5529,266.0536,11.72776,1.720328,1.265659,0.7384694,0.3080421,2,1,252.3552,1.457726,190.7043,0.000128152,1,1,1,Attack
 29/12/2015 11:15:06 AM,2.56926,509.226,2,2,1,260.382,8.393873,332.5301,2.444751,2,1,1,2,1,2,1,19.84442,2.21055,920.1166,1,2,1,1,1,2,148.808,152.5763,1.711466,883.5427,1,2,1,1,2,7.856512,143.5529,266.0536,11.72776,1.718534,1.256052,0.7384694,0.3080421,2,1,252.3552,1.457726,190.6242,0.000128152,1,1,1,Attack
 29/12/2015 11:15:07 AM,2.553886,509.5793,2,2,1,260.382,8.393873,332.5301,2.444751,2,1,1,2,1,2,1,19.84442,2.21055,920.317,1,2,1,1,1,2,148.808,152.5763,1.711466,884.0041,1,2,1,1,2,7.856512,143.5529,265.9895,11.72776,1.718534,1.254131,0.7384694,0.3080421,2,1,252.3552,1.457726,190.6082,0.000128152,1,1,1,Attack
 29/12/2015 11:15:08 AM,2.535311,509.54,2,2,1,260.446,8.393553,332.2481,2.444751,2,1,1,2,1,2,1,19.84442,2.209013,920.317,1,2,1,1,1,2,148.808,152.5763,1.711466,883.9272,1,2,1,1,2,7.856512,143.5529,265.8934,11.72776,1.718534,1.262073,0.7384694,0.3080421,2,1,252.3552,1.457726,190.496,0.000128152,1,1,1,Attack
 29/12/2015 11:15:09 AM,2.517695,510.2073,2,2,1,260.446,8.392912,332.2481,2.444751,2,1,1,2,1,2,1,19.86683,2.209013,920.0766,1,2,1,1,1,2,148.808,152.5763,1.711466,884.0425,1,2,1,1,2,7.856512,143.5529,265.8934,11.72776,1.718534,1.271935,0.7384694,0.3081062,2,1,252.2751,1.457726,190.496,0.000128152,1,1,1,Attack
 29/12/2015 11:15:10 AM,2.493675,510.5214,2,2,1,260.446,8.392912,332.4532,2.444751,2,1,1,2,1,2,1,19.87963,2.207347,920.1166,1,2,1,1,1,2,148.808,152.5763,1.710441,883.9656,1,2,1,1,2,7.856512,143.5529,265.6691,11.72776,1.718534,1.272576,0.7384694,0.3086827,2,1,252.1949,1.457726,190.496,0.000128152,1,1,1,Attack
 29/12/2015 11:15:11 AM,2.48887,510.1681,2,2,1,260.446,8.392912,332.4532,2.444751,2,1,1,2,1,2,1,19.88284,2.205041,920.1166,1,2,1,1,1,2,148.808,152.5763,1.708134,883.7734,1,2,1,1,2,7.856512,143.8093,265.6691,12.03538,1.718534,1.282823,0.7384694,0.3086827,2,1,252.1949,1.457726,190.496,0.000128152,1,1,1,Attack
 29/12/2015 11:15:12 AM,2.469974,509.9718,2,2,1,260.446,8.392912,332.4532,2.444751,2,1,1,2,1,2,1,19.92765,2.205041,919.9164,1,2,1,1,1,2,148.808,152.5763,1.708134,883.9272,1,2,1,1,2,7.856512,143.8093,265.6691,12.15073,1.718534,1.282823,0.7384694,0.3086827,2,1,252.1949,1.457726,190.496,0.000128152,1,1,1,Attack
 29/12/2015 11:15:13 AM,2.451398,509.7756,2,2,1,260.446,8.392912,332.4532,2.444751,2,1,1,2,1,2,1,19.92765,2.205041,920.1968,1,2,1,1,1,2,148.808,152.5763,1.710057,883.8503,1,2,1,1,2,7.856512,143.5017,265.6691,12.03538,1.718021,1.272832,0.7384694,0.3086827,2,1,252.1148,1.457726,190.4159,0.000128152,1,1,1,Attack
 29/12/2015 11:15:14 AM,2.436025,509.6971,2,2,1,260.446,8.392912,332.4532,2.444751,2,1,1,2,1,2,1,19.92765,2.206194,920.0766,1,2,1,1,1,2,148.808,152.6275,1.710313,883.3504,1,2,1,1,2,7.856512,143.5017,265.6691,11.76621,1.718021,1.271679,0.7384694,0.3086827,2,1,251.8425,1.457726,190.2237,0.000128152,1,1,1,Attack
 29/12/2015 11:15:15 AM,2.424815,509.226,2,2,1,260.446,8.392912,332.4532,2.444751,2,1,1,2,1,2,1,19.92765,2.208884,919.9164,1,2,1,1,1,2,148.808,152.8582,1.710057,883.0812,1,2,1,1,2,7.856512,143.5017,265.6691,11.76621,1.718021,1.277828,0.7384694,0.3086827,2,1,251.7464,1.457726,190.2237,0.000128152,1,1,1,Attack
 29/12/2015 11:15:16 AM,2.41937,509.3045,2,2,1,260.446,8.392912,332.4532,2.444751,2,1,1,2,1,2,1,19.88284,2.209653,919.9164,1,2,1,1,1,2,148.808,152.8582,1.706468,882.7736,1,2,1,1,2,7.856512,143.6811,265.6691,11.76621,1.718021,1.275906,0.7384694,0.3086827,2,1,251.7464,1.457726,190.2237,0.000128152,1,1,1,Attack
 29/12/2015 11:15:17 AM,2.420651,509.5008,2,2,1,260.446,8.392912,332.4532,2.444751,2,1,1,2,1,2,1,19.87643,2.210678,920.2368,1,2,1,1,1,2,148.808,152.6275,1.706468,882.5045,1,2,1,1,2,7.856512,143.6811,265.6691,11.76621,1.718021,1.281798,0.7384694,0.3086827,2,1,251.7464,1.409669,190.2237,0.000128152,1,1,1,Attack
