 30/12/2015 9:51:08 AM,2.645165,526.5757,2,2,1,220.1679,8.493848,325.9164,2.454362,2,1,1,1,2,2,1,19.95646,2.202991,988.7689,1,2,1,1,1,2,148.8032,150.5255,1.706853,995.0526,1,2,1,1,2,7.828313,142.8608,272.9108,14.18867,1.717893,1.274625,0.7402619,0.3082983,2,1,252.0988,1.409669,190.464,0.000128152,1,1,1,A ttack
 30/12/2015 9:51:09 AM,2.66214,526.2225,2,2,1,220.1679,8.493848,325.9164,2.454875,2,1,1,1,2,1,2,19.98207,2.202991,989.2896,1,2,1,1,1,2,148.8032,150.5255,1.708263,995.0141,1,2,1,1,2,7.828313,142.8608,272.9108,14.18867,1.717893,1.278596,0.7402619,0.3082983,2,1,252.0988,1.409669,190.464,0.000128152,1,1,1,A ttack
 30/12/2015 9:51:10 AM,2.66246,526.1047,2,2,1,220.1679,8.493848,325.9164,2.454875,2,1,1,1,2,1,2,20.03009,2.202991,989.4498,1,2,1,1,1,2,148.8032,150.5255,1.708391,995.4755,1,2,1,1,2,7.828313,142.8608,272.9108,14.18867,1.717893,1.270398,0.7378293,0.3068891,2,1,252.0988,1.409669,190.6883,0.000128152,1,1,1,A ttack
 30/12/2015 9:51:11 AM,2.640041,526.0262,2,2,1,220.1679,8.493848,325.9421,2.454875,2,1,1,1,2,1,2,20.03009,2.202991,989.4098,1,2,1,1,1,2,148.8032,150.5255,1.707622,995.4371,1,2,1,1,2,7.827993,142.8608,272.9108,14.18867,1.717893,1.270398,0.7378293,0.3063127,2,1,252.2751,1.409669,190.7043,0.000128152,1,1,1,A ttack
 30/12/2015 9:51:12 AM,2.624347,526.2225,2,2,1,220.1679,8.493848,325.9933,2.455772,2,1,1,1,2,1,2,20.03009,2.202991,989.61,1,2,1,1,1,2,148.8032,150.5511,1.707109,995.5524,1,2,1,1,2,7.827352,142.8608,272.9108,14.18867,1.717893,1.277443,0.7378293,0.3063127,2,1,252.3231,1.489764,190.7043,0.000128152,1,1,1,A ttack
 30/12/2015 9:51:13 AM,2.61634,526.3795,2,2,1,220.1679,8.493848,325.9933,2.455772,2,1,1,1,2,1,2,19.97887,2.202991,989.7703,1,2,1,1,1,2,148.8032,150.5511,1.707109,995.86,1,2,1,1,2,7.827352,142.8608,272.9108,14.18867,1.717893,1.276034,0.7380853,0.3063127,2,1,252.3872,1.505783,190.7043,0.000128152,1,1,1,A ttack
 30/12/2015 9:51:14 AM,2.60417,526.615,2,2,1,220.1679,8.493848,325.9933,2.456156,2,1,1,1,2,1,2,19.97887,2.202991,989.6902,1,2,1,1,1,2,148.8032,150.5511,1.707109,995.7447,1,2,1,1,2,7.823507,142.8608,272.9108,14.18867,1.717893,1.282183,0.7380853,0.3084265,2,1,252.3872,1.505783,190.7043,0.000128152,1,1,1,A ttack
 30/12/2015 9:51:15 AM,2.582071,526.8113,2,2,1,220.1679,8.497693,325.9933,2.456156,2,1,1,1,2,1,2,19.97887,2.205041,989.7703,1,2,1,1,1,2,148.8032,150.5511,1.7098,995.9754,1,2,1,1,2,7.823507,142.8608,272.9108,14.18867,1.717893,1.280261,0.7380853,0.3084265,2,1,252.3872,1.505783,190.7043,0.000128152,1,1,1,A ttack
 30/12/2015 9:51:16 AM,2.565737,527.0075,2,2,1,220.1679,8.497693,325.9933,2.456156,2,1,1,1,2,1,2,19.97887,2.205041,989.6902,1,2,1,1,1,2,148.8032,150.5511,1.711082,995.6678,1,2,1,1,2,7.823507,142.8608,272.9108,14.18867,1.719046,1.274497,0.7380853,0.3084265,2,1,252.5154,1.505783,190.7043,0.000128152,1,1,1,A ttack
 30/12/2015 9:51:17 AM,2.550684,526.9683,2,2,1,220.1679,8.497693,325.9933,2.456156,2,1,1,1,2,1,2,19.97887,2.205041,989.57,1,2,1,1,1,2,148.8032,150.5511,1.711595,995.7831,1,2,1,1,2,7.823507,142.8608,272.9108,14.18867,1.719046,1.289868,0.7380853,0.3084265,2,1,252.5154,1.345593,190.9446,0.000128152,1,1,1,A ttack
 30/12/2015 9:51:18 AM,2.542677,526.772,2,2,1,220.1679,8.497693,325.9933,2.456156,2,1,1,1,2,1,2,19.97887,2.205041,989.2496,1,2,1,1,1,2,148.8032,150.5511,1.711595,995.7831,1,2,1,1,2,7.823507,142.8608,272.9108,14.18867,1.719046,1.288971,0.7380853,0.3084265,2,1,252.5634,1.345593,190.9446,0.000128152,1,1,1,A ttack
 30/12/2015 9:51:19 AM,2.525062,526.3795,2,2,1,220.1679,8.497693,325.9933,2.456156,2,1,1,1,2,1,2,19.97887,2.205041,989.4899,1,2,1,1,1,2,148.8032,150.5511,1.711595,995.5524,1,2,1,1,2,7.823507,142.8608,272.9108,14.18867,1.719046,1.286922,0.7380853,0.3084265,2,1,252.5634,1.457726,190.9446,0.000128152,1,1,1,A ttack
 30/12/2015 9:51:20 AM,2.509688,526.2617,2,2,1,220.1679,8.497693,325.9933,2.453721,2,1,1,1,2,1,2,19.97887,2.205041,989.6902,1,2,1,1,1,2,148.8032,150.5511,1.711595,995.86,1,2,1,1,2,7.826711,142.8608,272.8788,14.18867,1.719046,1.290765,0.7380853,0.3084265,2,1,252.6596,1.457726,190.9446,0.000128152,1,1,1,A ttack
 30/12/2015 9:51:21 AM,2.493034,526.0262,2,2,1,220.1679,8.497693,325.9933,2.451799,2,1,1,1,2,1,2,20.00768,2.205041,989.6501,1,2,1,1,1,2,148.8032,150.5511,1.711595,995.8216,1,2,1,1,2,7.826711,142.8608,272.7185,14.18867,1.719046,1.281542,0.7380853,0.3084265,2,1,252.6596,1.457726,190.9446,0.000128152,1,1,1,A ttack
 30/12/2015 9:51:22 AM,2.472857,525.9084,2,2,1,220.1679,8.497693,325.9421,2.451415,2,1,1,1,2,1,2,20.01088,2.205041,989.6902,1,2,1,1,1,2,148.8032,150.5511,1.711595,995.937,1,2,1,1,2,7.826711,142.9121,272.7185,14.18867,1.719046,1.281542,0.7380853,0.3084265,2,1,252.6596,1.457726,190.9446,0.000128152,1,1,1,A ttack
 30/12/2015 9:51:23 AM,2.456843,525.9084,2,2,1,220.1679,8.497693,325.9421,2.451415,2,1,1,1,2,1,2,20.01088,2.203248,990.0907,1,2,1,1,1,2,148.8032,150.5511,1.711595,995.6678,1,2,1,1,2,7.826711,142.9121,272.7185,14.18867,1.719046,1.268989,0.7380853,0.3084265,2,1,252.6596,1.457726,190.9446,0.000128152,1,1,1,A ttack
 30/12/2015 9:51:24 AM,2.439548,525.8692,2,2,1,220.1679,8.497693,325.9421,2.450005,2,1,1,1,2,1,2,19.94366,2.201582,990.4111,1,2,1,1,1,2,148.8032,150.5511,1.708134,995.7447,1,2,1,1,2,7.826711,142.9633,272.7185,14.18867,1.719046,1.270783,0.7380853,0.3084265,2,1,252.5474,1.457726,190.9446,0.000128152,1,1,1,A ttack
 30/12/2015 9:51:25 AM,2.43058,526.301,2,2,1,220.1679,8.497373,325.9421,2.449364,2,1,1,1,2,1,2,19.93085,2.201582,990.6114,1,2,1,1,1,2,148.8032,150.5511,1.708134,995.7447,1,2,1,1,2,7.826711,142.989,272.7185,14.18867,1.719046,1.28103,0.7380853,0.3084265,2,1,252.5154,1.457726,190.8805,0.000128152,1,1,1,A ttack
 30/12/2015 9:51:26 AM,2.423854,526.6542,2,2,1,220.1679,8.49577,325.9421,2.449364,2,1,1,1,2,1,2,19.94046,2.201582,990.6114,1,2,1,1,1,2,148.8032,150.5511,1.708134,995.7831,1,2,1,1,2,7.826711,142.989,272.7185,14.18867,1.719046,1.290893,0.7380853,0.3084265,2,1,252.5154,1.457726,190.8805,0.000128152,1,1,1,A ttack
 30/12/2015 9:51:27 AM,2.423854,527.0468,2,2,1,220.1679,8.49577,325.9421,2.449364,2,1,1,1,2,1,2,19.95967,2.20171,990.4512,1,2,1,1,1,2,148.8032,150.5511,1.708134,995.6678,1,2,1,1,2,7.826711,142.989,272.7185,14.18867,1.719046,1.301652,0.7380853,0.3084265,2,1,252.5154,1.457726,190.8805,0.000128152,1,1,1,A ttack
 30/12/2015 9:51:28 AM,2.460045,527.0468,2,2,1,220.1679,8.49577,325.9421,2.451286,2,1,1,1,2,1,2,19.97247,2.20376,990.7316,1,2,1,1,1,2,148.8032,150.5511,1.708134,995.9754,1,2,1,1,2,7.826711,142.989,272.7185,14.18867,1.719046,1.298962,0.7380853,0.3069532,2,1,252.5154,1.457726,190.8805,0.000128152,1,1,1,A ttack
 30/12/2015 9:51:29 AM,2.506485,526.772,2,2,1,220.1679,8.49577,325.9421,2.452568,2,1,1,1,2,1,2,19.98848,2.205426,991.2523,1,2,1,1,1,2,148.8032,150.5511,1.708134,996.0523,1,2,1,1,2,7.826711,142.989,272.7185,14.18867,1.719046,1.283079,0.7385975,0.3069532,2,1,252.3872,1.457726,190.7684,0.000128152,1,1,1,A ttack
 30/12/2015 9:51:30 AM,2.551645,526.8898,2,2,1,220.1679,8.49577,325.9421,2.452568,2,1,1,1,2,1,2,19.98848,2.205426,991.2523,1,2,1,1,1,2,148.8032,150.5511,1.710826,995.937,1,2,1,1,2,7.826391,142.989,272.7185,14.18867,1.719046,1.272192,0.7385975,0.3069532,2,1,252.3872,1.457726,190.7684,0.000128152,1,1,1,A ttack
 30/12/2015 9:51:31 AM,2.587195,526.8505,2,2,1,220.1679,8.49577,325.9421,2.452568,2,1,1,1,2,1,2,20.02049,2.203632,991.2523,1,2,1,1,1,2,148.8032,150.5511,1.710826,996.0139,1,2,1,1,2,7.824789,142.989,272.7185,14.18867,1.719046,1.262329,0.7385975,0.3079781,2,1,252.3231,1.457726,190.7684,0.000128152,1,1,1,A ttack
 30/12/2015 9:51:32 AM,2.637158,526.6542,2,2,1,220.1679,8.49577,325.9421,2.452568,2,1,1,1,2,1,2,20.0397,2.202991,991.3324,1,2,1,1,1,2,148.8032,150.5511,1.710826,995.86,1,2,1,1,2,7.824789,142.989,272.7185,14.18867,1.719046,1.269117,0.7385975,0.3089389,2,1,252.3231,1.441707,190.6082,0.000128152,1,1,1,A ttack
 30/12/2015 9:51:33 AM,2.665343,526.8898,2,2,1,220.1679,8.493207,325.9421,2.454234,2,1,1,1,2,1,2,20.0397,2.202991,991.6528,1,2,1,1,1,2,148.8032,150.5511,1.710826,995.937,1,2,1,1,2,7.824789,142.989,272.7185,14.18867,1.719046,1.271551,0.7385975,0.3089389,2,1,252.3231,1.409669,190.6082,0.000128152,1,1,1,A ttack
 30/12/2015 9:51:34 AM,2.681997,527.0468,2,2,1,220.1679,8.493207,325.9421,2.455772,2,1,1,1,2,1,2,19.97567,2.203632,991.6127,1,2,1,1,1,2,148.8032,150.5511,1.710826,996.1677,1,2,1,1,2,7.824789,142.989,272.7185,14.18867,1.719046,1.265915,0.7385975,0.3082983,2,1,252.3231,1.409669,190.6082,0.000128152,1,1,1,A ttack
 30/12/2015 9:51:35 AM,2.681997,527.3608,2,2,1,220.1679,8.493207,325.9421,2.455772,2,1,1,1,2,1,2,19.95646,2.20376,991.4926,1,2,1,1,1,2,148.8032,150.5511,1.710698,996.2446,1,2,1,1,2,7.824789,142.8608,272.7185,14.18867,1.716355,1.268221,0.7385975,0.3082983,2,1,252.0988,1.409669,190.6082,0.000128152,1,1,1,A ttack
 30/12/2015 9:51:36 AM,2.643244,527.7534,2,2,1,220.1679,8.493207,325.9421,2.455772,2,1,1,1,2,1,2,19.95646,2.20376,991.5327,1,2,1,1,1,2,148.8032,150.5511,1.708134,996.5137,1,2,1,1,2,7.824789,142.8608,272.7185,14.18867,1.71597,1.265147,0.7385975,0.3082983,2,1,252.0988,1.409669,190.6082,0.000128152,1,1,1,A ttack
 30/12/2015 9:51:37 AM,2.62755,527.9888,2,2,1,220.1679,8.493207,325.9421,2.455772,2,1,1,1,2,1,2,19.92445,2.20376,991.8531,1,2,1,1,1,2,148.8032,150.5511,1.708134,996.7444,1,2,1,1,2,7.824789,142.8608,272.7185,14.18867,1.71597,1.270014,0.7383414,0.3082983,2,1,252.0187,1.409669,190.464,0.000128152,1,1,1,A ttack
 30/12/2015 9:51:38 AM,2.624027,528.1459,2,2,1,220.1679,8.493207,325.9421,2.455772,2,1,1,1,2,1,2,19.92445,2.20376,992.0934,1,2,1,1,1,2,148.8032,150.5511,1.708134,996.7444,1,2,1,1,2,7.824789,142.8608,272.7185,14.18867,1.71597,1.280902,0.7368051,0.3082983,2,1,251.9867,1.409669,190.3839,0.000128152,1,1,1,A ttack
 30/12/2015 9:51:39 AM,2.622426,528.1851,2,2,1,220.1679,8.493207,325.9421,2.455772,2,1,1,1,2,1,2,19.99168,2.20376,992.0133,1,2,1,1,1,2,148.8032,150.5511,1.708134,996.8214,1,2,1,1,2,7.824789,142.8608,272.7185,14.18867,1.71597,1.277828,0.7357808,0.3082983,2,1,251.9867,1.409669,190.3839,0.000128152,1,1,1,A ttack
 30/12/2015 9:51:40 AM,2.609294,528.3421,2,2,1,220.1679,8.493207,325.9421,2.455772,2,1,1,1,2,1,2,19.99168,2.202223,991.7329,1,2,1,1,1,2,148.8032,150.5511,1.708134,996.9752,1,2,1,1,2,7.824789,142.8608,272.7185,14.18867,1.71597,1.270911,0.7357808,0.3082983,2,1,251.9867,1.409669,190.3839,0.000128152,1,1,1,A ttack
 30/12/2015 9:51:41 AM,2.595522,528.2244,2,2,1,220.1679,8.493207,325.9421,2.455772,2,1,1,1,2,1,2,19.97247,2.202223,991.4525,1,2,1,1,1,2,148.8032,150.5511,1.70634,997.1674,1,2,1,1,2,7.824789,142.8608,272.7185,14.18867,1.717124,1.261688,0.7384694,0.3082983,2,1,251.9546,1.409669,190.3839,0.000128152,1,1,1,A ttack
 30/12/2015 9:51:42 AM,2.573744,528.0674,2,2,1,220.1679,8.493207,325.9421,2.455772,2,1,1,1,2,1,2,19.89884,2.202223,991.4926,1,2,1,1,1,2,148.8032,150.5511,1.70634,997.0136,1,2,1,1,2,7.824789,142.8608,272.7185,14.18867,1.71738,1.260151,0.7384694,0.3100278,2,1,251.9546,1.409669,190.3839,0.000128152,1,1,1,A ttack
 30/12/2015 9:51:43 AM,2.565096,527.8711,2,2,1,220.1679,8.493207,325.9421,2.455772,2,1,1,1,2,1,2,19.89884,2.202223,991.5327,1,2,1,1,1,2,148.8032,150.5511,1.70634,996.9367,1,2,1,1,2,7.824789,142.8608,272.7185,14.18867,1.71738,1.254771,0.7384694,0.3105403,2,1,251.9546,1.409669,190.3839,0.000128152,1,1,1,A ttack
 30/12/2015 9:51:44 AM,2.548121,527.7534,2,2,1,220.1679,8.496091,325.9421,2.453978,2,1,1,1,2,1,2,19.89884,2.202223,991.7329,1,2,1,1,1,2,148.8032,150.5511,1.707622,996.9752,1,2,1,1,2,7.824789,142.8608,272.7185,14.18867,1.71738,1.26361,0.7384694,0.3106684,2,1,252.0187,1.409669,190.3839,0.000128152,1,1,1,A ttack
 30/12/2015 9:51:45 AM,2.526343,527.5963,2,2,1,220.1679,8.496091,325.9421,2.452055,2,1,1,1,2,1,2,19.89884,2.202223,991.7329,1,2,1,1,1,2,148.8032,150.5511,1.709031,997.5519,1,2,1,1,2,7.824789,142.8608,272.7185,14.18867,1.71738,1.276162,0.7384694,0.3106684,2,1,252.1469,1.409669,190.3839,0.000128152,1,1,1,Attack
 30/12/2015 9:51:46 AM,2.508087,527.9888,2,2,1,220.1679,8.496091,325.9421,2.452055,2,1,1,1,2,1,2,19.89884,2.202223,991.9332,1,2,1,1,1,2,148.8032,150.5511,1.709031,997.5903,1,2,1,1,2,7.824789,142.8608,272.7185,14.18867,1.71738,1.286666,0.7384694,0.3096435,2,1,252.1469,1.409669,190.5761,0.000128152,1,1,1,Attack
 30/12/2015 9:51:47 AM,2.493034,527.8711,2,2,1,220.1679,8.496091,325.9421,2.452055,2,1,1,1,2,1,2,19.89884,2.202223,992.0934,1,2,1,1,1,2,148.8032,150.5511,1.709031,997.8979,1,2,1,1,2,7.824789,142.6557,272.7185,14.18867,1.717765,1.292174,0.7391096,0.3087468,2,1,252.1469,1.409669,190.6402,0.000128152,1,1,1,Attack
 30/12/2015 9:51:48 AM,2.476059,528.2636,2,2,1,220.1038,8.496091,325.9421,2.455131,2,1,1,1,2,1,2,19.92445,2.202223,991.7329,1,2,1,1,1,2,148.8032,150.5511,1.709031,997.7441,1,2,1,1,2,7.824789,142.6557,272.7185,14.18867,1.717765,1.292174,0.7396217,0.3082983,2,1,252.1469,1.441707,190.6402,0.000128152,1,1,1,Attack
 30/12/2015 9:51:49 AM,2.462287,528.3421,2,2,1,220.1038,8.496091,325.9421,2.455131,2,1,1,1,2,1,2,19.97247,2.202223,991.6528,1,2,1,1,1,2,148.8032,150.5511,1.707878,997.9364,1,2,1,1,2,7.824789,142.6557,272.7185,14.18867,1.717765,1.278084,0.7396217,0.3094513,2,1,252.1469,1.441707,190.6402,0.000128152,1,1,1,Attack
 30/12/2015 9:51:50 AM,2.445633,528.7739,2,2,1,220.1038,8.496091,325.9421,2.451671,2,1,1,1,2,1,2,19.97567,2.202223,991.813,1,2,1,1,1,2,148.8032,150.5511,1.707878,997.7057,1,2,1,1,2,7.824789,142.6557,272.7185,14.18867,1.717765,1.266428,0.7396217,0.3106043,2,1,252.3231,1.441707,190.6402,0.000128152,1,1,1,Attack
 30/12/2015 9:51:51 AM,2.433142,528.9702,2,2,1,220.1038,8.498013,325.9421,2.449877,2,1,1,1,2,1,2,19.97567,2.202223,991.9332,1,2,1,1,1,2,148.8032,150.5511,1.707878,997.8595,1,2,1,1,2,7.824789,142.6557,272.7185,14.18867,1.717765,1.257205,0.7378293,0.3089389,2,1,252.3231,1.441707,190.6402,0.000128152,1,1,1,Attack
 30/12/2015 9:51:52 AM,2.423854,529.2057,2,2,1,220.1038,8.500577,325.9421,2.449877,2,1,1,1,2,1,2,19.97567,2.202223,991.8931,1,2,1,1,1,2,148.8032,150.5511,1.707878,997.8979,1,2,1,1,2,7.824789,142.6557,272.7185,14.18867,1.717765,1.254131,0.7378293,0.3084905,2,1,252.3231,1.441707,190.6402,0.000128152,1,1,1,Attack
 30/12/2015 9:51:53 AM,2.423854,529.3234,2,2,1,220.1038,8.500577,325.9421,2.449877,2,1,1,1,2,1,2,19.91805,2.202223,992.0133,1,2,1,1,1,2,148.8032,150.5511,1.707878,998.4747,1,2,1,1,2,7.824789,142.6557,272.7185,14.18867,1.718406,1.254131,0.7378293,0.3081062,2,1,252.3231,1.441707,190.6402,0.000128152,1,1,1,Attack
 30/12/2015 9:51:54 AM,2.423854,529.3234,2,2,1,220.1038,8.500577,325.9421,2.449877,2,1,1,1,2,1,2,19.91805,2.202223,992.0133,1,2,1,1,1,2,148.8032,150.5511,1.707878,998.4747,1,2,1,1,2,7.824789,142.6557,272.7185,14.18867,1.718406,1.254131,0.7378293,0.3081062,2,1,252.3231,1.441707,190.6402,0.000128152,1,1,1,Attack
 30/12/2015 9:51:55 AM,2.450437,529.0094,2,2,1,220.1038,8.500577,325.9421,2.450646,2,1,1,1,2,1,2,19.89884,2.202223,991.8531,1,2,1,1,1,2,148.8032,150.5511,1.707878,998.4363,1,2,1,1,2,7.824789,142.6557,272.7185,14.18867,1.718406,1.265915,0.7378293,0.3087468,2,1,252.3231,1.441707,190.6402,0.000128152,1,1,1,Attack
 30/12/2015 9:51:56 AM,2.495916,529.0486,2,2,1,220.1038,8.497373,325.9421,2.450646,2,1,1,1,2,1,2,19.89884,2.202863,991.6929,1,2,1,1,1,2,148.8032,150.5511,1.709544,998.3209,1,2,1,1,2,7.824789,142.6557,272.7185,14.18867,1.718406,1.286025,0.7378293,0.309067,2,1,252.4193,1.441707,190.8004,0.000128152,1,1,1,Attack
 30/12/2015 9:51:57 AM,2.536912,528.8132,2,2,1,220.1038,8.497373,325.9421,2.450646,2,1,1,1,2,1,2,19.97567,2.205169,991.2122,1,2,1,1,1,2,148.8032,150.5511,1.710313,998.3594,1,2,1,1,2,7.824789,142.6557,272.7185,14.18867,1.718406,1.291533,0.7378293,0.309067,2,1,252.5634,1.441707,190.8004,0.000128152,1,1,1,Attack
 30/12/2015 9:51:58 AM,2.579509,528.4207,2,2,1,220.1038,8.497373,325.9421,2.450646,2,1,1,1,2,1,2,19.97887,2.205169,991.6127,1,2,1,1,1,2,148.8032,150.5511,1.710313,998.5132,1,2,1,1,2,7.82575,142.8352,272.7185,14.18867,1.722251,1.292046,0.7378293,0.309067,2,1,252.5634,1.441707,190.8165,0.000128152,1,1,1,Attack
 30/12/2015 9:51:59 AM,2.610896,528.1851,2,2,1,220.1038,8.497373,325.9421,2.450646,2,1,1,1,2,1,2,19.97887,2.20376,991.4125,1,2,1,1,1,2,148.8032,150.5511,1.710313,998.5132,1,2,1,1,2,7.826391,142.8352,272.7185,14.18867,1.722251,1.292046,0.7378293,0.3084265,2,1,252.5634,1.441707,190.8966,0.000128152,1,1,1,Attack
 30/12/2015 9:52:00 AM,2.644205,527.9496,2,2,1,220.1038,8.497373,325.9421,2.451799,2,1,1,1,2,1,2,19.97887,2.203248,991.2923,1,2,1,1,1,2,148.8032,150.5511,1.711466,998.6285,1,2,1,1,2,7.826391,142.8352,272.7185,13.8426,1.722251,1.292046,0.7396217,0.3083624,2,1,252.5634,1.441707,190.9446,0.000128152,1,1,1,Attack
 30/12/2015 9:52:01 AM,2.658937,527.8711,2,2,1,220.1038,8.497373,325.9421,2.452312,2,1,1,1,2,1,2,19.96607,2.203248,991.4926,1,2,1,1,1,2,148.8032,150.5511,1.711466,998.7439,1,2,1,1,2,7.826391,142.8352,272.4301,13.8426,1.719687,1.28167,0.7396217,0.3083624,2,1,252.5634,1.441707,190.9446,0.000128152,1,1,1,Attack
 30/12/2015 9:52:02 AM,2.661179,528.1459,2,2,1,220.1038,8.496411,325.9421,2.453337,2,1,1,1,2,1,2,19.94366,2.203248,991.6929,1,2,1,1,1,2,148.8032,150.5511,1.711466,998.5516,1,2,1,1,2,7.826391,142.6045,272.3981,14.22712,1.719687,1.273985,0.7396217,0.3083624,2,1,252.5634,1.441707,190.9446,0.000128152,1,1,1,Attack
 30/12/2015 9:52:03 AM,2.644205,528.3813,2,2,1,220.1038,8.494168,325.9421,2.453337,2,1,1,1,2,1,2,19.97567,2.203248,991.7329,1,2,1,1,1,2,148.8032,150.5511,1.710954,998.6285,1,2,1,1,2,7.826391,142.6045,272.3981,14.22712,1.719687,1.264378,0.7396217,0.3083624,2,1,252.5634,1.441707,190.9446,0.000128152,1,1,1,Attack
 30/12/2015 9:52:04 AM,2.623707,528.7739,2,2,1,220.1038,8.492566,325.9421,2.453337,2,1,1,1,1,1,1,19.99488,2.202479,992.0133,1,2,1,1,1,2,148.8032,150.5511,1.709416,998.5516,1,2,1,1,2,7.826391,142.6045,272.3981,14.22712,1.718406,1.25554,0.7396217,0.3083624,2,1,252.5634,1.441707,190.9446,0.000128152,1,1,1,Attack
 30/12/2015 9:52:05 AM,2.614419,529.5197,2,2,1,220.1038,8.492566,325.9421,2.452312,2,1,1,1,1,1,1,19.99488,2.202479,992.0934,1,2,1,1,1,2,148.8032,150.5511,1.709416,998.667,1,2,1,1,2,7.826391,142.6045,272.3981,14.22712,1.717252,1.253234,0.7384694,0.3083624,2,1,252.5634,1.441707,190.9446,0.000128152,1,1,1,Attack
 30/12/2015 9:52:06 AM,2.606412,529.4412,2,2,1,220.1038,8.492566,325.9421,2.451799,2,1,1,1,1,1,1,19.95006,2.200942,992.1334,1,2,1,1,1,2,148.8032,150.5511,1.709416,998.667,1,2,1,1,2,7.826391,142.6045,272.3981,14.22712,1.717252,1.253234,0.7380853,0.3083624,2,1,252.5634,1.441707,190.8485,0.000128152,1,1,1,Attack
 30/12/2015 9:52:07 AM,2.583672,529.402,2,2,1,220.1038,8.492566,325.9421,2.451671,2,1,1,1,1,1,1,19.95006,2.200942,992.7343,1,2,1,1,1,2,148.8032,150.2692,1.709416,999.09,1,2,1,1,2,7.826391,142.7326,272.3981,14.22712,1.717252,1.246317,0.7380853,0.3083624,2,1,252.5634,1.441707,190.7844,0.000128152,1,1,1,Attack
 30/12/2015 9:52:08 AM,2.56958,529.2449,2,2,1,220.1038,8.492566,325.9421,2.451671,2,1,1,1,1,1,1,19.95006,2.200942,992.8945,1,2,1,1,1,2,148.8032,150.2692,1.710441,999.2053,1,2,1,1,2,7.826391,142.7326,272.3981,14.22712,1.718918,1.252338,0.7380853,0.3083624,2,1,252.5634,1.441707,190.7844,0.000128152,1,1,1,Attack
 30/12/2015 9:52:09 AM,2.553566,529.0094,2,2,1,220.1038,8.492566,325.9421,2.451671,2,1,1,1,1,1,1,19.98207,2.200942,993.2549,1,2,1,1,1,2,148.8032,150.2692,1.711466,999.1284,1,2,1,1,2,7.826391,142.7326,272.3981,14.22712,1.719687,1.254515,0.7380853,0.3083624,2,1,252.5634,1.441707,190.7844,0.000128152,1,1,1,Attack
 30/12/2015 9:52:10 AM,2.538833,528.6561,2,2,1,220.1038,8.492566,325.9421,2.453337,2,1,1,1,1,1,1,19.98848,2.200942,993.295,1,2,1,1,1,2,148.8032,150.2692,1.711466,999.436,1,2,1,1,2,7.826391,142.7326,272.3981,14.22712,1.719687,1.25554,0.7380853,0.3083624,2,1,252.5474,1.441707,190.7844,0.000128152,1,1,1,Attack
 30/12/2015 9:52:11 AM,2.518336,528.8132,2,2,1,220.1038,8.490964,325.8395,2.453337,2,1,1,1,1,1,1,19.98848,2.200942,993.6555,1,2,1,1,1,2,148.8032,150.2692,1.711466,999.5129,1,2,1,1,2,7.826391,142.7326,272.3981,14.22712,1.719687,1.260792,0.7380853,0.3083624,2,1,252.3872,1.441707,190.7844,0.000128152,1,1,1,Attack
 30/12/2015 9:52:12 AM,2.507126,528.8132,2,2,1,220.1038,8.489682,325.8395,2.453337,2,1,1,1,1,1,1,19.93406,2.202351,993.4953,1,2,1,1,1,2,148.8032,150.2692,1.711466,999.436,1,2,1,1,2,7.826391,142.7326,272.3981,14.22712,1.719687,1.25554,0.7380853,0.3083624,2,1,252.3872,1.441707,190.7844,0.000128152,1,1,1,Attack
 30/12/2015 9:52:13 AM,2.492393,529.1664,2,2,1,220.1038,8.489682,325.8395,2.453337,2,1,1,1,1,1,1,19.93406,2.203888,993.5353,1,2,1,1,1,2,148.8032,150.2692,1.711466,999.5129,1,2,1,1,2,7.826391,142.7326,272.3981,14.22712,1.719687,1.254643,0.7380853,0.3083624,2,1,252.3872,1.441707,190.7844,0.000128152,1,1,1,Attack
 30/12/2015 9:52:14 AM,2.47638,529.7552,2,2,1,220.1038,8.489682,325.8395,2.453337,2,1,1,1,1,1,1,19.93406,2.205426,993.9359,1,2,1,1,1,2,148.8032,150.2692,1.711466,999.3976,1,2,1,1,2,7.826391,142.7326,272.3981,14.22712,1.719687,1.259767,0.7380853,0.3083624,2,1,252.3872,1.441707,190.7844,0.000128152,1,1,1,Attack
 30/12/2015 9:52:15 AM,2.460366,530.1478,2,2,1,220.1038,8.489682,325.8395,2.453337,2,1,1,1,1,1,1,19.95967,2.205426,994.2964,1,2,1,1,1,2,148.8032,150.2692,1.711466,999.6667,1,2,1,1,2,7.826391,142.5788,272.0777,14.22712,1.718406,1.279621,0.7380853,0.3083624,2,1,252.3872,1.441707,190.7844,0.000128152,1,1,1,Attack
 30/12/2015 9:52:16 AM,2.448195,530.3832,2,2,1,220.1038,8.489682,325.8395,2.453337,2,1,1,1,1,1,1,19.99168,2.205426,994.2964,1,2,1,1,1,2,148.8032,150.2692,1.70916,999.859,1,2,1,1,2,7.826391,142.5788,272.0777,14.22712,1.718406,1.29781,0.7380853,0.3083624,2,1,252.3872,1.441707,190.7844,0.000128152,1,1,1,Attack
 30/12/2015 9:52:17 AM,2.436345,530.7758,2,2,1,220.1038,8.489682,325.8395,2.453337,2,1,1,1,1,1,1,19.99168,2.205426,994.4565,1,2,1,1,1,1,148.8032,150.2692,1.708775,1000.167,1,2,1,1,2,7.826391,142.5788,272.0777,14.22712,1.718406,1.30178,0.7380853,0.3083624,2,1,252.3872,1.441707,190.7844,0.000128152,1,1,1,Attack
 30/12/2015 9:52:18 AM,2.429619,530.501,2,2,1,220.1038,8.494489,325.8395,2.453337,2,1,1,1,1,1,1,19.60753,2.203632,994.4966,1,2,1,1,1,1,148.8032,150.2692,1.708775,1000.167,1,2,1,1,2,7.826391,142.5788,272.0777,14.22712,1.719175,1.302037,0.7380853,0.3083624,2,1,252.3872,1.441707,190.7844,0.000128152,1,1,1,Attack
 30/12/2015 9:52:19 AM,2.429619,530.1478,2,2,1,220.1038,8.494489,325.8395,2.453337,2,1,1,1,1,1,1,18.69198,2.203248,994.5367,1,0,1,1,1,1,148.8032,150.2692,1.707109,1000.474,1,2,1,1,2,7.826391,142.5788,272.0777,14.22712,1.719944,1.287306,0.7380853,0.3083624,2,1,252.3872,1.441707,190.7844,0.000128152,1,1,1,Attack
 30/12/2015 9:52:20 AM,2.463248,529.9907,2,2,1,220.1038,8.494489,325.8395,2.453337,2,1,1,1,1,1,1,16.87368,2.1488,993.8157,1,0,1,1,1,1,148.8032,150.2692,1.706853,1000.628,1,2,1,1,2,7.826391,142.5788,272.0777,13.95796,1.719944,1.282183,0.7380853,0.3083624,2,1,252.3872,1.441707,190.7844,0.000128152,1,1,1,Attack
 30/12/2015 9:52:21 AM,2.50008,529.7945,2,2,1,220.1038,8.494489,325.8395,2.453337,2,1,1,1,1,1,1,14.63922,2.023124,993.8958,1,0,1,1,1,1,148.8032,150.2692,1.706853,1000.859,1,2,1,1,2,7.826391,142.5788,272.0777,13.95796,1.719944,1.275266,0.7380853,0.3083624,2,1,252.3872,1.441707,190.7844,0.000128152,1,1,1,Attack
 30/12/2015 9:52:22 AM,2.50008,529.7945,2,2,1,220.1038,8.494489,325.8395,2.453337,2,1,1,1,1,1,1,14.63922,2.023124,993.8958,1,0,1,1,1,1,148.8032,150.2692,1.706853,1000.859,1,2,1,1,2,7.826391,142.5788,272.0777,13.95796,1.719944,1.275266,0.7380853,0.3083624,2,1,252.3872,1.441707,190.7844,0.000128152,1,1,1,Attack
 30/12/2015 9:52:23 AM,2.551965,529.8337,2,2,1,220.1038,8.494489,325.8395,2.453337,2,1,1,1,1,1,1,12.03982,1.784838,993.6956,1,0,1,1,1,1,148.8032,150.2692,1.708903,1000.59,1,2,1,1,2,7.826391,142.5788,272.0777,13.95796,1.719944,1.272576,0.7380853,0.3083624,2,1,252.3872,1.441707,190.7844,0.000128152,1,1,1,Attack
 30/12/2015 9:52:24 AM,2.582391,529.9515,2,2,1,220.1038,8.494489,325.8395,2.452952,2,1,1,1,1,1,1,9.757347,1.480831,993.4552,1,0,1,1,1,1,148.8032,150.3204,1.708903,1001.013,1,2,1,1,2,7.826391,142.5788,272.0777,13.95796,1.719046,1.288075,0.7380853,0.3083624,2,1,252.3872,1.441707,190.6082,0.000128152,1,1,1,Attack
 30/12/2015 9:52:25 AM,2.625949,530.03,2,2,1,220.1038,8.493848,325.8395,2.451286,2,1,1,1,1,1,1,7.702157,1.130064,993.0146,1,0,1,1,1,1,148.8032,150.3204,1.708903,1000.974,1,2,1,1,2,7.826391,142.5788,272.0777,14.15022,1.717637,1.298578,0.7385975,0.3083624,2,1,252.3872,1.441707,190.5281,0.000128152,1,1,1,Attack
 30/12/2015 9:52:26 AM,2.653813,529.9515,2,2,1,220.1038,8.493848,325.8395,2.451286,2,1,1,1,1,1,1,6.101543,0.7640521,993.1348,1,0,1,1,1,1,148.8032,150.3204,1.708903,1001.128,1,2,1,1,2,7.826391,142.5788,272.0777,14.15022,1.717637,1.295888,0.7385975,0.3083624,2,1,252.1469,1.441707,190.3679,0.000128152,1,1,1,Attack
 30/12/2015 9:52:27 AM,2.67399,529.9907,2,2,1,220.1038,8.493848,325.8395,2.451286,2,1,1,1,1,1,1,4.856265,0.4795183,992.9345,1,1,1,1,1,1,148.8032,150.3204,1.708519,1000.936,1,2,1,1,2,7.826391,142.5788,272.0777,14.15022,1.715073,1.299219,0.7385975,0.3083624,2,1,252.0027,1.441707,190.3679,0.000128152,1,1,1,Attack
 30/12/2015 9:52:28 AM,2.67399,529.5982,2,2,1,220.1038,8.493848,325.8395,2.451286,2,1,1,1,1,1,1,3.819067,0.2858149,992.9345,1,1,1,1,1,1,148.8032,150.3204,1.706468,1001.128,1,2,1,1,2,7.826391,142.5788,272.0777,14.15022,1.715073,1.284232,0.7385975,0.3083624,2,1,252.0027,1.441707,190.3679,0.000128152,1,1,1,Attack
 30/12/2015 9:52:29 AM,2.652211,529.4412,2,2,1,220.1038,8.492887,325.8395,2.450774,2,1,1,1,1,1,1,3.214034,0.1646222,993.2149,1,1,1,1,1,1,148.8032,150.3204,1.706468,1000.82,1,2,1,1,2,7.82575,142.5788,272.0777,14.15022,1.715073,1.271423,0.7385975,0.3083624,2,1,252.0027,1.441707,190.3679,0.000128152,1,1,1,Attack
 30/12/2015 9:52:30 AM,2.628511,529.3234,2,2,1,220.1038,8.492887,325.8395,2.450133,2,1,1,1,1,1,1,2.692234,0.09147102,993.295,1,1,1,1,1,1,148.8032,150.3204,1.706468,1001.013,1,2,1,1,2,7.82575,142.5788,272.0777,14.15022,1.715073,1.26425,0.7383414,0.3083624,2,1,252.0027,1.441707,190.3679,0.000128152,1,1,1,Attack
 30/12/2015 9:52:31 AM,2.617622,529.2057,2,2,1,220.1038,8.492887,325.8395,2.449364,2,1,1,1,1,1,1,2.24086,0.04663229,993.6956,1,1,1,1,1,1,148.8032,150.423,1.706468,1001.166,1,2,1,1,2,7.82575,142.5788,271.9495,14.15022,1.715073,1.261304,0.7383414,0.3099638,2,1,252.0027,1.441707,190.5441,0.000128152,1,1,1,Attack
 30/12/2015 9:52:32 AM,2.6157,529.402,2,2,1,220.1038,8.492887,325.8395,2.450774,2,1,1,1,1,1,1,2.157629,0.02216315,993.4552,1,1,1,1,1,1,148.8032,150.423,1.706468,1001.359,1,2,1,1,2,7.82575,142.5788,271.7572,14.15022,1.718021,1.255284,0.7383414,0.3089389,2,1,252.1629,1.441707,190.5441,0.000128152,1,1,1,Attack
 30/12/2015 9:52:33 AM,2.601928,529.4412,2,2,1,220.1038,8.492887,325.8395,2.452312,2,1,1,1,1,1,1,2.122415,0.00192166,993.9359,1,1,1,1,1,1,148.8032,150.423,1.708519,1001.013,1,2,1,1,2,7.82575,142.5788,271.7572,14.15022,1.718021,1.254515,0.7368051,0.3084905,2,1,252.1629,1.441707,190.5441,0.000128152,1,1,1,Attack
 30/12/2015 9:52:34 AM,2.582711,529.6375,2,2,1,220.1038,8.492887,325.8395,2.452312,2,1,1,1,1,1,1,2.080799,0,994.1362,1,1,1,1,1,1,148.8032,150.423,1.708519,1001.128,1,2,1,1,2,7.82575,142.5788,271.7572,14.15022,1.718021,1.268861,0.7359089,0.3084905,2,1,252.1629,1.441707,190.5441,0.000128152,1,1,1,Attack
 30/12/2015 9:52:35 AM,2.565096,529.7159,2,2,1,220.1038,8.492887,325.8395,2.449877,2,1,1,1,1,1,1,2.045585,0,994.6168,1,1,1,1,1,1,148.8032,150.423,1.708519,1000.974,1,2,1,1,2,7.82575,142.5788,271.7572,14.15022,1.718021,1.271423,0.7359089,0.3084905,2,1,252.1629,1.441707,190.5601,0.000128152,1,1,1,Attack
 30/12/2015 9:52:36 AM,2.548762,529.9515,2,2,1,220.1038,8.492887,325.7883,2.449877,2,1,1,1,1,1,1,2.035982,0,995.2977,1,1,1,1,1,1,148.8032,150.423,1.708519,1001.128,1,2,1,1,2,7.82575,142.5788,271.7572,14.15022,1.718021,1.272576,0.7359089,0.3084905,2,1,252.1629,1.441707,190.5601,0.000128152,1,1,1,Attack
 30/12/2015 9:52:37 AM,2.535631,530.3832,2,2,1,220.1038,8.492887,325.737,2.451799,2,1,1,1,1,1,1,2.035982,0,995.8184,1,1,1,1,1,1,148.8032,150.423,1.708519,1000.936,1,2,1,1,2,7.82575,142.5788,271.7572,14.15022,1.718021,1.272576,0.7380853,0.3084905,2,1,252.3391,1.441707,190.7043,0.000128152,1,1,1,Attack
 30/12/2015 9:52:38 AM,2.513532,530.4225,2,2,1,220.1038,8.492887,325.737,2.453209,2,1,1,1,1,1,1,2.035982,0,996.6996,1,1,1,1,1,1,148.8032,150.423,1.708519,1001.32,1,2,1,1,2,7.82575,142.6814,271.7572,14.15022,1.718021,1.262073,0.7380853,0.3084905,2,1,252.4353,1.441707,190.7363,0.000128152,1,1,1,Attack
 30/12/2015 9:52:39 AM,2.5004,530.1085,2,2,1,220.1038,8.492887,325.737,2.453978,2,1,1,1,1,1,1,2.035982,0,997.4606,1,1,1,1,1,1,148.8032,150.423,1.708519,1000.82,1,2,1,1,2,7.82575,142.6814,271.7572,14.15022,1.718021,1.261048,0.7380853,0.3084905,2,1,252.4353,1.441707,190.7363,0.000128152,1,1,1,Attack
 30/12/2015 9:52:40 AM,2.485027,529.7159,2,2,1,220.1038,8.492887,325.737,2.453978,2,1,1,1,1,1,1,2.035982,0,998.2216,1,1,1,1,1,1,148.8032,150.423,1.708519,1000.397,1,2,1,1,2,7.82575,142.6814,271.7572,14.15022,1.718021,1.26425,0.7380853,0.3084905,2,1,252.3552,1.441707,190.7363,0.000128152,1,1,1,Attack
 30/12/2015 9:52:41 AM,2.471896,529.1272,2,2,1,220.1038,8.496411,325.737,2.453849,2,1,1,1,1,1,1,2.035982,0,998.1415,1,1,1,1,1,1,148.8032,150.3204,1.708519,1000.205,1,2,1,1,2,7.82575,142.6814,271.7572,14.15022,1.717765,1.269758,0.7380853,0.3084905,2,1,252.1949,1.441707,190.7043,0.000128152,1,1,1,Attack
 30/12/2015 9:52:42 AM,2.461967,528.7739,2,2,1,220.1038,8.496411,325.737,2.453337,2,1,1,1,1,1,1,2.096805,0,998.6222,1,1,1,1,1,1,148.8032,150.2948,1.708519,1000.013,1,2,1,1,2,7.82575,142.6814,271.7572,14.15022,1.715714,1.262457,0.7380853,0.3107325,2,1,252.0828,1.505783,190.5441,0.000128152,1,1,1,Attack
 30/12/2015 9:52:43 AM,2.448195,528.6561,2,2,1,220.1038,8.496411,325.737,2.452696,2,1,1,1,1,1,1,2.096805,0,999.0627,1,1,1,1,1,1,148.8032,150.2948,1.708519,999.6283,1,2,1,1,2,7.82575,142.6814,271.7572,14.15022,1.715714,1.262329,0.7380853,0.3107325,2,1,252.0027,1.505783,190.48,0.000128152,1,1,1,Attack
 30/12/2015 9:52:44 AM,2.428658,528.2636,2,2,1,220.1038,8.496411,325.737,2.452696,2,1,1,1,1,1,1,2.080799,0,999.8238,1,1,1,1,1,1,148.8032,150.2948,1.708519,999.3976,1,2,1,1,2,7.82575,142.5532,271.7572,14.15022,1.715714,1.271551,0.7380853,0.3107325,2,1,252.0027,1.505783,190.48,0.000128152,1,1,1,Attack
 30/12/2015 9:52:45 AM,2.427377,527.7534,2,2,1,220.1038,8.496411,325.737,2.451415,2,1,1,1,1,1,1,2.080799,0,999.9039,1,1,1,1,1,1,148.8032,150.2948,1.708519,999.09,1,2,1,1,2,7.82575,142.5532,271.7572,14.15022,1.715714,1.276419,0.7380853,0.3107325,2,1,252.0027,1.505783,190.48,0.000128152,1,1,1,Attack
 30/12/2015 9:52:46 AM,2.423213,527.5963,2,1,1,220.1038,8.496411,325.737,2.451415,2,1,1,1,1,1,1,2.067994,0,1000.745,1,1,1,1,1,1,148.8032,150.5511,1.708519,998.244,1,2,1,1,2,7.82575,142.5532,271.7572,14.15022,1.715714,1.286794,0.7380853,0.3086186,2,1,252.0027,1.441707,190.48,0.000128152,1,1,1,Attack
 30/12/2015 9:52:47 AM,2.448836,527.4786,2,1,1,220.1038,8.496411,325.737,2.451415,0,1,1,1,1,1,1,2.067994,0,1001.306,1,1,1,1,1,1,148.8032,150.5511,1.708519,997.9749,1,2,1,1,2,7.82575,142.5532,271.7572,14.15022,1.716996,1.291149,0.7380853,0.3083624,2,1,252.243,1.409669,190.6242,0.000128152,1,1,1,Attack
 30/12/2015 9:52:48 AM,2.508728,527.8318,2,1,1,220.1038,8.496411,325.7883,2.386698,0,1,1,1,1,1,1,2.067994,0,1002.668,1,1,1,1,1,1,148.8032,150.5511,1.708519,996.7444,1,2,1,1,2,7.82575,142.5532,271.7572,14.15022,1.716996,1.286025,0.7380853,0.3083624,2,1,252.2751,1.361612,190.7043,0.000128152,1,1,1,Attack
 30/12/2015 9:52:49 AM,2.541716,527.7926,2,1,1,220.1038,8.497052,325.7883,2.188319,0,1,1,1,1,1,1,2.067994,0,1003.308,1,1,1,1,1,1,148.8032,150.5255,1.708519,996.2061,1,2,1,1,2,7.82575,142.5532,271.7572,14.15022,1.71738,1.284104,0.7380853,0.3083624,2,1,252.3872,1.361612,190.7043,0.000128152,1,1,1,Attack
 30/12/2015 9:52:50 AM,2.582391,527.8711,2,1,1,220.1038,8.497052,325.7883,1.92266,0,1,1,1,1,1,1,2.067994,0,1003.629,1,1,1,1,1,1,148.8032,150.3461,1.708519,996.0139,1,2,1,1,2,7.82575,142.5532,271.7572,14.15022,1.718406,1.272576,0.7380853,0.3083624,2,1,252.3872,1.361612,190.7043,0.000128152,1,1,1,Attack
 30/12/2015 9:52:51 AM,2.619223,527.8711,2,1,1,220.1038,8.497052,325.7883,1.554865,0,1,1,1,1,1,1,2.067994,0,1004.51,1,1,1,1,1,1,148.8032,150.3204,1.708519,995.2833,1,2,1,1,2,7.82575,142.5532,271.7572,14.15022,1.718406,1.27834,0.7380853,0.3083624,2,1,252.3872,1.361612,190.8485,0.000128152,1,1,1,Attack
 30/12/2015 9:52:52 AM,2.642603,528.2636,2,1,1,220.1038,8.497052,325.7883,1.154775,0,1,1,1,1,1,1,2.074397,0,1004.911,1,1,1,1,1,1,148.8032,150.3204,1.708519,995.2833,1,2,1,1,2,7.82575,142.5532,271.7572,14.15022,1.719046,1.28167,0.7380853,0.3083624,2,1,252.3872,1.361612,190.8485,0.000128152,1,1,1,Attack
 30/12/2015 9:52:53 AM,2.652532,528.5384,2,1,1,220.1038,8.497052,325.7883,0.7739083,0,1,1,1,1,1,1,2.074397,0,1005.752,1,1,1,1,1,1,148.8032,150.3204,1.710698,994.5911,1,2,1,1,2,7.82575,142.5532,271.7572,14.15022,1.719046,1.28167,0.7380853,0.3083624,2,1,252.3872,1.457726,190.8485,0.000128152,1,1,1,Attack
 30/12/2015 9:52:54 AM,2.652532,528.6561,2,1,1,220.1038,8.497052,325.7883,0.4646782,1,1,1,1,1,1,1,2.074397,0,1006.032,1,1,1,1,1,1,148.8032,150.3204,1.710698,994.5142,1,2,1,1,2,7.82575,142.5532,271.7572,14.15022,1.719046,1.28167,0.7380853,0.3083624,2,1,252.3872,1.457726,190.8485,0.000128152,1,1,1,Attack
 30/12/2015 9:52:55 AM,2.635237,529.0094,2,1,1,219.9436,8.497052,325.7883,0.2707846,1,1,1,1,1,1,1,2.074397,0,1006.913,1,1,1,1,1,1,148.8032,150.4486,1.710698,994.0143,1,2,1,1,2,7.82575,142.5532,271.7572,14.15022,1.719046,1.271423,0.7380853,0.3086186,2,1,252.3872,1.505783,190.8485,0.000128152,1,1,1,Attack
 30/12/2015 9:52:56 AM,2.624988,529.559,2,1,1,219.9436,8.497052,325.7883,0.1544228,1,1,1,1,1,1,1,2.074397,0,1007.033,1,1,1,1,1,1,148.8032,150.4486,1.710698,994.1297,1,2,1,1,2,7.82575,142.5532,271.7572,14.15022,1.718277,1.262329,0.7380853,0.3086186,2,1,252.3872,1.505783,190.6883,0.000128152,1,1,1,Attack
 30/12/2015 9:52:57 AM,2.624988,529.7159,2,1,1,219.9436,8.497052,325.1474,0.08727133,1,1,1,1,1,1,1,2.074397,0,1007.474,1,1,1,1,1,1,148.8032,150.4486,1.712107,993.899,1,2,1,1,2,7.82575,142.5532,271.7572,14.15022,1.718021,1.261048,0.7380853,0.3086186,2,1,252.3872,1.505783,190.6883,0.000128152,1,1,1,Attack
 30/12/2015 9:52:58 AM,2.608974,530.1478,2,1,1,219.9436,8.503781,324.8141,0.04344344,1,1,1,1,1,1,1,2.074397,0,1007.835,1,1,1,1,1,1,148.8032,150.4486,1.712107,993.7067,1,2,1,1,2,7.82575,142.5532,271.7572,14.15022,1.718021,1.261048,0.7380853,0.3091311,2,1,252.3872,1.505783,190.6883,0.000128152,1,1,1,Attack
 30/12/2015 9:52:59 AM,2.596163,530.6188,2,1,1,219.9436,8.503781,324.3271,0.0225547,1,1,1,1,1,1,1,2.074397,0,1008.155,1,1,1,1,1,1,148.8032,150.4486,1.711338,993.6298,1,2,1,1,2,7.82575,142.5532,271.7572,14.15022,1.718021,1.271423,0.7380853,0.3091311,2,1,252.3872,1.505783,190.6883,0.000128152,1,1,1,Attack
 30/12/2015 9:53:00 AM,2.572463,531.1291,2,1,1,219.9436,8.503781,323.635,0.001794124,1,1,1,1,1,1,1,2.074397,0,1008.275,1,1,1,1,1,1,148.8032,150.4486,1.707237,993.2838,1,2,1,1,2,7.82575,142.5532,271.7572,14.15022,1.718021,1.275906,0.7380853,0.3083624,2,1,252.3872,1.505783,190.6883,0.000128152,1,1,1,Attack
 30/12/2015 9:53:01 AM,2.555488,531.6001,2,1,1,219.9436,8.51019,323.0966,0.000384455,1,1,1,1,1,1,1,2.100006,0.000384332,1008.315,1,1,1,1,1,1,148.8032,150.4486,1.706981,992.6685,1,2,1,1,2,7.82575,142.5532,271.7572,14.15022,1.718021,1.28167,0.7380853,0.3082983,2,1,252.3872,1.505783,190.6883,0.000128152,1,1,1,Attack
 30/12/2015 9:53:02 AM,2.530827,532.3459,2,1,1,219.9436,8.512113,322.3789,0.000384455,1,1,1,1,1,1,1,2.100006,0.000384332,1008.515,1,1,1,1,1,1,148.8032,150.4486,1.706468,992.1302,1,2,1,1,2,7.82575,142.5532,271.7572,14.15022,1.718021,1.281927,0.7380853,0.3082983,2,1,252.3872,1.505783,190.6883,0.000128152,1,1,1,Attack
 30/12/2015 9:53:03 AM,2.516094,532.9347,2,1,1,219.9436,8.515637,321.738,0.000384455,1,1,1,1,1,1,1,2.090403,0.000384332,1008.515,1,1,1,1,1,1,148.8032,150.4486,1.706468,991.7457,1,2,1,1,2,7.82575,142.5532,271.7572,14.15022,1.718021,1.281927,0.7380853,0.3082983,2,1,252.3872,1.505783,190.6883,0.000128152,1,1,1,Attack
 30/12/2015 9:53:04 AM,2.48823,533.759,2,1,1,220.1038,8.520123,320.8921,0.000384455,1,1,1,1,1,1,1,2.074397,0.000384332,1008.435,1,1,1,1,1,1,148.8032,150.4486,1.706468,991.2074,1,2,1,1,2,7.82575,142.5532,271.7572,14.15022,1.718021,1.281927,0.7380853,0.3082983,2,1,252.3872,1.505783,190.6883,0.000128152,1,1,1,Attack
 30/12/2015 9:53:05 AM,2.477981,534.5048,2,1,1,220.232,8.526852,320.2,0.000384455,1,1,1,1,1,1,1,2.074397,0,1008.876,1,1,1,1,1,1,148.8032,150.4486,1.706468,991.1689,1,2,1,1,2,7.82575,142.5532,271.7572,14.15022,1.718021,1.270014,0.7380853,0.3082983,2,1,252.3071,1.505783,190.6883,0.000128152,1,1,1,Attack
 30/12/2015 9:53:06 AM,2.461647,535.0936,2,1,1,220.232,8.526852,319.5847,0.000384455,1,1,1,1,1,1,1,2.074397,0,1008.716,1,1,1,1,1,1,148.8032,150.4486,1.706468,990.7844,1,2,1,1,2,7.82575,142.5532,271.7572,14.15022,1.718021,1.270014,0.7380853,0.3082983,2,1,252.1148,1.505783,190.6883,0.000128152,1,1,1,Attack
 30/12/2015 9:53:07 AM,2.451398,535.6431,2,1,1,220.232,8.530697,319.4309,0,1,1,1,1,1,1,1,2.084,0,1008.756,1,1,1,1,1,1,148.8032,150.4486,1.707878,990.5537,1,2,1,1,2,7.82575,142.5532,271.6611,14.15022,1.718021,1.25823,0.7380853,0.3082983,2,1,252.1148,1.505783,190.6883,0.000128152,1,1,1,Attack
 30/12/2015 9:53:08 AM,2.437946,536.0749,2,1,1,220.232,8.53294,319.1746,0,1,1,1,1,1,1,1,2.084,0,1008.836,1,1,1,1,1,1,148.8032,150.4486,1.708775,990.2461,1,2,1,1,2,7.82575,142.5532,271.6611,14.15022,1.718021,1.253875,0.7380853,0.3083624,2,1,252.1148,1.505783,190.6082,0.000128152,1,1,1,Attack
 30/12/2015 9:53:09 AM,2.428979,536.8992,2,1,1,219.9756,8.535183,318.7644,0,1,1,1,1,1,1,1,2.084,0,1008.275,1,1,1,1,1,1,148.8032,150.4486,1.708775,989.5924,1,2,1,1,2,7.82575,142.5532,271.6611,14.15022,1.718021,1.261944,0.7380853,0.3083624,2,1,252.1148,1.505783,190.6082,0.000128152,1,1,1,Attack
 30/12/2015 9:53:10 AM,2.423213,537.2917,2,1,1,219.9756,8.539989,318.1748,0,1,1,1,1,1,1,1,2.084,0,1008.475,1,1,1,1,1,1,148.8032,150.4486,1.708775,989.3232,1,2,1,1,2,7.82575,142.5532,271.6611,14.15022,1.718021,1.25887,0.7380853,0.3083624,2,1,252.1148,1.505783,190.6082,0.000128152,1,1,1,Attack
 30/12/2015 9:53:11 AM,2.423213,537.7628,2,1,1,219.9756,8.541912,317.8672,0,1,1,1,1,1,1,1,2.084,0,1008.315,1,1,1,1,1,1,148.8032,150.4486,1.708775,988.8234,1,2,1,1,2,7.82575,142.3481,271.6611,14.15022,1.718021,1.270142,0.7360369,0.3083624,2,1,252.1148,1.505783,190.6082,0.000128152,1,1,1,Attack
 30/12/2015 9:53:12 AM,2.446274,538.7441,2,1,1,219.9756,8.548641,317.3802,0,1,1,1,1,1,1,1,2.084,0,1008.435,1,1,1,1,1,1,148.8032,150.4486,1.708775,988.9387,1,2,1,1,2,7.82575,142.3481,271.6611,14.15022,1.718021,1.280261,0.7355248,0.3083624,2,1,252.3071,1.505783,190.6082,0.000128152,1,1,1,Attack
 30/12/2015 9:53:13 AM,2.495596,539.6469,2,1,1,219.9756,8.548641,317.0982,0,1,1,1,1,1,1,1,2.084,0,1008.556,1,1,1,1,1,1,148.8032,150.4486,1.709544,988.7465,1,2,1,1,2,7.82575,142.3481,271.6611,14.15022,1.718021,1.276034,0.7353967,0.3083624,2,1,252.3071,1.505783,190.6082,0.000128152,1,1,1,Attack
 30/12/2015 9:53:14 AM,2.544919,540.1572,2,1,1,219.9756,8.551525,316.7649,0,1,1,1,1,1,1,1,2.084,0,1008.876,1,1,1,1,1,1,148.8032,150.4486,1.710057,988.9003,1,2,1,1,2,7.82575,142.3481,271.6611,14.15022,1.718021,1.282951,0.7353967,0.3083624,2,1,252.3071,1.441707,190.6082,0.000128152,1,1,1,Attack
 30/12/2015 9:53:15 AM,2.590398,540.5497,2,1,1,219.9756,8.55537,316.5342,0,1,1,1,1,1,1,1,2.084,0,1009.116,1,1,1,1,1,1,148.8032,150.4486,1.711723,988.5542,1,2,1,1,2,7.82575,142.3481,271.6611,14.15022,1.718021,1.282951,0.7353967,0.3083624,2,1,252.3071,1.441707,190.7043,0.000128152,1,1,1,Attack
 30/12/2015 9:53:16 AM,2.590398,540.5497,2,1,1,219.9756,8.55537,316.5342,0,1,1,1,1,1,1,1,2.084,0,1009.116,1,1,1,1,1,1,148.8032,150.4486,1.711723,988.5542,1,2,1,1,2,7.82575,142.3481,271.6611,14.15022,1.718021,1.282951,0.7353967,0.3083624,2,1,252.3071,1.441707,190.7043,0.000128152,1,1,1,Attack
 30/12/2015 9:53:17 AM,2.622426,541.3348,2,1,1,220.232,8.556652,316.2522,0,1,1,1,1,1,1,1,2.084,0,1009.276,1,1,1,1,1,1,148.8032,150.4486,1.711723,988.4773,1,2,1,1,2,7.82575,142.3481,271.6611,14.15022,1.718021,1.282951,0.7353967,0.3083624,2,1,252.3071,1.441707,190.7043,0.000128152,1,1,1,Attack
 30/12/2015 9:53:18 AM,2.657976,541.8058,2,1,1,220.232,8.557934,315.9446,0,1,1,1,1,1,1,1,2.084,0,1009.437,1,1,1,1,1,1,148.8032,150.4486,1.711723,988.0159,1,2,1,1,2,7.82575,142.3481,271.6611,13.99641,1.718021,1.297554,0.7353967,0.3093233,2,1,252.3071,1.441707,190.7043,0.000128152,1,1,1,Attack
 30/12/2015 9:53:19 AM,2.676553,542.6694,2,1,1,220.232,8.561459,315.9446,0,1,1,1,1,1,1,1,2.084,0,1008.956,1,1,1,1,1,1,148.8032,150.4486,1.711082,988.2466,1,2,1,1,2,7.82575,142.3481,271.6611,13.99641,1.718662,1.302293,0.7353967,0.3102841,2,1,252.3071,1.441707,190.7043,0.000128152,1,1,1,Attack
 30/12/2015 9:53:20 AM,2.676553,542.7086,2,1,1,220.232,8.561459,315.8165,0,1,1,1,1,1,1,1,2.084,0,1009.517,1,1,1,1,1,1,148.8032,150.4486,1.70916,987.8236,1,2,1,1,2,7.82575,142.3481,271.6611,13.99641,1.718662,1.304214,0.7357808,0.3102841,2,1,252.3552,1.441707,190.7043,0.000128152,1,1,1,Attack
 30/12/2015 9:53:21 AM,2.67335,543.4937,2,1,1,220.232,8.561779,315.5089,0,1,1,1,1,1,1,1,2.084,0,1009.477,1,1,1,1,1,1,148.8032,150.4486,1.70916,987.5544,1,2,1,1,2,7.82575,142.3481,271.6611,13.99641,1.719815,1.31254,0.7380853,0.3089389,2,1,252.3552,1.441707,190.7043,0.000128152,1,1,1,Attack
 30/12/2015 9:53:22 AM,2.6394,543.9255,2,1,1,220.232,8.564663,315.2269,0,1,1,1,1,1,1,1,2.084,0,1009.717,1,1,1,1,1,1,148.8032,150.4486,1.708134,987.2469,1,2,1,1,2,7.82575,142.2199,271.3727,13.99641,1.719815,1.31254,0.7383414,0.3084265,2,1,252.3552,1.505783,190.7043,0.000128152,1,1,1,Attack
 30/12/2015 9:53:23 AM,2.637158,544.475,2,1,1,220.232,8.564663,315.2012,0,1,1,1,1,1,1,1,2.084,0,1009.757,1,1,1,1,1,1,148.8032,150.4486,1.708134,986.6701,1,2,1,1,2,7.82575,142.2199,271.3727,14.03486,1.719815,1.296273,0.7383414,0.3084265,2,1,252.243,1.505783,190.7043,0.000128152,1,1,1,Attack
 30/12/2015 9:53:24 AM,2.634917,545.0245,2,1,1,220.232,8.564663,314.8167,0,1,1,1,1,1,1,1,2.084,0,1009.877,1,1,1,1,1,1,148.8032,150.4486,1.708134,986.2856,1,2,1,1,2,7.82575,142.2199,271.3727,14.03486,1.719815,1.277059,0.7383414,0.3084265,2,1,252.243,1.505783,190.7043,0.000128152,1,1,1,Attack
 30/12/2015 9:53:25 AM,2.622105,545.8881,2,1,1,220.232,8.568188,314.7911,0,1,1,1,1,1,1,1,2.084,0,1009.557,1,1,1,1,1,1,148.8032,150.4486,1.708134,985.7088,1,2,1,1,2,7.82575,142.2199,271.3727,14.03486,1.718021,1.272064,0.7383414,0.3084265,2,1,252.1629,1.505783,190.7043,0.000128152,1,1,1,Attack
 30/12/2015 9:53:26 AM,2.591359,546.2806,2,1,1,220.232,8.568829,314.6116,0,1,1,1,1,1,1,1,2.084,0,1010.078,1,1,1,1,1,1,148.8032,150.4486,1.708134,985.4396,1,2,1,1,2,7.82575,142.2199,271.3727,14.03486,1.718021,1.271935,0.7398778,0.3084265,2,1,252.1629,1.505783,190.6082,0.000128152,1,1,1,Attack
 30/12/2015 9:53:27 AM,2.568939,546.6339,2,1,1,220.232,8.570431,314.304,0,1,1,1,1,1,1,1,2.084,0,1009.917,1,1,1,1,1,1,148.8032,150.4486,1.710057,985.3243,1,2,1,1,2,7.82575,142.2199,271.3727,14.03486,1.716611,1.27834,0.7398778,0.3084265,2,1,252.1629,1.505783,190.5281,0.000128152,1,1,1,Attack
 30/12/2015 9:53:28 AM,2.549723,546.8694,2,1,1,220.232,8.570431,314.2015,0,1,1,1,1,1,1,1,2.084,0,1010.238,1,1,1,1,1,1,148.8032,150.4486,1.710313,984.9398,1,2,1,1,2,7.82575,142.2199,271.3727,14.03486,1.716611,1.27232,0.7398778,0.3084265,2,1,252.1629,1.505783,190.5281,0.000128152,1,1,1,Attack
 30/12/2015 9:53:29 AM,2.540115,546.7909,2,1,1,220.232,8.570431,314.2015,0,1,1,1,1,1,1,1,2.084,0,1010.118,1,1,1,1,1,1,148.8032,150.4486,1.710313,984.4399,1,2,1,1,2,7.82575,142.2199,271.3727,14.03486,1.716611,1.271551,0.7378293,0.3084265,2,1,252.1629,1.505783,190.5281,0.000128152,1,1,1,Attack
 30/12/2015 9:53:30 AM,2.520898,547.0657,2,1,1,220.232,8.570431,314.2015,0,1,1,1,1,1,1,1,2.084,0,1010.478,1,1,1,1,1,1,148.8032,150.4486,1.710313,984.363,1,2,1,1,2,7.82575,142.2199,271.6291,14.03486,1.716611,1.264634,0.7378293,0.3084265,2,1,252.1629,1.505783,190.5281,0.000128152,1,1,1,Attack
 30/12/2015 9:53:31 AM,2.508407,546.9087,2,1,1,220.232,8.572994,314.2015,0,1,1,1,1,1,1,1,2.084,0,1010.718,1,1,1,1,1,1,148.8032,150.4486,1.710313,983.6324,1,2,1,1,2,7.82575,142.2199,271.6291,14.03486,1.716611,1.262585,0.7378293,0.3084265,2,1,252.1629,1.505783,190.6562,0.000128152,1,1,1,Attack
 30/12/2015 9:53:32 AM,2.48823,546.6339,2,1,1,220.232,8.572994,314.0733,0,1,1,1,1,1,1,1,2.084,0,1010.318,1,1,1,1,1,1,148.8032,150.4486,1.710313,983.1325,1,2,1,1,2,7.82575,142.3481,271.6291,14.03486,1.716611,1.280902,0.7378293,0.3084265,2,1,252.1789,1.505783,190.6562,0.000128152,1,1,1,Attack
 30/12/2015 9:53:33 AM,2.475419,546.4376,2,1,1,220.232,8.575878,313.9451,0,1,1,1,1,1,1,1,2.084,0,1010.879,1,1,1,1,1,1,148.8032,150.4486,1.710954,982.8249,1,2,1,1,2,7.82575,142.3481,271.6291,14.03486,1.716611,1.292046,0.7378293,0.3084265,2,1,252.259,1.505783,190.6562,0.000128152,1,1,1,Attack
 30/12/2015 9:53:34 AM,2.456843,546.3984,2,1,1,220.232,8.575878,313.6888,0,1,1,1,1,1,1,1,2.084,0,1010.718,1,1,1,1,1,1,148.8032,150.4486,1.711082,982.6326,1,2,1,1,2,7.82575,142.3481,271.4688,14.03486,1.717893,1.292046,0.7378293,0.3084265,2,1,252.3071,1.505783,190.6562,0.000128152,1,1,1,Attack
 30/12/2015 9:53:35 AM,2.446594,547.0264,2,1,1,220.232,8.575878,313.6888,0,1,1,1,1,1,1,1,2.084,0,1011.039,1,1,1,1,1,1,148.8032,150.4486,1.711082,982.1713,1,2,1,1,2,7.82575,142.3481,271.4688,14.22712,1.718918,1.288587,0.7378293,0.3084265,2,1,252.3071,1.505783,190.6562,0.000128152,1,1,1,Attack
 30/12/2015 9:53:36 AM,2.436345,547.7722,2,1,1,220.232,8.575878,313.6375,0,1,1,1,1,1,1,1,2.084,0,1011.079,1,1,1,1,1,1,148.8032,150.4486,1.711082,982.0559,1,2,1,1,2,7.82575,142.3481,271.4688,14.22712,1.718918,1.27232,0.7378293,0.3084265,2,1,252.3071,1.505783,190.6562,0.000128152,1,1,1,Attack
 30/12/2015 9:53:37 AM,2.435384,548.4003,2,1,1,220.232,8.580364,313.535,0,1,1,1,1,1,1,1,2.084,0,1011.079,1,1,1,1,1,1,148.8032,150.4486,1.711082,981.7867,1,2,1,1,2,7.82575,142.3481,271.4688,14.18867,1.719046,1.271039,0.7378293,0.3084265,2,1,252.3071,1.505783,190.6562,0.000128152,1,1,1,Attack
 30/12/2015 9:53:38 AM,2.435384,549.3816,2,1,1,220.232,8.580364,313.3299,0,1,1,1,1,1,1,1,2.084,0,1011.039,1,1,1,1,1,1,148.8032,150.4486,1.711082,981.8636,1,2,1,1,2,7.82575,142.3481,271.4688,14.07331,1.719046,1.271039,0.7377012,0.3084265,2,1,252.3071,1.441707,190.6562,0.000128152,1,1,1,Attack
 30/12/2015 9:53:39 AM,2.469974,549.7349,2,1,1,220.232,8.580364,313.3299,0,1,1,1,1,1,1,1,2.084,0,1011.039,1,1,1,1,1,1,148.8032,150.4486,1.711082,981.5176,1,2,1,1,2,7.82575,142.3481,271.4688,14.07331,1.719046,1.279621,0.7377012,0.3084265,2,1,252.3071,1.441707,190.6562,0.000128152,1,1,1,Attack
 30/12/2015 9:53:40 AM,2.519937,550.0489,2,1,1,220.232,8.580364,313.3299,0,1,1,1,1,1,1,1,2.084,0,1011.159,1,1,1,1,1,1,148.8032,150.3204,1.711082,981.1331,1,2,1,1,2,7.82575,142.3994,271.4688,14.07331,1.719046,1.28167,0.7377012,0.3084265,2,1,252.3071,1.441707,190.6562,0.000128152,1,1,1,Attack
 30/12/2015 9:53:41 AM,2.553246,550.7554,2,1,1,220.232,8.580364,313.3299,0,1,1,1,1,1,1,1,2.084,0,1011.56,1,1,1,1,1,1,148.8032,150.3204,1.711082,980.787,1,2,1,1,2,7.82575,142.4507,271.4688,14.07331,1.719046,1.261048,0.7377012,0.3084265,2,1,252.3071,1.441707,190.6562,0.000128152,1,1,1,Attack
 30/12/2015 9:53:42 AM,2.594882,551.776,2,1,1,220.232,8.580364,313.1248,0,1,1,1,1,1,1,1,2.084,0,1011.479,1,1,1,1,1,1,148.8032,150.2692,1.711082,980.6332,1,2,1,1,2,7.82575,142.4507,271.4688,14.07331,1.718662,1.253875,0.7377012,0.3084265,2,1,252.3071,1.441707,190.6562,0.000128152,1,1,1,Attack
 30/12/2015 9:53:43 AM,2.626909,552.6788,2,1,1,220.232,8.580364,313.0479,0,1,1,1,1,1,1,1,2.084,0,1011.479,1,1,1,1,1,1,148.8032,150.1923,1.711082,980.5563,1,2,1,1,2,7.82575,142.4507,271.4688,14.07331,1.718406,1.246574,0.7377012,0.3084265,2,1,252.3071,1.441707,190.6562,0.000128152,1,1,1,Attack
 30/12/2015 9:53:44 AM,2.646126,553.5817,2,1,1,220.232,8.580364,313.0479,0,1,1,1,1,1,1,1,2.084,0,1011.119,1,1,1,1,1,1,148.8032,150.1923,1.711082,980.5563,1,2,1,1,2,7.82575,142.4507,271.4688,14.07331,1.718406,1.246189,0.7377012,0.3084265,2,1,252.3071,1.441707,190.6562,0.000128152,1,1,1,Attack
 30/12/2015 9:53:45 AM,2.656375,554.4452,2,1,1,220.232,8.580364,312.7403,0,1,1,1,1,1,1,1,2.084,0,1011.239,1,1,1,1,1,1,148.8032,150.1923,1.709672,979.8257,1,2,1,1,2,7.82575,142.4507,271.4688,14.07331,1.71738,1.261048,0.7377012,0.3084265,2,1,252.3071,1.441707,190.6562,0.000128152,1,1,1,Attack
 30/12/2015 9:53:46 AM,2.657656,555.1517,2,1,1,220.232,8.580364,312.7403,0,1,1,1,1,1,1,1,2.084,0,1010.839,1,1,1,1,1,1,148.8032,150.1923,1.708903,979.4027,1,2,1,1,2,7.82575,142.4507,271.4688,14.07331,1.715842,1.261688,0.7377012,0.3084265,2,1,252.1148,1.441707,190.6562,0.000128152,1,1,1,Attack
 30/12/2015 9:53:47 AM,2.641642,556.0153,2,1,1,220.232,8.580364,312.7403,0,1,1,1,1,1,1,1,2.084,0,1010.879,1,1,1,1,1,1,148.8032,150.1923,1.708263,978.9797,1,2,1,1,2,7.82575,142.4507,271.4688,14.07331,1.715842,1.279621,0.7377012,0.3084265,2,1,252.0347,1.441707,190.448,0.000128152,1,1,1,Attack
 30/12/2015 9:53:48 AM,2.631393,556.6041,2,1,1,220.232,8.580364,312.7403,0,1,1,1,1,1,1,1,2.084,0,1010.678,1,1,1,1,1,1,148.8032,150.1923,1.705059,978.6721,1,2,1,1,2,7.82575,142.4507,271.4688,14.07331,1.715842,1.291533,0.7377012,0.3084265,2,1,251.9867,1.441707,190.3358,0.000128152,1,1,1,Attack
 30/12/2015 9:53:49 AM,2.626589,557.2322,2,1,1,220.232,8.580364,312.7403,0,1,1,1,1,1,1,1,2.084,0,1010.919,1,1,1,1,1,1,148.8032,150.1923,1.705059,978.4414,1,2,1,1,2,7.82575,142.4507,271.4688,14.07331,1.715842,1.292046,0.7377012,0.3084265,2,1,251.7944,1.441707,190.3358,0.000128152,1,1,1,Attack
 30/12/2015 9:53:50 AM,2.618903,558.2135,2,1,1,220.232,8.580364,312.6634,0,1,1,1,1,1,1,1,2.084,0,1010.919,1,1,1,1,1,1,148.8032,150.1923,1.705059,978.326,1,2,1,1,2,7.82575,142.4507,271.4688,14.07331,1.716098,1.300884,0.7377012,0.3084265,2,1,251.7784,1.441707,190.3358,0.000128152,1,1,1,Attack
 30/12/2015 9:53:51 AM,2.601928,558.8415,2,1,1,220.232,8.580364,312.5609,0,1,1,1,1,1,1,1,2.084,0,1010.959,1,1,1,1,1,1,148.8032,150.1923,1.705059,977.7108,1,2,1,1,2,7.82575,142.4507,271.4688,14.07331,1.716098,1.301652,0.7377012,0.3084265,2,1,251.7784,1.441707,190.3358,0.000128152,1,1,1,Attack
 30/12/2015 9:53:52 AM,2.582071,559.1948,2,1,1,220.232,8.580364,312.5609,0,1,1,1,1,1,1,1,2.084,0,1010.839,1,1,1,1,1,1,148.8032,150.1923,1.706981,976.9418,1,2,1,1,2,7.82575,142.4507,271.4688,14.07331,1.717124,1.29576,0.7377012,0.3084265,2,1,251.9066,1.441707,190.3358,0.000128152,1,1,1,Attack
 30/12/2015 9:53:53 AM,2.562854,559.6266,2,1,1,220.232,8.580364,312.5609,0,1,1,1,1,1,1,1,2.084,0,1010.678,1,1,1,1,1,1,148.8032,150.1923,1.70775,976.6727,1,2,1,1,2,7.82575,142.4507,271.4688,14.07331,1.717124,1.29781,0.7377012,0.3084265,2,1,252.0347,1.441707,190.3358,0.000128152,1,1,1,Attack
 30/12/2015 9:53:54 AM,2.543958,560.1761,2,1,1,220.232,8.580364,312.5609,0,1,1,1,1,1,1,1,2.084,0,1010.718,1,1,1,1,1,1,148.8032,150.1923,1.70775,975.9421,1,2,1,1,2,7.82575,142.4507,271.4688,14.07331,1.717124,1.294736,0.7377012,0.3084265,2,1,252.1789,1.441707,190.3358,0.000128152,1,1,1,Attack
 30/12/2015 9:53:55 AM,2.519297,560.7649,2,1,1,220.232,8.580364,312.5609,0,1,1,1,1,1,1,1,2.084,0,1011.039,1,1,1,1,1,1,148.8032,150.0385,1.70775,975.9036,1,2,1,1,2,7.82575,142.4507,271.4688,13.99641,1.717124,1.291277,0.7377012,0.3084265,2,1,252.1949,1.441707,190.5281,0.000128152,1,1,1,Attack
 30/12/2015 9:53:56 AM,2.506806,561.3929,2,1,1,220.232,8.580364,312.5609,0,1,1,1,1,1,1,1,2.084,0.000256221,1010.678,1,1,1,1,1,1,148.8032,150.0385,1.710057,975.4422,1,2,1,1,2,7.82575,142.4507,271.4688,13.99641,1.717124,1.297554,0.7377012,0.3084265,2,1,252.227,1.441707,190.7043,0.000128152,1,1,1,Attack
 30/12/2015 9:53:57 AM,2.484386,561.7855,2,1,1,220.232,8.580364,312.3045,0,1,1,1,1,1,1,1,2.106409,0.000256221,1011.079,1,1,1,1,1,1,148.8032,150.0385,1.710057,975.596,1,2,1,1,2,7.82575,142.4507,271.4688,13.99641,1.717124,1.302293,0.7377012,0.3106684,2,1,252.4032,1.441707,190.7043,0.000128152,1,1,1,Attack
 30/12/2015 9:53:58 AM,2.468373,561.7855,2,1,1,220.232,8.580364,312.3045,0,1,1,1,1,1,1,1,2.106409,0.000256221,1010.558,1,1,1,1,1,1,148.8032,150.0385,1.710057,975.0192,1,2,1,1,2,7.82575,142.4507,271.4688,13.99641,1.718662,1.294607,0.7378293,0.3106684,2,1,252.4673,1.441707,190.7203,0.000128152,1,1,1,Attack
 30/12/2015 9:53:59 AM,2.448836,561.864,2,1,1,220.232,8.57716,312.3045,0,1,1,1,1,1,1,1,2.106409,0.000256221,1010.678,1,1,1,1,1,1,148.8032,150.0385,1.710057,974.7501,1,2,1,1,2,7.82575,142.4507,271.3407,13.99641,1.718918,1.274113,0.7387255,0.3093233,2,1,252.4673,1.441707,190.7203,0.000128152,1,1,1,Attack
 30/12/2015 9:54:00 AM,2.439548,561.9818,2,1,1,220.232,8.57716,312.3045,0,1,1,1,1,1,1,1,2.106409,0,1010.839,1,1,1,1,1,1,148.8032,150.0385,1.710057,974.4424,1,2,1,1,2,7.82575,142.4507,271.3407,14.26557,1.718918,1.269117,0.7387255,0.3093233,2,1,252.5955,1.441707,190.7844,0.000128152,1,1,1,Attack
 30/12/2015 9:54:01 AM,2.425135,562.0995,2,1,1,220.232,8.57716,312.3045,0,1,1,1,1,1,1,1,2.084,0,1011.279,1,1,1,1,1,1,148.8032,150.0385,1.711466,974.2502,1,2,1,1,2,7.82575,142.6045,271.3407,14.26557,1.718918,1.261816,0.7359089,0.3109887,2,1,252.5955,1.441707,190.8805,0.000128152,1,1,1,Attack
 30/12/2015 9:54:02 AM,2.423534,562.5706,2,1,1,220.232,8.57716,312.3045,0,1,1,1,1,1,1,1,2.084,0,1010.959,1,1,1,1,1,1,148.8032,150.0385,1.71262,973.8272,1,2,1,1,2,7.82575,142.6045,271.3407,14.26557,1.7202,1.271935,0.7348846,0.3109887,2,1,252.5955,1.441707,190.8805,0.000128152,1,1,1,Attack
 30/12/2015 9:54:03 AM,2.424815,562.7668,2,1,1,220.232,8.57716,312.3045,0,1,1,1,1,1,1,1,2.084,0,1011.479,1,1,1,1,1,1,148.8032,150.0385,1.71262,973.4427,1,2,1,1,2,7.82575,142.6045,271.3407,14.07331,1.7202,1.292814,0.7348846,0.3092592,2,1,252.5955,1.441707,190.8805,0.000128152,1,1,1,Attack
 30/12/2015 9:54:04 AM,2.463248,563.4733,2,1,1,220.232,8.57716,312.3045,0,1,1,1,1,1,1,1,2.084,0,1011.479,1,1,1,1,1,1,148.8032,150.0385,1.71262,973.2504,1,2,1,1,2,7.82575,142.6045,271.3407,14.07331,1.7202,1.30178,0.7348846,0.3087468,2,1,252.5955,1.441707,190.8805,0.000128152,1,1,1,Attack
 30/12/2015 9:54:05 AM,2.514813,564.2584,2,1,1,220.232,8.57716,312.3045,0,1,1,1,1,1,1,1,2.084,0,1011.319,1,1,1,1,1,1,148.8032,150.0385,1.71262,972.6352,1,2,1,1,2,7.82575,142.6045,271.3407,14.07331,1.7202,1.302165,0.7348846,0.3081062,2,1,252.5955,1.441707,190.8805,0.000128152,1,1,1,Attack
 30/12/2015 9:54:06 AM,2.550043,564.8079,2,1,1,220.232,8.573956,312.1251,0,1,1,1,1,1,1,1,2.084,0,1011.479,1,1,1,1,1,1,148.8032,150.0385,1.71262,972.4045,1,2,1,1,2,7.82575,142.6045,271.3407,14.07331,1.719175,1.290637,0.7348846,0.3066329,2,1,252.5955,1.441707,190.8485,0.000128152,1,1,1,Attack
 30/12/2015 9:54:07 AM,2.585914,565.1219,2,1,1,220.232,8.573956,312.1251,0,1,1,1,1,1,1,1,2.084,0,1011.359,1,1,1,1,1,1,148.8032,150.0385,1.71262,972.0585,1,2,1,1,2,7.82575,142.6045,271.3407,14.07331,1.719175,1.271679,0.7348846,0.3077859,2,1,252.4833,1.441707,190.6883,0.000128152,1,1,1,Attack
 30/12/2015 9:54:08 AM,2.623707,565.8285,2,1,1,220.232,8.573956,312.1251,0,1,1,1,1,1,1,1,2.084,0,1010.959,1,1,1,1,1,1,148.8032,150.0385,1.71262,972.02,1,2,1,1,2,7.82575,142.6045,271.3407,14.07331,1.718277,1.261304,0.7348846,0.3077859,2,1,252.3071,1.441707,190.6883,0.000128152,1,1,1,Attack
 30/12/2015 9:54:09 AM,2.657016,566.3781,2,1,1,220.232,8.573956,312.1251,0,1,1,1,1,1,1,1,2.084,0,1011.279,1,1,1,1,1,1,148.8032,150.0385,1.71262,971.6355,1,2,1,1,2,7.82575,142.6045,271.3407,14.07331,1.718277,1.261304,0.7352687,0.3071454,2,1,252.3071,1.441707,190.6883,0.000128152,1,1,1,Attack
 30/12/2015 9:54:10 AM,2.668225,566.3781,2,1,1,220.232,8.573956,312.1251,0,1,1,1,1,1,1,1,2.093604,0,1011.239,1,1,1,1,1,1,148.8032,150.0385,1.711082,971.4432,1,2,1,1,2,7.82575,142.6045,271.3407,14.07331,1.718277,1.261304,0.7352687,0.3081062,2,1,252.3071,1.441707,190.6883,0.000128152,1,1,1,Attack
 30/12/2015 9:54:11 AM,2.668866,566.4958,2,1,1,220.232,8.573956,312.1251,0,1,1,1,1,1,1,1,2.093604,0,1011.239,1,1,1,1,1,1,148.8032,150.0385,1.710826,971.1356,1,2,1,1,2,7.82575,142.5276,271.3407,14.07331,1.718277,1.261304,0.7371892,0.3081062,2,1,252.3071,1.441707,190.6883,0.000128152,1,1,1,Attack
 30/12/2015 9:54:12 AM,2.640361,567.1631,2,1,1,220.232,8.573956,312.1251,0,1,1,1,1,1,1,1,2.093604,0,1011.439,1,1,1,1,1,1,148.8032,150.0385,1.710826,970.9049,1,2,1,1,2,7.82575,142.5276,271.3407,14.07331,1.718277,1.255412,0.7371892,0.3082983,2,1,252.3071,1.441707,190.6883,0.000128152,1,1,1,Attack
 30/12/2015 9:54:13 AM,2.624027,567.2023,2,1,1,220.232,8.573956,312.1251,0,1,1,1,1,1,1,1,2.093604,0,1010.959,1,1,1,1,1,1,148.8032,150.0385,1.710698,970.1359,1,2,1,1,2,7.82575,142.5276,271.3407,14.07331,1.716611,1.261944,0.7355248,0.3082983,2,1,252.1629,1.441707,190.6402,0.000128152,1,1,1,Attack
 30/12/2015 9:54:14 AM,2.624027,566.9669,2,1,1,220.232,8.573956,312.1251,0,1,1,1,1,1,1,1,2.093604,0,1011.159,1,1,1,1,1,1,148.8032,150.0385,1.710698,969.9052,1,2,1,1,2,7.82575,142.5276,271.3407,14.07331,1.716611,1.270783,0.7355248,0.3082983,2,1,252.0988,1.441707,190.6402,0.000128152,1,1,1,Attack
 30/12/2015 9:54:15 AM,2.624027,567.0061,2,1,1,220.232,8.573956,312.1251,0,1,1,1,1,1,1,1,2.093604,0,1011.079,1,1,1,1,1,1,148.8032,150.0385,1.710698,969.8282,1,2,1,1,2,7.82575,142.5276,271.3407,14.07331,1.716611,1.265531,0.7355248,0.3082983,2,1,252.0988,1.441707,190.5601,0.000128152,1,1,1,Attack
 30/12/2015 9:54:16 AM,2.609935,567.3986,2,1,1,220.232,8.573956,312.1251,0,1,1,1,1,1,1,1,2.093604,0,1011.039,1,1,1,1,1,1,148.8032,150.0385,1.710698,969.3284,1,2,1,1,2,7.82575,142.5276,271.3407,14.07331,1.716611,1.268477,0.7355248,0.3082983,2,1,252.0988,1.441707,190.5601,0.000128152,1,1,1,Attack
 30/12/2015 9:54:17 AM,2.585274,568.0659,2,1,1,220.232,8.573956,312.1251,0,1,1,1,1,1,1,1,2.093604,0,1010.879,1,1,1,1,1,1,148.8032,150.0385,1.710698,968.8669,1,2,1,1,2,7.82575,142.5276,271.3407,14.07331,1.716611,1.261176,0.7383414,0.3082983,2,1,252.0988,1.441707,190.5601,0.000128152,1,1,1,Attack
 30/12/2015 9:54:18 AM,2.566377,569.1257,2,1,1,220.232,8.572033,312.1251,0,1,1,1,1,1,1,1,2.093604,0,1011.079,1,1,1,1,1,1,148.8032,150.0385,1.711595,968.3671,1,2,1,1,2,7.82575,142.5276,271.3407,14.07331,1.716611,1.261176,0.7383414,0.3082983,2,1,252.0988,1.441707,190.5601,0.000128152,1,1,1,Attack
 30/12/2015 9:54:19 AM,2.551324,569.9108,2,1,1,220.232,8.572033,312.1251,0,1,1,1,1,1,1,1,2.093604,0,1010.919,1,1,1,1,1,1,148.8032,150.0385,1.713389,967.7903,1,2,1,1,2,7.82575,142.5276,271.3407,14.07331,1.716611,1.261176,0.7383414,0.3082983,2,1,252.0988,1.441707,190.5601,0.000128152,1,1,1,Attack
 30/12/2015 9:54:20 AM,2.533068,570.8136,2,1,1,220.232,8.572033,312.1251,0,1,1,1,1,1,1,1,2.093604,0,1011.359,1,1,1,1,1,1,148.8032,150.0385,1.713389,967.4058,1,2,1,1,2,7.82575,142.5276,271.0523,14.07331,1.716611,1.263866,0.7383414,0.3082983,2,1,252.1789,1.441707,190.5601,0.000128152,1,1,1,Attack
 30/12/2015 9:54:21 AM,2.518015,571.0884,2,1,1,220.232,8.572033,312.1251,0,1,1,1,1,1,1,1,2.093604,0,1011.359,1,1,1,1,1,1,148.8032,150.0641,1.711466,967.2136,1,2,1,1,2,7.82575,142.5276,271.0523,14.07331,1.717637,1.271679,0.7383414,0.3082983,2,1,252.1789,1.441707,190.5601,0.000128152,1,1,1,Attack
 30/12/2015 9:54:22 AM,2.518015,571.0884,2,1,1,220.232,8.572033,312.1251,0,1,1,1,1,1,1,1,2.093604,0,1011.359,1,1,1,1,1,1,148.8032,150.0641,1.711466,967.2136,1,2,1,1,2,7.82575,142.5276,271.0523,14.07331,1.717637,1.271679,0.7383414,0.3082983,2,1,252.1789,1.441707,190.5601,0.000128152,1,1,1,Attack
 30/12/2015 9:54:23 AM,2.502642,571.7557,2,1,1,220.232,8.572033,311.8944,0,1,1,1,1,1,1,1,2.093604,0,1011.319,1,1,1,1,1,1,148.8032,150.0641,1.711466,966.5599,1,2,1,1,2,7.82575,142.5276,271.0523,14.07331,1.719046,1.28103,0.7383414,0.3082983,2,1,252.1789,1.441707,190.5601,0.000128152,1,1,1,Attack
 30/12/2015 9:54:24 AM,2.48791,572.4622,2,1,1,220.232,8.572033,311.8431,0,1,1,1,1,1,1,1,2.093604,0,1011.319,1,1,1,1,1,1,148.8032,150.0641,1.711466,966.06,1,2,1,1,2,7.82575,142.5276,271.0523,14.07331,1.719303,1.298962,0.7383414,0.3082983,2,1,252.1789,1.441707,190.5601,0.000128152,1,1,1,Attack
 30/12/2015 9:54:25 AM,2.468693,573.2866,2,1,1,220.232,8.572033,311.8431,0,1,1,1,1,1,1,1,2.093604,0,1011.479,1,1,1,1,1,1,148.8032,150.0641,1.711466,965.6755,1,2,1,1,2,7.82575,142.5276,271.0523,14.07331,1.719303,1.301652,0.7383414,0.3082983,2,1,252.3231,1.441707,190.5601,0.000128152,1,1,1,Attack
 30/12/2015 9:54:26 AM,2.452039,573.5613,2,1,1,220.232,8.572033,311.8431,0,1,1,1,1,1,1,1,2.093604,0,1011.52,1,1,1,1,1,1,148.8032,150.0641,1.711466,965.5601,1,2,1,1,2,7.82575,142.5276,271.0523,14.03486,1.719303,1.302037,0.7383414,0.3083624,2,1,252.3552,1.441707,190.7203,0.000128152,1,1,1,Attack
 30/12/2015 9:54:27 AM,2.428018,573.8753,2,1,1,220.232,8.572033,312.0482,0,1,1,1,1,1,1,1,2.093604,0,1011.56,1,1,1,1,1,1,148.8032,150.0641,1.711466,964.9449,1,2,1,1,2,7.82575,142.5276,271.2125,14.03486,1.719303,1.281286,0.7383414,0.3083624,2,1,252.3552,1.441707,190.7684,0.000128152,1,1,1,Attack
 30/12/2015 9:54:28 AM,2.415527,574.8174,2,1,1,220.232,8.573635,312.0995,0,1,1,1,1,1,1,1,2.093604,0,1011.52,1,1,1,1,1,1,148.8032,150.0641,1.711466,964.4066,1,2,1,1,2,7.82575,142.5276,271.3086,14.03486,1.719303,1.260535,0.7383414,0.3083624,2,1,252.3552,1.441707,190.8165,0.000128152,1,1,1,Attack
 30/12/2015 9:54:29 AM,2.413605,575.0922,2,1,1,220.232,8.573635,312.0995,0,1,1,1,1,1,1,1,2.093604,0,1011.56,1,1,1,1,1,1,148.8032,150.0897,1.712876,964.2527,1,2,1,1,2,7.82575,142.5276,271.3086,14.03486,1.719303,1.245549,0.7383414,0.3083624,2,1,252.3552,1.441707,190.8165,0.000128152,1,1,1,Attack
 30/12/2015 9:54:30 AM,2.413605,575.838,2,1,1,220.232,8.573635,312.0995,0,1,1,1,1,1,1,1,2.093604,0,1011.279,1,1,1,1,1,1,148.8032,150.0897,1.712876,964.2527,1,2,1,1,2,7.82575,142.5276,271.3086,14.03486,1.719303,1.245036,0.7383414,0.3071454,2,1,252.3552,1.441707,190.8165,0.000128152,1,1,1,Attack
 30/12/2015 9:54:31 AM,2.460686,576.466,2,1,1,220.232,8.573635,312.0995,0,1,1,1,1,1,1,1,2.093604,0,1011.68,1,1,1,1,1,1,148.8032,150.0897,1.712876,964.2143,1,2,1,1,2,7.82575,142.5276,271.3086,14.03486,1.719303,1.254003,0.7383414,0.3066329,2,1,252.3552,1.441707,190.8165,0.000128152,1,1,1,Attack
 30/12/2015 9:54:32 AM,2.500721,576.78,2,1,1,220.232,8.573635,312.0995,0,1,1,1,1,1,1,1,2.093604,0,1011.72,1,1,1,1,1,1,148.8032,150.0897,1.711595,963.5606,1,2,1,1,2,7.82575,142.5276,271.3086,14.03486,1.719303,1.261176,0.7383414,0.3065689,2,1,252.3552,1.441707,190.6402,0.000128152,1,1,1,Attack
 30/12/2015 9:54:33 AM,2.540755,576.8585,2,1,1,220.232,8.573635,312.0995,0,1,1,1,1,1,1,1,2.093604,0,1011.159,1,1,1,1,1,1,148.8032,150.3461,1.710313,962.9069,1,2,1,1,2,7.82575,142.5276,271.3086,14.03486,1.718662,1.271423,0.7361649,0.3065689,2,1,252.3552,1.441707,190.6402,0.000128152,1,1,1,Attack
 30/12/2015 9:54:34 AM,2.567658,576.9763,2,1,1,220.232,8.573635,312.0482,0,1,1,1,1,1,1,1,2.093604,0,1011.56,1,1,1,1,1,1,148.8032,150.3461,1.710313,962.7147,1,2,1,1,2,7.82575,142.5276,271.3086,14.03486,1.718021,1.280005,0.7355248,0.3084265,2,1,252.3552,1.441707,190.6402,0.000128152,1,1,1,Attack
 30/12/2015 9:54:35 AM,2.61602,577.4866,2,1,1,220.232,8.573635,312.0482,0,1,1,1,1,1,1,1,2.093604,0,1011.439,1,1,1,1,1,1,148.8032,150.3461,1.710313,962.2533,1,2,1,1,2,7.82575,142.5276,271.3086,14.03486,1.718021,1.28705,0.7347566,0.3084265,2,1,252.259,1.329574,190.6402,0.000128152,1,1,1,Attack
 30/12/2015 9:54:36 AM,2.645165,577.8791,2,1,1,220.232,8.571072,312.0482,0,1,1,1,1,1,1,1,2.093604,0,1011.52,1,1,1,1,1,1,148.8032,150.3461,1.708391,961.6381,1,2,1,1,2,7.82575,142.5276,271.3086,14.03486,1.718021,1.300884,0.7347566,0.3084265,2,1,252.227,1.329574,190.6242,0.000128152,1,1,1,Attack
 30/12/2015 9:54:37 AM,2.665023,578.5856,2,1,1,220.232,8.571072,312.0482,0,1,1,1,1,1,1,1,2.093604,0,1011.319,1,1,1,1,1,1,148.8032,150.2948,1.708391,961.3304,1,2,1,1,2,7.82575,142.5276,271.3086,14.03486,1.718021,1.300372,0.7377012,0.3084265,2,1,252.227,1.425688,190.6242,0.000128152,1,1,1,Attack
 30/12/2015 9:54:38 AM,2.665983,579.2529,2,1,1,220.232,8.571072,312.0482,0,1,1,1,1,1,1,1,2.093604,0,1011.359,1,1,1,1,1,1,148.8032,150.2948,1.708391,961.1382,1,2,1,1,2,7.82575,142.5276,271.3086,14.03486,1.719046,1.288203,0.7384694,0.3105403,2,1,252.227,1.425688,190.6242,0.000128152,1,1,1,Attack
 30/12/2015 9:54:39 AM,2.64997,579.8025,2,1,1,220.232,8.571072,312.0482,0,1,1,1,1,1,1,1,2.093604,0,1011.159,1,1,1,1,1,1,148.8032,150.2948,1.708391,960.7152,1,2,1,1,2,7.82575,142.5276,271.3086,14.03486,1.719687,1.272192,0.7377012,0.3105403,2,1,252.227,1.425688,190.6242,0.000128152,1,1,1,Attack
 30/12/2015 9:54:40 AM,2.641642,580.3913,2,1,1,220.232,8.571072,312.0482,0,1,1,1,1,1,1,1,2.093604,0,1011.479,1,1,1,1,1,1,148.8032,150.2948,1.706853,960.2922,1,2,1,1,2,7.82575,142.5276,271.3086,14.03486,1.719687,1.271295,0.7377012,0.3105403,2,1,252.227,1.425688,190.6242,0.000128152,1,1,1,Attack
 30/12/2015 9:54:41 AM,2.641642,581.4119,2,1,1,220.232,8.571072,312.0482,0,1,1,1,1,1,1,1,2.093604,0,1011.52,1,1,1,1,1,1,148.8032,150.0897,1.706853,959.6001,1,2,1,1,2,7.82575,142.5276,271.3086,14.03486,1.719687,1.271295,0.7377012,0.3105403,2,1,252.227,1.425688,190.6242,0.000128152,1,1,1,Attack
 30/12/2015 9:54:42 AM,2.641642,582.1184,2,1,1,220.232,8.571072,312.0482,0,1,1,1,1,1,1,1,2.093604,0,1011.56,1,1,1,1,1,1,148.8032,150.0897,1.706853,959.2156,1,2,1,1,2,7.82575,142.5276,271.3086,14.03486,1.719687,1.28167,0.7377012,0.309067,2,1,252.227,1.425688,190.6242,0.000128152,1,1,1,Attack
 30/12/2015 9:54:43 AM,2.62723,582.4717,2,1,1,220.232,8.571072,312.0482,0,1,1,1,1,1,1,1,2.093604,0,1011.479,1,1,1,1,1,1,148.8032,150.0897,1.706853,958.9464,1,2,1,1,2,7.82575,142.5276,271.3086,14.03486,1.719687,1.288843,0.7377012,0.3086186,2,1,252.227,1.425688,190.6242,0.000128152,1,1,1,Attack
 30/12/2015 9:54:44 AM,2.605131,582.7857,2,1,1,220.232,8.571072,312.0482,0,1,1,1,1,1,1,1,2.093604,0,1011.359,1,1,1,1,1,1,148.8032,150.0897,1.706853,958.5619,1,2,1,1,2,7.82575,142.4507,271.3086,14.03486,1.719687,1.291149,0.7377012,0.3086186,2,1,252.227,1.425688,190.464,0.000128152,1,1,1,Attack
 30/12/2015 9:54:45 AM,2.572463,583.2567,2,1,1,220.232,8.571072,312.0482,0,1,1,1,1,1,1,1,2.093604,0,1011.479,1,1,1,1,1,1,148.8032,150.0897,1.706853,958.2543,1,2,1,1,2,7.82575,142.4507,271.3086,14.03486,1.719687,1.292174,0.7377012,0.3086186,2,1,252.259,1.425688,190.464,0.000128152,1,1,1,Attack
 30/12/2015 9:54:46 AM,2.553886,583.8455,2,1,1,220.232,8.571072,312.0482,0,1,1,1,1,1,1,1,2.093604,0,1011.279,1,1,1,1,1,1,148.8032,150.2948,1.709672,957.9851,1,2,1,1,2,7.82575,142.4507,271.3086,14.03486,1.719687,1.292174,0.7366771,0.3086186,2,1,252.259,1.425688,190.464,0.000128152,1,1,1,Attack
 30/12/2015 9:54:47 AM,2.532108,584.7484,2,1,1,220.232,8.571072,312.0482,0,1,1,1,1,1,1,1,2.093604,0,1011.279,1,1,1,1,1,1,148.8032,150.2948,1.710185,957.639,1,2,1,1,2,7.82575,142.3481,271.3086,14.03486,1.719303,1.285513,0.7351407,0.3086186,2,1,252.3231,1.425688,190.6883,0.000128152,1,1,1,Attack
 30/12/2015 9:54:48 AM,2.51129,585.6119,2,1,1,220.232,8.571072,311.8431,0,1,1,1,1,1,1,1,2.093604,0,1011.119,1,1,1,1,1,1,148.8032,150.2948,1.710185,957.2161,1,2,1,1,2,7.82575,142.3481,271.3086,14.03486,1.717765,1.272064,0.7351407,0.3086186,2,1,252.3231,1.425688,190.6883,0.000128152,1,1,1,Attack
 30/12/2015 9:54:49 AM,2.495916,586.5932,2,1,1,220.232,8.571072,311.8431,0,1,1,1,1,1,1,1,2.093604,0,1011.439,1,1,1,1,1,1,148.8032,150.2948,1.710185,956.8316,1,2,1,1,2,7.82575,142.3481,271.3086,14.03486,1.717765,1.261432,0.7351407,0.3086186,2,1,252.3231,1.425688,190.6883,0.000128152,1,1,1,Attack
 30/12/2015 9:54:50 AM,2.485988,587.1035,2,1,1,220.232,8.571072,311.8431,0,1,1,1,1,1,1,1,2.093604,0,1011.279,1,1,1,1,1,1,148.8032,150.2948,1.710185,956.2548,1,2,1,1,2,7.82575,142.3481,271.3086,14.03486,1.717765,1.261432,0.7357808,0.3086186,2,1,252.3231,1.425688,190.6883,0.000128152,1,1,1,Attack
 30/12/2015 9:54:51 AM,2.468052,588.0063,2,1,1,220.232,8.571072,311.8431,0,1,1,1,1,1,1,1,2.093604,0,1011.279,1,1,1,1,1,1,148.8032,150.2948,1.71262,956.0626,1,2,1,1,2,7.82575,142.3481,271.5009,14.03486,1.719303,1.265019,0.7378293,0.3086186,2,1,252.3231,1.425688,190.6883,0.000128152,1,1,1,Attack
 30/12/2015 9:54:52 AM,2.457483,588.2026,2,1,1,220.232,8.571072,312.0995,0,1,1,1,1,1,1,1,2.093604,0,1011.359,1,1,1,1,1,1,148.8032,150.2948,1.712876,956.0626,1,2,1,1,2,7.82575,142.3481,271.5009,14.03486,1.719303,1.279621,0.7378293,0.3086186,2,1,252.3231,1.425688,190.6883,0.000128152,1,1,1,Attack
 30/12/2015 9:54:53 AM,2.444031,589.1447,2,1,1,220.232,8.571072,312.0995,0,1,1,1,1,1,1,1,2.093604,0,1011.159,1,1,1,1,1,1,148.8032,150.2948,1.712876,955.9088,1,2,1,1,2,7.82575,142.1687,271.5009,14.03486,1.719303,1.283207,0.7380853,0.3084265,2,1,252.4673,1.425688,190.6883,0.000128152,1,1,1,Attack
 30/12/2015 9:54:54 AM,2.432822,589.7335,2,1,1,220.232,8.571072,312.0995,0,1,1,1,1,1,1,1,2.093604,0,1011.119,1,1,1,1,1,1,148.8032,150.2948,1.712876,955.4473,1,2,1,1,2,7.82575,142.1687,271.5009,14.03486,1.719303,1.280005,0.7387255,0.3084265,2,1,252.5795,1.425688,190.7684,0.000128152,1,1,1,Attack
 30/12/2015 9:54:55 AM,2.432822,589.9689,2,1,1,220.232,8.571072,312.0995,0,1,1,1,1,1,1,1,2.093604,0,1011.279,1,1,1,1,1,1,148.8032,150.2948,1.711338,955.1013,1,2,1,1,2,7.82575,142.1687,271.5009,14.03486,1.719303,1.273473,0.7387255,0.3084265,2,1,252.5795,1.425688,190.8645,0.000128152,1,1,1,Attack
 30/12/2015 9:54:56 AM,2.432822,590.2437,2,1,1,220.232,8.571072,312.0995,0,1,1,1,1,1,1,1,2.093604,0,1011.479,1,1,1,1,1,1,148.8032,150.2948,1.711338,954.9859,1,2,1,1,2,7.82575,142.1687,271.1484,14.03486,1.719303,1.26361,0.7387255,0.3084265,2,1,252.5795,1.425688,190.8645,0.000128152,1,1,1,Attack
 30/12/2015 9:54:57 AM,2.436985,590.9895,2,1,1,220.232,8.571072,312.0995,0,1,1,1,1,1,1,1,2.093604,0,1011.319,1,1,1,1,1,1,148.8032,150.2948,1.711338,954.7167,1,2,1,1,2,7.82575,142.1687,271.1484,14.03486,1.719303,1.266171,0.7387255,0.3084265,2,1,252.5795,1.425688,190.8645,0.000128152,1,1,1,Attack
 30/12/2015 9:54:58 AM,2.492714,591.225,2,1,1,220.232,8.571072,312.0995,0,1,1,1,1,1,1,1,2.093604,0,1011.68,1,1,1,1,1,1,148.8032,150.2948,1.711338,954.14,1,2,1,1,2,7.82575,142.1687,271.1484,14.03486,1.719303,1.265019,0.7380853,0.3084265,2,1,252.5795,1.425688,190.8645,0.000128152,1,1,1,Attack
 30/12/2015 9:54:59 AM,2.532748,591.6176,2,1,1,220.232,8.571072,312.0995,0,1,1,1,1,1,1,1,2.093604,0,1011.439,1,1,1,1,1,1,148.8032,150.2179,1.711338,954.0246,1,2,1,1,2,7.82575,142.1687,271.1484,14.03486,1.721097,1.261944,0.7380853,0.3084265,2,1,252.5795,1.425688,190.8645,0.000128152,1,1,1,Attack
 30/12/2015 9:55:00 AM,2.567979,591.5783,2,1,1,220.232,8.571072,312.0995,0,1,1,1,1,1,1,1,2.093604,0,1011.279,1,1,1,1,1,1,148.8032,150.1666,1.711338,953.6401,1,2,1,1,2,7.82575,142.1687,271.1484,14.03486,1.721097,1.268093,0.7380853,0.3084265,2,1,252.5795,1.425688,190.8645,0.000128152,1,1,1,Attack
 30/12/2015 9:55:01 AM,2.598725,592.1279,2,1,1,220.232,8.571072,312.0995,0,1,1,1,1,1,1,1,2.093604,0,1011.039,1,1,1,1,1,1,148.8032,150.1666,1.711338,952.871,1,2,1,1,2,7.82575,142.1687,271.1484,14.03486,1.721097,1.271679,0.7380853,0.3071454,2,1,252.5795,1.425688,190.8645,0.000128152,1,1,1,Attack
 30/12/2015 9:55:02 AM,2.632034,592.3633,2,1,1,220.232,8.571072,312.0995,0,1,1,1,1,1,1,1,2.093604,0,1011.079,1,1,1,1,1,1,148.8032,150.1666,1.711338,952.7557,1,2,1,1,2,7.82575,142.1687,271.1484,14.03486,1.721097,1.281798,0.7380853,0.3071454,2,1,252.5795,1.425688,190.8645,0.000128152,1,1,1,Attack
 30/12/2015 9:55:03 AM,2.65093,592.8737,2,1,1,220.232,8.571072,312.0995,0,1,1,1,1,1,1,1,2.093604,0,1011.079,1,1,1,1,1,1,148.8032,150.1666,1.710313,952.6019,1,2,1,1,2,7.82575,142.1687,271.3086,14.03486,1.721097,1.290893,0.7380853,0.3068891,2,1,252.5795,1.425688,190.8645,0.000128152,1,1,1,Attack
 30/12/2015 9:55:04 AM,2.657976,593.1877,2,1,1,220.232,8.571072,312.0995,0,1,1,1,1,1,1,1,2.093604,0,1010.839,1,1,1,1,1,1,148.8032,149.9615,1.710313,952.3712,1,2,1,1,2,7.82575,142.1687,271.3086,14.03486,1.721097,1.28436,0.7380853,0.3065689,2,1,252.5795,1.425688,190.8645,0.000128152,1,1,1,Attack
 30/12/2015 9:55:05 AM,2.657976,593.4625,2,1,1,220.232,8.571072,312.0995,0,1,1,1,1,1,1,1,2.093604,0,1011.439,1,1,1,1,1,1,148.8032,149.9615,1.710313,952.2943,1,2,1,1,2,7.82575,142.1687,271.3086,14.03486,1.722123,1.27232,0.7380853,0.3065689,2,1,252.5795,1.425688,190.8645,0.000128152,1,1,1,Attack
 30/12/2015 9:55:06 AM,2.629792,593.4625,2,1,1,220.232,8.571072,312.0995,0,1,1,1,1,1,1,1,2.093604,0,1010.959,1,1,1,1,1,1,148.8032,149.9615,1.710313,951.8713,1,2,1,1,2,7.82575,142.1687,271.3086,14.03486,1.722123,1.271423,0.7380853,0.3081062,2,1,252.5795,1.425688,190.8645,0.000128152,1,1,1,Attack
 30/12/2015 9:55:07 AM,2.624027,594.0905,2,1,1,220.232,8.571072,312.0995,0,1,1,1,1,1,1,1,2.093604,0,1011.159,1,1,1,1,1,1,148.8032,149.9615,1.710313,951.6791,1,2,1,1,2,7.82575,142.2199,271.3086,14.03486,1.722123,1.271423,0.7380853,0.3084265,2,1,252.3391,1.425688,190.7043,0.000128152,1,1,1,Attack
 30/12/2015 9:55:08 AM,2.618582,594.483,2,1,1,220.232,8.571072,312.0995,0,1,1,1,1,1,1,1,2.093604,0,1010.758,1,1,1,1,1,1,148.8032,149.9615,1.710313,951.5253,1,2,1,1,2,7.82575,142.2199,271.3086,14.03486,1.722123,1.279749,0.7380853,0.3084265,2,1,252.3391,1.425688,190.5601,0.000128152,1,1,1,Attack
 30/12/2015 9:55:09 AM,2.611216,594.954,2,1,1,220.232,8.571072,312.0995,0,1,1,1,1,1,1,1,2.093604,0,1010.879,1,1,1,1,1,1,148.8032,149.9615,1.710313,951.4099,1,2,1,1,2,7.82575,142.2199,271.3086,14.03486,1.722123,1.292174,0.7380853,0.3084265,2,1,252.3391,1.425688,190.5601,0.000128152,1,1,1,Attack
 30/12/2015 9:55:10 AM,2.59296,596.0924,2,1,1,220.232,8.569149,312.0995,0,1,1,1,1,1,1,1,2.093604,0,1010.678,1,1,1,1,1,1,148.8032,149.9615,1.710313,951.4868,1,2,1,1,2,7.82575,142.2199,271.3086,14.03486,1.722123,1.292174,0.7380853,0.3084265,2,1,252.1789,1.425688,190.5601,0.000128152,1,1,1,Attack
 30/12/2015 9:55:11 AM,2.579188,596.7204,2,1,1,220.232,8.569149,312.0995,0,1,1,1,1,1,1,1,2.093604,0,1010.678,1,1,1,1,1,1,148.8032,149.9615,1.710057,951.2177,1,2,1,1,2,7.82575,142.2199,271.3086,14.03486,1.719944,1.28372,0.7380853,0.3084265,2,1,252.1789,1.425688,190.5601,0.000128152,1,1,1,Attack
 30/12/2015 9:55:12 AM,2.560292,597.3877,2,1,1,220.232,8.569149,312.0995,0,1,1,1,1,1,1,1,2.093604,0,1010.558,1,1,1,1,1,1,148.8032,149.9615,1.710057,951.1023,1,2,1,1,2,7.82575,142.2712,271.3086,14.03486,1.719944,1.28167,0.7380853,0.3084265,2,1,252.1789,1.425688,190.5601,0.000128152,1,1,1,Attack
 30/12/2015 9:55:13 AM,2.541075,597.8195,2,1,1,220.232,8.569149,312.0995,0,1,1,1,1,1,1,1,2.093604,0,1010.518,1,1,1,1,1,1,148.8032,149.9615,1.708775,951.0254,1,2,1,1,2,7.82575,142.3994,271.3086,14.03486,1.717893,1.28167,0.7380853,0.3084265,2,1,252.1789,1.425688,190.48,0.000128152,1,1,1,Attack
 30/12/2015 9:55:14 AM,2.52314,598.4476,2,1,1,220.232,8.569149,312.0995,0,1,1,1,1,1,1,1,2.093604,0,1010.839,1,1,1,1,1,1,148.8032,149.9615,1.708391,950.8716,1,2,1,1,2,7.82575,142.3994,271.3086,14.03486,1.717893,1.27027,0.7380853,0.3084265,2,1,251.9867,1.425688,190.3679,0.000128152,1,1,1,Attack
 30/12/2015 9:55:15 AM,2.505845,599.1934,2,1,1,220.232,8.567867,312.0995,0,1,1,1,1,1,1,1,2.093604,0,1010.758,1,1,1,1,1,1,148.8032,149.8334,1.708391,950.4486,1,2,1,1,2,7.82575,142.3994,271.3086,14.03486,1.717893,1.261816,0.7380853,0.3084265,2,1,251.9867,1.425688,190.3679,0.000128152,1,1,1,Attack
 30/12/2015 9:55:16 AM,2.485667,599.5466,2,1,1,220.232,8.567867,312.0995,0,1,1,1,1,1,1,1,2.093604,0,1010.839,1,1,1,1,1,1,148.8032,149.8334,1.710185,950.0641,1,2,1,1,2,7.82575,142.3994,271.3086,14.03486,1.717893,1.261816,0.7380853,0.3084265,2,1,251.9867,1.425688,190.3679,0.000128152,1,1,1,Attack
 30/12/2015 9:55:17 AM,2.463889,600.1747,2,1,1,220.232,8.567867,312.0995,0,1,1,1,1,1,1,1,2.093604,0,1011.159,1,1,1,1,1,1,148.8032,149.8334,1.710185,949.9487,1,2,1,1,2,7.82575,142.3994,271.3086,14.03486,1.717893,1.270783,0.7380853,0.3084265,2,1,252.0187,1.425688,190.3679,0.000128152,1,1,1,Attack
 30/12/2015 9:55:18 AM,2.455241,600.2532,2,1,1,220.232,8.567867,312.0995,0,1,1,1,1,1,1,1,2.093604,0,1011.119,1,1,1,1,1,1,148.8032,149.8334,1.710185,949.4873,1,2,1,1,2,7.82575,142.3994,271.3086,14.03486,1.717893,1.274497,0.7380853,0.3084265,2,1,252.1148,1.425688,190.3679,0.000128152,1,1,1,Attack
 30/12/2015 9:55:19 AM,2.436025,600.2139,2,1,1,220.232,8.567867,312.0995,0,1,1,1,1,1,1,1,2.093604,0,1011.119,1,1,1,1,1,1,148.8032,149.6796,1.710185,948.9874,1,2,1,1,2,7.82575,142.3994,271.5009,14.03486,1.717893,1.288715,0.7380853,0.3084265,2,1,252.243,1.425688,190.6242,0.000128152,1,1,1,Attack
 30/12/2015 9:55:20 AM,2.436025,600.2139,2,1,1,220.232,8.567867,312.0995,0,1,1,1,1,1,1,1,2.093604,0,1011.119,1,1,1,1,1,1,148.8032,149.6796,1.710185,948.9874,1,2,1,1,2,7.82575,142.3994,271.5009,14.03486,1.717893,1.288715,0.7380853,0.3084265,2,1,252.243,1.425688,190.6242,0.000128152,1,1,1,Attack
 30/12/2015 9:55:21 AM,2.427057,600.8027,2,1,1,220.232,8.567867,312.0995,0,1,1,1,1,1,1,1,2.093604,0,1011.119,1,1,1,1,1,1,148.8032,149.6539,1.711595,948.5645,1,2,1,1,2,7.82575,142.3994,271.5009,14.03486,1.717893,1.277059,0.7380853,0.3084265,2,1,252.243,1.425688,190.6242,0.000128152,1,1,1,Attack
 30/12/2015 9:55:22 AM,2.421932,600.9205,2,1,1,220.232,8.567867,312.0995,0,1,1,1,1,1,1,1,2.093604,0,1011.279,1,1,1,1,1,1,148.8032,149.6539,1.711595,948.3722,1,2,1,1,2,7.82575,142.3994,271.5009,14.03486,1.719046,1.271935,0.7380853,0.3084265,2,1,252.243,1.425688,190.6242,0.000128152,1,1,1,Attack
 30/12/2015 9:55:23 AM,2.423854,602.5691,2,1,1,220.232,8.567867,312.0995,0,1,1,1,1,1,1,1,2.093604,0,1011.52,1,1,1,1,1,1,148.8032,149.6539,1.710441,947.7954,1,2,1,1,2,7.82575,142.0918,271.5009,14.03486,1.720456,1.262073,0.7380853,0.3084265,2,1,252.243,1.425688,190.6242,0.000128152,1,1,1,Attack
 30/12/2015 9:55:24 AM,2.451398,603.1579,2,1,1,220.232,8.567867,312.0995,0,1,1,1,1,1,1,1,2.093604,0,1011.56,1,1,1,1,1,1,148.8032,149.6539,1.710057,947.6416,1,2,1,1,2,7.82575,142.0918,271.5009,14.03486,1.720456,1.262073,0.7380853,0.3084265,2,1,252.243,1.425688,190.6242,0.000128152,1,1,1,Attack
 30/12/2015 9:55:25 AM,2.518015,604.9243,2,1,1,220.232,8.567867,312.2789,0,1,1,1,1,1,1,1,2.093604,0,1011.52,1,1,1,1,1,1,148.8032,149.6539,1.710057,946.5266,1,2,1,1,2,7.82575,142.0918,271.5009,14.03486,1.718534,1.271679,0.7380853,0.3084265,2,1,252.243,1.457726,190.6242,0.000128152,1,1,1,Attack
 30/12/2015 9:55:26 AM,2.53467,605.67,2,1,1,220.232,8.567867,312.2789,0,1,1,1,1,1,1,1,2.093604,0,1011.479,1,1,1,1,1,1,148.8032,149.6539,1.710057,946.2958,1,2,1,1,2,7.82575,142.0918,271.5009,14.03486,1.718534,1.271679,0.7380853,0.3084265,2,1,252.243,1.457726,190.6242,0.000128152,1,1,1,Attack
 30/12/2015 9:55:27 AM,2.585914,606.8084,2,1,1,220.232,8.569469,312.2789,0,1,1,1,1,1,1,1,2.074397,0,1011.039,1,1,1,1,1,1,148.8032,149.6539,1.710057,945.6422,1,2,1,1,2,7.82575,142.0918,271.5009,14.03486,1.718534,1.281927,0.7380853,0.3084265,2,1,252.4032,1.457726,190.7043,0.000128152,1,1,1,Attack
 30/12/2015 9:55:28 AM,2.614739,607.2009,2,1,1,220.232,8.570751,312.2789,0,1,1,1,1,1,1,1,2.074397,0,1011.119,1,1,1,1,1,1,148.8032,149.6539,1.710057,945.2961,1,2,1,1,2,7.82575,142.0918,271.5009,14.03486,1.718534,1.291405,0.7380853,0.3084265,2,1,252.4032,1.457726,190.7043,0.000128152,1,1,1,Attack
 30/12/2015 9:55:29 AM,2.660218,607.6719,2,1,1,220.232,8.570751,312.2789,0,1,1,1,1,1,1,1,2.080799,0,1011.119,1,1,1,1,1,1,148.8032,149.7565,1.711723,944.95,1,2,1,1,2,7.82575,142.0918,271.5009,14.03486,1.718534,1.29243,0.7380853,0.3084265,2,1,252.4032,1.457726,190.7043,0.000128152,1,1,1,Attack
 30/12/2015 9:55:30 AM,2.670147,608.1037,2,1,1,220.232,8.570751,312.2789,0,1,1,1,1,1,1,1,2.080799,0,1011.159,1,1,1,1,1,1,148.8032,149.8077,1.711723,944.3732,1,2,1,1,2,7.82575,142.0918,271.5009,14.03486,1.718534,1.290893,0.7380853,0.3084265,2,1,252.4032,1.457726,190.7043,0.000128152,1,1,1,Attack
 30/12/2015 9:55:31 AM,2.672069,608.9673,2,1,1,220.232,8.570751,312.2789,0,1,1,1,1,1,1,1,2.080799,0,1011.159,1,1,1,1,1,1,148.8032,149.8077,1.711723,944.0272,1,2,1,1,2,7.82575,142.0918,271.5009,14.03486,1.719559,1.281542,0.7380853,0.3068251,2,1,252.4032,1.457726,190.7043,0.000128152,1,1,1,Attack
 30/12/2015 9:55:32 AM,2.641963,609.1636,2,1,1,220.232,8.570751,312.2789,0,1,1,1,1,1,1,1,2.080799,0,1011.359,1,1,1,1,1,1,148.8032,149.8077,1.711723,943.9503,1,2,1,1,2,7.82575,142.0918,271.5009,14.03486,1.719559,1.267068,0.7380853,0.3068251,2,1,252.4032,1.377631,190.7043,0.000128152,1,1,1,Attack
 30/12/2015 9:55:33 AM,2.622746,609.3598,2,1,1,220.232,8.570751,312.2789,0,1,1,1,1,1,1,1,2.096805,0,1011.279,1,1,1,1,1,1,148.8032,149.8077,1.709416,943.4888,1,2,1,1,2,7.82575,142.0918,271.5009,14.03486,1.719559,1.255412,0.7380853,0.3082983,2,1,252.4032,1.377631,190.7043,0.000128152,1,1,1,Attack
 30/12/2015 9:55:34 AM,2.621785,609.3598,2,1,1,220.232,8.570751,312.2789,0,1,1,1,1,1,1,1,2.096805,0,1011.039,1,1,1,1,1,1,148.8032,149.7052,1.709416,943.1812,1,2,1,1,2,7.82575,142.0918,271.3407,14.03486,1.720841,1.255924,0.7380853,0.3082983,2,1,252.4032,1.377631,190.7043,0.000128152,1,1,1,Attack
 30/12/2015 9:55:35 AM,2.621785,609.3598,2,1,1,220.232,8.570751,312.2789,0,1,1,1,1,1,1,1,2.096805,0,1011.079,1,1,1,1,1,1,148.8032,149.7052,1.709416,942.6044,1,2,1,1,2,7.82575,142.0918,271.3407,14.03486,1.720841,1.261432,0.7359089,0.3082983,2,1,252.227,1.377631,190.7043,0.000128152,1,1,1,Attack
 30/12/2015 9:55:36 AM,2.614419,609.7523,2,1,1,220.232,8.570751,312.2789,0,1,1,1,1,1,1,1,2.096805,0,1011.039,1,1,1,1,1,1,148.8032,149.7052,1.709416,942.566,1,2,1,1,2,7.82575,142.0918,271.3407,14.03486,1.720841,1.271679,0.7353967,0.3082983,2,1,252.227,1.377631,190.7043,0.000128152,1,1,1,Attack
 30/12/2015 9:55:37 AM,2.59232,610.0663,2,1,1,220.232,8.570751,312.2789,0,1,1,1,1,1,1,1,2.096805,0,1011.319,1,1,1,1,1,1,148.8032,149.7052,1.709416,942.7198,1,2,1,1,2,7.82575,142.0918,271.3407,14.03486,1.720841,1.281927,0.7353967,0.3082983,2,1,252.227,1.377631,190.496,0.000128152,1,1,1,Attack
 30/12/2015 9:55:38 AM,2.572783,610.0663,2,1,1,220.232,8.570751,312.2789,0,1,1,1,1,1,1,1,2.096805,0,1011.119,1,1,1,1,1,1,148.8032,149.7052,1.709416,942.5275,1,2,1,1,2,7.82575,142.0918,271.3407,14.03486,1.720841,1.281927,0.7353967,0.3082983,2,1,252.227,1.377631,190.496,0.000128152,1,1,1,Attack
 30/12/2015 9:55:39 AM,2.556769,610.6552,2,1,1,220.232,8.570751,312.2789,0,1,1,1,1,1,1,1,2.096805,0,1011.72,1,1,1,1,1,1,148.8032,149.8846,1.709416,942.0277,1,2,1,1,2,7.82575,142.0918,271.3407,14.03486,1.720841,1.27296,0.7353967,0.3082983,2,1,252.227,1.377631,190.496,0.000128152,1,1,1,Attack
 30/12/2015 9:55:40 AM,2.539474,611.0084,2,1,1,220.232,8.570751,312.2789,0,1,1,1,1,1,1,1,2.096805,0,1011.479,1,1,1,1,1,1,148.8032,149.8846,1.710185,941.4509,1,2,1,1,2,7.82575,142.0918,271.3407,14.03486,1.719559,1.271423,0.7353967,0.3082983,2,1,252.2751,1.377631,190.6402,0.000128152,1,1,1,Attack
 30/12/2015 9:55:41 AM,2.524421,611.3224,2,1,1,220.232,8.570751,312.2789,0,1,1,1,1,1,1,1,2.096805,0,1011.439,1,1,1,1,1,1,148.8032,149.8846,1.710185,941.4125,1,2,1,1,2,7.82575,142.0918,271.3407,14.03486,1.719559,1.261816,0.7353967,0.3082983,2,1,252.3872,1.377631,190.7203,0.000128152,1,1,1,Attack
 30/12/2015 9:55:42 AM,2.499119,611.9113,2,1,1,220.232,8.570751,312.2789,0,1,1,1,1,1,1,1,2.096805,0,1011.84,1,1,1,1,1,1,148.8032,149.9359,1.707494,940.7972,1,2,1,1,2,7.82575,142.0918,271.3407,14.03486,1.719559,1.266812,0.7353967,0.3082983,2,1,252.3872,1.457726,190.7203,0.000128152,1,1,1,Attack
 30/12/2015 9:55:43 AM,2.486628,612.2253,2,1,1,220.232,8.570751,312.2789,0,1,1,1,1,1,1,1,2.096805,0,1011.439,1,1,1,1,1,1,148.8032,149.9359,1.707494,940.5281,1,2,1,1,2,7.82575,142.0918,271.3407,14.03486,1.719559,1.271679,0.7353967,0.3082983,2,1,252.3872,1.457726,190.7203,0.000128152,1,1,1,Attack
 30/12/2015 9:55:44 AM,2.471255,612.5001,2,1,1,220.232,8.570751,312.2789,0,1,1,1,1,1,1,1,2.096805,0,1011.479,1,1,1,1,1,1,148.8032,149.9359,1.708775,940.4896,1,2,1,1,2,7.82575,142.0918,271.597,14.03486,1.719559,1.272064,0.7374452,0.3082983,2,1,252.3872,1.457726,190.7203,0.000128152,1,1,1,Attack
 30/12/2015 9:55:45 AM,2.458444,612.7355,2,1,1,220.232,8.570751,312.2789,0,1,1,1,1,1,1,1,2.096805,0,1011.439,1,1,1,1,1,1,148.8032,149.9359,1.70916,939.7206,1,2,1,1,2,7.82575,142.0918,271.597,14.03486,1.719559,1.272064,0.7374452,0.3082983,2,1,252.3872,1.457726,190.7203,0.000128152,1,1,1,Attack
 30/12/2015 9:55:46 AM,2.441149,613.4814,2,1,1,220.232,8.570751,312.2789,0,1,1,1,1,1,1,1,2.096805,0,1011.359,1,1,1,1,1,1,148.8032,149.9359,1.708775,939.7206,1,2,1,1,2,7.82575,142.0918,271.597,14.07331,1.719559,1.263738,0.7380853,0.3082983,2,1,252.4193,1.457726,190.7203,0.000128152,1,1,1,Attack
 30/12/2015 9:55:47 AM,2.429619,613.9524,2,1,1,220.232,8.570751,312.2789,0,1,1,1,1,1,1,1,2.096805,0,1011.319,1,1,1,1,1,1,148.8032,149.9359,1.708519,939.6821,1,2,1,1,2,7.82575,142.0918,271.597,14.15022,1.721482,1.27027,0.7380853,0.3082983,2,1,252.4994,1.457726,190.7203,0.000128152,1,1,1,Attack
 30/12/2015 9:55:48 AM,2.424174,614.7374,2,1,1,220.232,8.570751,312.2789,0,1,1,1,1,1,1,1,2.096805,0,1011.52,1,1,1,1,1,1,148.8032,149.8846,1.708519,939.4514,1,2,1,1,2,7.82575,142.0918,271.597,14.15022,1.721738,1.282823,0.7380853,0.3082983,2,1,252.4994,1.457726,190.8645,0.000128152,1,1,1,Attack
 30/12/2015 9:55:49 AM,2.423534,615.5225,2,1,1,220.232,8.570751,312.2789,0,1,1,1,1,1,1,1,2.096805,0,1011.479,1,1,1,1,1,1,148.8032,149.8846,1.712107,939.1438,1,2,1,1,2,7.82575,142.0918,271.2125,14.15022,1.721738,1.290893,0.7380853,0.3077219,2,1,252.4994,1.457726,190.8805,0.000128152,1,1,1,Attack
 30/12/2015 9:55:50 AM,2.466771,616.5431,2,1,1,220.232,8.570751,312.2789,0,1,1,1,1,1,1,1,2.096805,0,1011.72,1,1,1,1,1,1,148.8032,149.8846,1.712107,938.567,1,2,1,1,2,7.82575,142.0918,271.2125,14.15022,1.720585,1.286025,0.7380853,0.3072094,2,1,252.4994,1.457726,190.8805,0.000128152,1,1,1,Attack
 30/12/2015 9:55:51 AM,2.500721,616.7001,2,1,1,220.3922,8.570751,312.4327,0,1,1,1,1,1,1,1,2.090403,0,1011.68,1,1,1,1,1,1,148.8032,149.8846,1.710185,938.0287,1,2,1,1,2,7.82575,142.0918,271.3727,14.15022,1.720585,1.287562,0.7380853,0.3072094,2,1,252.4994,1.297536,190.8805,0.000128152,1,1,1,Attack
 30/12/2015 9:55:52 AM,2.548121,617.4066,2,1,1,220.3922,8.570751,312.4327,0,1,1,1,1,1,1,1,2.090403,0,1011.68,1,1,1,1,1,1,148.8032,149.8846,1.709672,937.5288,1,2,1,1,2,7.82575,142.0918,271.3727,14.15022,1.719303,1.283464,0.7366771,0.3072094,2,1,252.4994,1.297536,190.8805,0.000128152,1,1,1,Attack
 30/12/2015 9:55:53 AM,2.566698,617.6029,2,1,1,220.3922,8.570751,312.4327,0,1,1,1,1,1,1,1,2.090403,0,1011.319,1,1,1,1,1,1,148.8032,149.8846,1.709672,936.9905,1,2,1,1,2,7.82575,142.0918,271.3727,14.15022,1.719303,1.281798,0.7353967,0.3072094,2,1,252.3552,1.489764,190.6883,0.000128152,1,1,1,Attack
 30/12/2015 9:55:54 AM,2.605771,617.6422,2,1,1,220.3922,8.570751,312.4327,0,1,1,1,1,1,1,1,2.090403,0,1011.479,1,1,1,1,1,1,148.8032,149.8846,1.710954,937.1443,1,2,1,1,2,7.82575,142.0918,271.3727,14.15022,1.719303,1.28705,0.7348846,0.3071454,2,1,252.3552,1.489764,190.6883,0.000128152,1,1,1,Attack
 30/12/2015 9:55:55 AM,2.636198,618.545,2,1,1,220.3922,8.572674,312.4327,0,1,1,1,1,1,1,1,2.090403,0,1011.239,1,1,1,1,1,1,148.8032,149.8846,1.710954,936.6829,1,2,1,1,2,7.82575,142.0918,271.3727,13.88106,1.719303,1.276803,0.7348846,0.3083624,2,1,252.259,1.489764,190.6883,0.000128152,1,1,1,Attack
 30/12/2015 9:55:56 AM,2.661179,619.0552,2,1,1,220.3922,8.572674,312.4327,0,1,1,1,1,1,1,1,2.090403,0,1011.52,1,1,1,1,1,1,148.8032,149.8846,1.708903,936.0677,1,2,1,1,2,7.82575,142.0918,271.3727,13.88106,1.718534,1.262713,0.7348846,0.3083624,2,1,252.243,1.489764,190.6883,0.000128152,1,1,1,Attack
 30/12/2015 9:55:57 AM,2.666624,619.4478,2,1,1,220.3922,8.572674,312.4327,0,1,1,1,1,1,1,1,2.090403,0,1011.279,1,1,1,1,1,1,148.8032,149.8846,1.708903,935.6447,1,2,1,1,2,7.825109,142.0918,271.3727,13.88106,1.717637,1.261432,0.7348846,0.3083624,2,1,252.243,1.489764,190.6883,0.000128152,1,1,1,Attack
 30/12/2015 9:55:58 AM,2.647407,620.1543,2,1,1,220.3922,8.572674,312.4327,0,1,1,1,1,1,1,1,2.090403,0,1011.359,1,1,1,1,1,1,148.8032,149.8077,1.708903,935.2602,1,2,1,1,2,7.825109,142.0918,271.3727,13.88106,1.717637,1.261432,0.7378293,0.3083624,2,1,252.243,1.489764,190.6883,0.000128152,1,1,1,Attack
 30/12/2015 9:55:59 AM,2.647407,620.1543,2,1,1,220.3922,8.572674,312.4327,0,1,1,1,1,1,1,1,2.090403,0,1011.359,1,1,1,1,1,1,148.8032,149.8077,1.708903,935.2602,1,2,1,1,2,7.825109,142.0918,271.3727,13.88106,1.717637,1.261432,0.7378293,0.3083624,2,1,252.243,1.489764,190.6883,0.000128152,1,1,1,Attack
 30/12/2015 9:56:00 AM,2.623707,620.7823,2,1,1,220.3922,8.572674,312.4327,0,1,1,1,1,1,1,1,2.090403,0,1011.039,1,1,1,1,1,1,148.8032,149.7821,1.711082,934.9141,1,2,1,1,2,7.825109,142.0918,271.3727,13.88106,1.717637,1.261432,0.7385975,0.3083624,2,1,252.243,1.489764,190.6883,0.000128152,1,1,1,Attack
 30/12/2015 9:56:01 AM,2.618582,621.1749,2,1,1,220.3922,8.572674,312.4327,0,1,1,1,1,1,1,1,2.090403,0,1011.279,1,1,1,1,1,1,148.8032,149.7821,1.711082,934.7603,1,2,1,1,2,7.825109,142.0918,271.3727,13.88106,1.719303,1.261432,0.7385975,0.3083624,2,1,252.243,1.489764,190.6562,0.000128152,1,1,1,Attack
 30/12/2015 9:56:02 AM,2.608013,621.7637,2,1,1,220.3922,8.572674,312.4327,0,1,1,1,1,1,1,1,2.090403,0,1011.319,1,1,1,1,1,1,148.8032,149.7821,1.711082,934.5296,1,2,1,1,2,7.825109,142.0918,271.3727,13.88106,1.719559,1.247086,0.7385975,0.3083624,2,1,252.243,1.489764,190.6082,0.000128152,1,1,1,Attack
 30/12/2015 9:56:03 AM,2.582391,621.9207,2,1,1,220.3922,8.572674,312.4327,0,1,1,1,1,1,1,1,2.090403,0,1011.319,1,1,1,1,1,1,148.8032,149.7821,1.711082,933.9144,1,2,1,1,2,7.825109,142.0918,271.3727,14.07331,1.719559,1.243884,0.7385975,0.3083624,2,1,252.243,1.489764,190.6082,0.000128152,1,1,1,Attack
 30/12/2015 9:56:04 AM,2.567658,622.1562,2,1,1,220.3922,8.572674,312.4327,0,1,1,1,1,1,1,1,2.090403,0,1011.159,1,1,1,1,1,1,148.8032,149.7821,1.711082,933.6068,1,2,1,1,2,7.825109,142.0918,271.3727,14.07331,1.719559,1.243884,0.7385975,0.3083624,2,1,252.243,1.489764,190.6082,0.000128152,1,1,1,Attack
 30/12/2015 9:56:05 AM,2.551965,622.274,2,1,1,220.3922,8.572674,312.4327,0,1,1,1,1,1,1,1,2.090403,0,1011.319,1,1,1,1,1,1,148.8032,149.7821,1.710313,933.1838,1,2,1,1,2,7.825109,142.0918,271.3727,14.07331,1.719559,1.256693,0.7385975,0.3083624,2,1,252.243,1.489764,190.6082,0.000128152,1,1,1,Attack
 30/12/2015 9:56:06 AM,2.531467,622.9413,2,1,1,220.3922,8.572674,312.4327,0,1,1,1,1,1,1,1,2.090403,0,1010.879,1,1,1,1,1,1,148.8032,149.7821,1.708775,932.9531,1,2,1,1,2,7.825109,142.0918,271.3727,14.07331,1.719559,1.261816,0.7373172,0.3083624,2,1,252.243,1.489764,190.6082,0.000128152,1,1,1,Attack
 30/12/2015 9:56:07 AM,2.524101,623.1768,2,1,1,220.3922,8.572674,312.4327,0,1,1,1,1,1,1,1,2.090403,0,1011.52,1,1,1,1,1,1,148.8032,149.8846,1.708775,933.03,1,2,1,1,2,7.825109,142.0918,271.3727,14.07331,1.719559,1.268861,0.7373172,0.309003,2,1,252.243,1.489764,190.6082,0.000128152,1,1,1,Attack
 30/12/2015 9:56:08 AM,2.508087,623.6478,2,1,1,220.3922,8.572674,312.4327,0,1,1,1,1,1,1,1,2.090403,0,1011.439,1,1,1,1,1,1,148.8032,149.8846,1.710185,932.8377,1,2,1,1,2,7.825109,142.0918,271.3727,14.07331,1.719559,1.278084,0.7373172,0.3105403,2,1,252.243,1.377631,190.48,0.000128152,1,1,1,Attack
 30/12/2015 9:56:09 AM,2.493675,624.3544,2,1,1,220.3922,8.572674,312.4327,0,1,1,1,1,1,1,1,2.090403,0,1011.359,1,1,1,1,1,1,148.8032,149.8846,1.710698,932.4532,1,2,1,1,2,7.825109,142.0918,271.3727,14.07331,1.719559,1.27232,0.7373172,0.3105403,2,1,252.243,1.377631,190.48,0.000128152,1,1,1,Attack
 30/12/2015 9:56:10 AM,2.481824,624.4329,2,1,1,220.3922,8.572674,312.4327,0,1,1,1,1,1,1,1,2.090403,0,1011.279,1,1,1,1,1,1,148.8032,149.8846,1.710698,932.0303,1,2,1,1,2,7.825109,142.0918,271.3727,13.95796,1.718021,1.271423,0.7383414,0.3086827,2,1,252.243,1.377631,190.48,0.000128152,1,1,1,Attack
 30/12/2015 9:56:11 AM,2.468373,625.0217,2,1,1,220.3922,8.572674,312.4327,0,1,1,1,1,1,1,1,2.090403,0,1011.439,1,1,1,1,1,1,148.8032,149.8846,1.710698,931.5688,1,2,1,1,2,7.82607,142.0918,271.3727,13.95796,1.71738,1.27834,0.7383414,0.3086827,2,1,252.1789,1.377631,190.48,0.000128152,1,1,1,Attack
 30/12/2015 9:56:12 AM,2.448836,625.218,2,1,1,220.3922,8.572674,312.4327,0,1,1,1,1,1,1,1,2.090403,0,1011.159,1,1,1,1,1,1,148.8032,149.8846,1.710698,931.1074,1,2,1,1,2,7.82607,142.0918,271.3727,13.95796,1.71738,1.272192,0.7383414,0.3086186,2,1,252.1789,1.377631,190.5761,0.000128152,1,1,1,Attack
 30/12/2015 9:56:13 AM,2.432822,625.4142,2,1,1,220.3922,8.572674,312.4327,0,1,1,1,1,1,1,1,2.090403,0,1011.119,1,1,1,1,1,1,148.8032,149.8846,1.712363,930.646,1,2,1,1,2,7.82607,142.0918,271.3727,13.95796,1.717893,1.271935,0.7383414,0.3084265,2,1,252.1789,1.377631,190.7043,0.000128152,1,1,1,Attack
 30/12/2015 9:56:14 AM,2.428979,625.7282,2,1,1,220.232,8.572674,312.4327,0,1,1,1,1,1,1,1,2.090403,0,1010.839,1,1,1,1,1,1,148.8032,149.8846,1.712876,930.0692,1,2,1,1,2,7.82607,142.0918,271.3727,13.95796,1.720456,1.278084,0.7383414,0.3084265,2,1,252.1789,1.377631,190.7043,0.000128152,1,1,1,Attack
 30/12/2015 9:56:15 AM,2.428979,625.7282,2,1,1,220.1679,8.572674,312.4327,0,1,1,1,1,1,1,1,2.090403,0,1010.919,1,1,1,1,1,1,148.8032,149.8846,1.712876,929.4924,1,2,1,1,2,7.82607,142.0918,271.3727,14.03486,1.720456,1.271551,0.7383414,0.3084265,2,1,252.3391,1.377631,190.7043,0.000128152,1,1,1,Attack
 30/12/2015 9:56:16 AM,2.452999,626.003,2,1,1,220.1679,8.572674,312.4327,0,1,1,1,1,1,1,1,2.090403,0,1010.839,1,1,1,1,1,1,148.8032,149.8846,1.712876,929.1079,1,2,1,1,2,7.82607,142.0918,271.3727,14.03486,1.720456,1.271423,0.7383414,0.3084265,2,1,252.3391,1.377631,190.7043,0.000128152,1,1,1,Attack
 30/12/2015 9:56:17 AM,2.501681,626.2778,2,1,1,220.1679,8.572674,312.4327,0,1,1,1,1,1,1,1,2.090403,0,1011.039,1,1,1,1,1,1,148.8032,149.8846,1.711595,928.7234,1,2,1,1,2,7.824789,142.0405,271.3727,14.03486,1.720456,1.28103,0.7383414,0.3084265,2,1,252.3391,1.377631,190.7043,0.000128152,1,1,1,Attack
 30/12/2015 9:56:18 AM,2.544278,626.5918,2,1,1,220.1679,8.572674,312.4327,0,1,1,1,1,1,1,1,2.090403,0,1011.159,1,1,1,1,1,1,148.8032,149.8846,1.711595,927.9543,1,2,1,1,2,7.824789,141.9636,271.3727,14.03486,1.719559,1.290637,0.7383414,0.3084265,2,1,252.3391,1.377631,190.7043,0.000128152,1,1,1,Attack
 30/12/2015 9:56:19 AM,2.581751,626.9843,2,1,1,220.1679,8.572674,312.5096,0,1,1,1,1,1,1,1,2.090403,0,1011.279,1,1,1,1,1,1,148.8032,149.8846,1.711595,927.5698,1,2,1,1,2,7.824789,141.8098,271.3727,14.03486,1.719559,1.292558,0.7383414,0.3084265,2,1,252.3391,1.377631,190.7043,0.000128152,1,1,1,Attack
 30/12/2015 9:56:20 AM,2.633315,627.3768,2,1,1,220.1679,8.572674,312.5096,0,1,1,1,1,1,1,1,2.090403,0,1011.279,1,1,1,1,1,1,148.8032,149.8846,1.711595,927.3007,1,2,1,1,2,7.824789,141.8098,271.3727,14.03486,1.719559,1.284745,0.7383414,0.3084265,2,1,252.3391,1.377631,190.7844,0.000128152,1,1,1,Attack
 30/12/2015 9:56:21 AM,2.665023,627.6124,2,1,1,220.1679,8.572674,312.5096,0,1,1,1,1,1,1,1,2.090403,0,1010.758,1,1,1,1,1,1,148.8032,149.8846,1.711338,926.9162,1,2,1,1,2,7.824789,141.8098,271.3727,14.03486,1.719559,1.281798,0.7383414,0.3084265,2,1,252.3391,1.377631,190.7844,0.000128152,1,1,1,Attack
 30/12/2015 9:56:22 AM,2.681997,628.2011,2,1,1,220.1679,8.572674,312.5096,0,1,1,1,1,1,1,1,2.090403,0,1011.119,1,1,1,1,1,1,148.8032,149.6796,1.710826,926.9931,1,2,1,1,2,7.824789,141.8098,271.3727,14.03486,1.719559,1.271935,0.7383414,0.3084265,2,1,252.3391,1.377631,190.7844,0.000128152,1,1,1,Attack
 30/12/2015 9:56:23 AM,2.68488,628.3974,2,1,1,220.1679,8.572674,312.5096,0,1,1,1,1,1,1,1,2.090403,0,1010.879,1,1,1,1,1,1,148.8032,149.6796,1.710313,926.4548,1,2,1,1,2,7.824789,141.8098,271.3727,14.03486,1.719559,1.277059,0.7383414,0.3084265,2,1,252.3391,1.521802,190.6562,0.000128152,1,1,1,Attack
 30/12/2015 9:56:24 AM,2.665663,628.9862,2,1,1,220.232,8.572674,312.5096,0,1,1,1,1,1,1,1,2.090403,0,1011.239,1,1,1,1,1,1,148.8032,149.6796,1.710185,926.2625,1,2,1,1,2,7.824789,141.8098,271.3727,14.03486,1.719559,1.293198,0.7383414,0.3084265,2,1,252.3391,1.521802,190.5281,0.000128152,1,1,1,Attack
 30/12/2015 9:56:25 AM,2.637158,630.1638,2,1,1,220.3922,8.572674,312.5096,0,1,1,1,1,1,1,1,2.090403,0,1011.119,1,1,1,1,1,1,148.8032,149.6796,1.707878,925.9549,1,2,1,1,2,7.822546,141.8098,271.3727,14.03486,1.719559,1.297041,0.7383414,0.3084265,2,1,252.3391,1.377631,190.5281,0.000128152,1,1,1,Attack
 30/12/2015 9:56:26 AM,2.628511,630.7526,2,1,1,220.3922,8.572674,312.5096,0,1,1,1,1,1,1,1,2.090403,0,1011.319,1,1,1,1,1,1,148.8032,149.6796,1.707878,925.6857,1,2,1,1,2,7.822546,141.8098,271.3727,14.03486,1.719559,1.296529,0.7383414,0.3084265,2,1,252.3391,1.377631,190.5281,0.000128152,1,1,1,Attack
 30/12/2015 9:56:27 AM,2.625628,632.0087,2,1,1,220.3922,8.572674,312.5096,0,1,1,1,1,1,1,1,2.090403,0,1011.479,1,1,1,1,1,1,148.8032,149.6796,1.711595,925.8011,1,2,1,1,2,7.822546,141.8098,271.3727,14.03486,1.719559,1.290893,0.7383414,0.3084265,2,1,252.1629,1.377631,190.5281,0.000128152,1,1,1,Attack
 30/12/2015 9:56:28 AM,2.599366,632.2834,2,1,1,220.3922,8.572674,312.5096,0,1,1,1,1,1,1,1,2.090403,0,1011.68,1,1,1,1,1,1,148.8032,149.6796,1.711595,925.2628,1,2,1,1,2,7.822546,141.8098,271.5009,14.03486,1.718277,1.282567,0.7383414,0.3084265,2,1,252.1629,1.377631,190.5281,0.000128152,1,1,1,Attack
